experiment;step;policy;reward_function;sched_time;sched_time_duration;total_build_duration;prioritization_time;detected;missed;tests_ran;tests_not_ran;ttf;ttf_duration;time_reduction;napfd/apfd;cost;rewards;avg_precision;prioritization_order;ddp;nrpa;ntr
1;1;FRRMAB (C=0.3, D=1, SW=100);Time-ranked Reward;1;6.071000000000001;6.071000000000001;0.14673876762390137;0;0;17;1;-1;6.0710000000000015;-8.881784197001252e-16;1;1;0.0;1;[8, 2, 17, 15, 5, 18, 4, 6, 10, 11, 12, 3, 14, 9, 7, 16, 1, 13];-1;0.8444760550023708;-1.4629853725912125e-16
1;2;FRRMAB (C=0.3, D=1, SW=100);Time-ranked Reward;1;6.428000000000001;6.428000000000001;0.07680177688598633;0;0;17;0;-1;6.428;8.881784197001252e-16;1;1;0.0;1;[19, 1, 2, 17, 16, 15, 14, 13, 12, 11, 10, 9, 8, 7, 6, 5, 4, 3, 18];-1;0.8280112044817928;1.381733695862049e-16
1;3;FRRMAB (C=0.3, D=1, SW=100);Time-ranked Reward;1;6.991;6.991;0.03565168380737305;0;0;9;0;-1;6.991;0.0;1;1;0.0;1;[1, 11, 18, 17, 16, 15, 14, 13, 12, 10, 2, 9, 8, 7, 6, 5, 4, 3, 19];-1;0.8350877192982457;0.0
1;4;FRRMAB (C=0.3, D=1, SW=100);Time-ranked Reward;1;0.09899999999999999;0.09899999999999999;0.03663206100463867;0;0;8;1;-1;0.099;-1.3877787807814457e-17;1;1;0.0;1;[1, 11, 18, 17, 16, 15, 14, 13, 12, 10, 2, 9, 8, 7, 6, 5, 4, 3, 19];-1;0.8561403508771931;-1.4017967482640867e-16
1;5;FRRMAB (C=0.3, D=1, SW=100);Time-ranked Reward;1;5.99;5.99;0.07989263534545898;0;0;18;0;-1;5.99;0.0;1;1;0.0;1;[1, 11, 18, 17, 16, 15, 14, 13, 12, 10, 2, 9, 8, 7, 6, 5, 4, 3, 19];-1;0.8202939781887153;0.0
1;6;FRRMAB (C=0.3, D=1, SW=100);Time-ranked Reward;1;6.337;6.337;0.06215262413024902;0;0;15;0;-1;6.337;0.0;1;1;0.0;1;[1, 11, 18, 17, 16, 15, 14, 13, 12, 10, 2, 9, 8, 7, 6, 5, 4, 3, 19];-1;0.8959677419354839;0.0
1;7;FRRMAB (C=0.3, D=1, SW=100);Time-ranked Reward;1;7.51;7.51;0.08111238479614258;0;0;18;0;-1;7.51;0.0;1;1;0.0;1;[1, 11, 18, 17, 16, 15, 14, 13, 12, 10, 2, 9, 8, 7, 6, 5, 4, 3, 19];-1;0.8288288288288289;0.0
1;8;FRRMAB (C=0.3, D=1, SW=100);Time-ranked Reward;1;6.06;6.06;0.07986617088317871;0;0;17;1;-1;6.0600000000000005;-8.881784197001252e-16;1;1;0.0;1;[1, 11, 18, 17, 16, 15, 14, 13, 12, 10, 2, 9, 8, 7, 6, 5, 4, 3, 19];-1;0.8549075391180655;-1.4656409566008667e-16
1;9;FRRMAB (C=0.3, D=1, SW=100);Time-ranked Reward;1;6.034000000000001;6.034000000000001;0.07333207130432129;0;0;16;1;-1;6.034000000000002;-8.881784197001252e-16;1;1;0.0;1;[1, 11, 18, 17, 16, 15, 14, 13, 12, 10, 2, 9, 8, 7, 6, 5, 4, 3, 19];-1;0.9042016806722689;-1.4719562805769392e-16
1;10;FRRMAB (C=0.3, D=1, SW=100);Time-ranked Reward;1;6.42;6.42;0.07993507385253906;0;0;18;0;-1;6.42;0.0;1;1;0.0;1;[1, 11, 18, 17, 16, 15, 14, 13, 12, 10, 2, 9, 8, 7, 6, 5, 4, 3, 19];-1;0.8601232811759129;0.0
1;11;FRRMAB (C=0.3, D=1, SW=100);Time-ranked Reward;1;6.155;6.155;0.062010765075683594;0;0;15;0;-1;6.155;0.0;1;1;0.0;1;[1, 11, 18, 17, 16, 15, 14, 13, 12, 10, 2, 9, 8, 7, 6, 5, 4, 3, 19];-1;0.8475806451612904;0.0
1;12;FRRMAB (C=0.3, D=1, SW=100);Time-ranked Reward;1;5.974;5.974;0.07136106491088867;0;0;15;0;-1;5.974;0.0;1;1;0.0;1;[1, 11, 18, 17, 16, 15, 14, 13, 12, 10, 2, 9, 8, 7, 6, 5, 4, 3, 19];-1;0.9008064516129032;0.0
1;13;FRRMAB (C=0.3, D=1, SW=100);Time-ranked Reward;1;6.056000000000002;6.056000000000002;0.0623016357421875;0;0;15;0;-1;6.056000000000002;0.0;1;1;0.0;1;[1, 11, 18, 17, 16, 15, 14, 13, 12, 10, 2, 9, 8, 7, 6, 5, 4, 3, 19];-1;0.9024193548387096;0.0
1;14;FRRMAB (C=0.3, D=1, SW=100);Time-ranked Reward;1;7.492;7.492;0.06773638725280762;0;0;16;0;-1;7.492;0.0;1;1;0.0;1;[1, 11, 18, 17, 16, 15, 14, 13, 12, 10, 2, 9, 8, 7, 6, 5, 4, 3, 19];-1;0.8335561497326204;0.0
1;15;FRRMAB (C=0.3, D=1, SW=100);Time-ranked Reward;1;6.018999999999999;6.018999999999999;0.05714297294616699;0;0;14;0;-1;6.018999999999999;0.0;1;1;0.0;1;[1, 11, 18, 17, 16, 15, 14, 13, 12, 10, 2, 9, 8, 7, 6, 5, 4, 3, 19];-1;0.8620689655172411;0.0
1;16;FRRMAB (C=0.3, D=1, SW=100);Time-ranked Reward;1;5.78;5.78;0.03618931770324707;0;0;8;0;-1;5.779999999999999;8.881784197001252e-16;1;1;0.0;1;[20, 21, 1, 11, 18, 17, 16, 15, 14, 13, 12, 10, 2, 9, 8, 7, 6, 5, 4, 3, 19];-1;0.9068627450980392;1.5366408645330885e-16
1;17;FRRMAB (C=0.3, D=1, SW=100);Time-ranked Reward;1;6.129;6.129;0.07388973236083984;0;0;17;0;-1;6.129;0.0;1;1;0.0;1;[1, 12, 20, 19, 18, 17, 16, 15, 14, 13, 11, 2, 10, 9, 8, 7, 6, 5, 4, 3, 21];-1;0.8184873949579832;0.0
1;18;FRRMAB (C=0.3, D=1, SW=100);Time-ranked Reward;1;7.766000000000002;7.766000000000002;0.06770920753479004;0;0;16;0;-1;7.766000000000002;0.0;1;1;0.0;1;[1, 12, 20, 19, 18, 17, 16, 15, 14, 13, 11, 2, 10, 9, 8, 7, 6, 5, 4, 3, 21];-1;0.8175133689839572;0.0
1;19;FRRMAB (C=0.3, D=1, SW=100);Time-ranked Reward;1;6.335999999999999;6.335999999999999;0.08062148094177246;0;0;17;1;-1;6.336;-8.881784197001252e-16;1;1;0.0;1;[1, 12, 20, 19, 18, 17, 16, 15, 14, 13, 11, 2, 10, 9, 8, 7, 6, 5, 4, 3, 21];-1;0.8833570412517782;-1.4017967482640867e-16
1;20;FRRMAB (C=0.3, D=1, SW=100);Time-ranked Reward;1;6.891;6.891;0.05703473091125488;0;0;14;0;-1;6.891;0.0;1;1;0.0;1;[1, 12, 20, 19, 18, 17, 16, 15, 14, 13, 11, 2, 10, 9, 8, 7, 6, 5, 4, 3, 21];-1;0.8029556650246303;0.0
1;21;FRRMAB (C=0.3, D=1, SW=100);Time-ranked Reward;1;6.853000000000001;6.853000000000001;0.029520273208618164;0;0;7;0;-1;6.853;8.881784197001252e-16;1;1;0.0;1;[1, 12, 20, 19, 18, 17, 16, 15, 14, 13, 11, 2, 10, 9, 8, 7, 6, 5, 4, 3, 21];-1;0.7928571428571428;1.2960432215090108e-16
1;22;FRRMAB (C=0.3, D=1, SW=100);Time-ranked Reward;1;6.928000000000002;6.928000000000002;0.04318881034851074;0;0;11;0;-1;6.928000000000002;0.0;1;1;0.0;1;[1, 12, 20, 19, 18, 17, 16, 15, 14, 13, 11, 2, 10, 9, 8, 7, 6, 5, 4, 3, 21];-1;0.8003952569169962;0.0
1;23;FRRMAB (C=0.3, D=1, SW=100);Time-ranked Reward;1;6.142999999999999;6.142999999999999;0.07407999038696289;0;0;17;0;-1;6.142999999999999;0.0;1;1;0.0;1;[1, 12, 20, 19, 18, 17, 16, 15, 14, 13, 11, 2, 10, 9, 8, 7, 6, 5, 4, 3, 21];-1;0.86890756302521;0.0
1;24;FRRMAB (C=0.3, D=1, SW=100);Time-ranked Reward;1;6.223;6.223;0.07581353187561035;0;0;17;0;-1;6.223;0.0;1;1;0.0;1;[1, 12, 20, 19, 18, 17, 16, 15, 14, 13, 11, 2, 10, 9, 8, 7, 6, 5, 4, 3, 21];-1;0.849859943977591;0.0
1;25;FRRMAB (C=0.3, D=1, SW=100);Time-ranked Reward;1;6.191;6.191;0.02720808982849121;0;0;6;0;-1;6.191;0.0;1;1;0.0;1;[1, 12, 20, 19, 18, 17, 16, 15, 14, 13, 11, 2, 10, 9, 8, 7, 6, 5, 4, 3, 21];-1;0.8241758241758241;0.0
1;26;FRRMAB (C=0.3, D=1, SW=100);Time-ranked Reward;1;0.069;0.069;0.03538036346435547;1;0;7;0;3;0.061;0.008000000000000007;0.6428571428571428;0.19565217391304346;0.23809523809523808;123;[1, 12, 20, 19, 18, 17, 16, 15, 14, 13, 11, 2, 10, 9, 8, 7, 6, 5, 4, 3, 21];0.2857142857142857;0.8714285714285714;0.11594202898550734
1;27;FRRMAB (C=0.3, D=1, SW=100);Time-ranked Reward;1;5.798000000000001;5.798000000000001;0.029530048370361328;0;0;7;0;-1;5.798000000000001;0.0;1;1;0.0;1;[18, 21, 20, 4, 8, 9, 3, 16, 19, 17, 14, 13, 10, 7, 6, 5, 11, 15, 12, 1, 2];-1;0.9285714285714286;0.0
1;28;FRRMAB (C=0.3, D=1, SW=100);Time-ranked Reward;1;6.061999999999999;6.061999999999999;0.035901784896850586;0;0;9;0;-1;6.061999999999999;0.0;1;1;0.0;1;[18, 21, 20, 4, 9, 8, 3, 16, 19, 17, 14, 13, 10, 7, 11, 15, 12, 6, 5, 1, 2];-1;0.9017543859649123;0.0
1;29;FRRMAB (C=0.3, D=1, SW=100);Time-ranked Reward;1;5.891;5.891;0.032935380935668945;0;0;8;0;-1;5.891;0.0;1;1;0.0;1;[18, 21, 20, 4, 9, 8, 3, 16, 19, 17, 14, 13, 10, 7, 11, 12, 15, 6, 5, 1, 2];-1;0.9019607843137255;0.0
1;30;FRRMAB (C=0.3, D=1, SW=100);Time-ranked Reward;1;6.586000000000001;6.586000000000001;0.06806635856628418;0;0;16;0;-1;6.585999999999999;1.7763568394002505e-15;1;1;0.0;1;[18, 21, 20, 4, 9, 8, 3, 16, 19, 17, 14, 13, 10, 7, 11, 12, 6, 5, 15, 1, 2];-1;0.8248663101604279;2.697171028545779e-16
1;31;FRRMAB (C=0.3, D=1, SW=100);Time-ranked Reward;1;7.063;7.063;0.03232407569885254;0;0;8;0;-1;7.063;0.0;1;1;0.0;1;[18, 21, 4, 9, 20, 16, 8, 3, 19, 17, 14, 13, 10, 7, 11, 12, 6, 5, 15, 1, 2];-1;0.857843137254902;0.0
1;32;FRRMAB (C=0.3, D=1, SW=100);Time-ranked Reward;1;6.043000000000001;6.043000000000001;0.03571915626525879;0;0;9;0;-1;6.043;8.881784197001252e-16;1;1;0.0;1;[18, 21, 16, 4, 9, 8, 3, 20, 19, 17, 13, 7, 10, 11, 14, 12, 6, 5, 15, 1, 2];-1;0.8982456140350876;1.469764057091056e-16
1;33;FRRMAB (C=0.3, D=1, SW=100);Time-ranked Reward;1;5.91;5.91;0.08672428131103516;0;0;19;0;-1;5.909999999999999;8.881784197001252e-16;1;1;0.0;1;[18, 21, 16, 4, 9, 8, 3, 20, 19, 17, 13, 7, 10, 11, 14, 12, 6, 5, 15, 1, 2];-1;0.8635627530364371;1.5028399656516501e-16
1;34;FRRMAB (C=0.3, D=1, SW=100);Time-ranked Reward;1;6.371999999999999;6.371999999999999;0.08662962913513184;0;0;18;1;-1;6.372;-8.881784197001252e-16;1;1;0.0;1;[18, 21, 16, 4, 9, 8, 3, 20, 19, 17, 13, 7, 10, 11, 14, 12, 6, 5, 15, 1, 2];-1;0.8331983805668015;-1.3938769926241767e-16
1;35;FRRMAB (C=0.3, D=1, SW=100);Time-ranked Reward;1;7.004999999999998;7.004999999999998;0.08631777763366699;0;0;19;0;-1;7.004999999999998;0.0;1;1;0.0;1;[18, 21, 16, 4, 9, 8, 3, 20, 19, 17, 13, 7, 10, 11, 14, 12, 6, 5, 15, 1, 2];-1;0.9109311740890685;0.0
1;36;FRRMAB (C=0.3, D=1, SW=100);Time-ranked Reward;1;7.302000000000001;7.302000000000001;0.08663272857666016;0;0;19;0;-1;7.3020000000000005;8.881784197001252e-16;1;1;0.0;1;[18, 21, 16, 4, 9, 8, 3, 20, 19, 17, 13, 7, 10, 11, 14, 12, 6, 5, 15, 1, 2];-1;0.848582995951417;1.216349520268591e-16
1;37;FRRMAB (C=0.3, D=1, SW=100);Time-ranked Reward;1;5.8500000000000005;5.8500000000000005;0.05715537071228027;0;0;14;0;-1;5.8500000000000005;0.0;1;1;0.0;1;[18, 21, 16, 4, 9, 8, 3, 20, 19, 17, 13, 7, 10, 11, 14, 12, 6, 5, 15, 1, 2];-1;0.8729064039408868;0.0
1;38;FRRMAB (C=0.3, D=1, SW=100);Time-ranked Reward;1;5.995;5.995;0.04320526123046875;0;0;11;0;-1;5.995;0.0;1;1;0.0;1;[18, 21, 16, 4, 9, 8, 3, 20, 19, 17, 13, 7, 10, 11, 14, 12, 6, 5, 15, 1, 2];-1;0.873517786561265;0.0
1;39;FRRMAB (C=0.3, D=1, SW=100);Time-ranked Reward;1;6.698;6.698;0.09558963775634766;0;0;20;0;-1;6.698;0.0;1;1;0.0;1;[18, 21, 16, 4, 9, 8, 3, 20, 17, 19, 14, 11, 13, 10, 7, 12, 6, 5, 15, 1, 2, 22];-1;0.8871080139372822;0.0
1;40;FRRMAB (C=0.3, D=1, SW=100);Time-ranked Reward;1;5.971;5.971;0.03981447219848633;0;0;10;0;-1;5.970999999999999;8.881784197001252e-16;1;1;0.0;1;[22, 18, 21, 16, 9, 4, 8, 3, 20, 19, 17, 14, 13, 11, 10, 7, 12, 6, 5, 15, 1, 2];-1;0.8519480519480519;1.4874868861164382e-16
1;41;FRRMAB (C=0.3, D=1, SW=100);Time-ranked Reward;1;0.065;0.065;0.02972865104675293;0;0;7;0;-1;0.065;0.0;1;1;0.0;1;[22, 18, 21, 16, 9, 4, 8, 3, 20, 19, 17, 14, 13, 11, 10, 7, 12, 6, 5, 15, 1, 2];-1;0.9571428571428573;0.0
1;42;FRRMAB (C=0.3, D=1, SW=100);Time-ranked Reward;1;5.872;5.872;0.035562753677368164;0;0;9;0;-1;5.872;0.0;1;1;0.0;1;[22, 18, 21, 16, 9, 4, 3, 8, 20, 19, 17, 14, 13, 11, 10, 7, 12, 15, 6, 5, 1, 2];-1;0.8596491228070176;0.0
1;43;FRRMAB (C=0.3, D=1, SW=100);Time-ranked Reward;1;7.582999999999999;7.582999999999999;0.02975916862487793;0;0;7;0;-1;7.582999999999999;0.0;1;1;0.0;1;[22, 18, 21, 16, 9, 4, 3, 8, 20, 19, 17, 14, 13, 11, 10, 7, 12, 15, 6, 5, 1, 2];-1;0.8714285714285714;0.0
1;44;FRRMAB (C=0.3, D=1, SW=100);Time-ranked Reward;1;9.967;9.967;0.03759598731994629;0;0;8;1;-1;9.967000000000002;-1.7763568394002505e-15;1;1;0.0;1;[18, 22, 21, 16, 9, 4, 3, 8, 20, 19, 17, 14, 13, 11, 10, 7, 12, 15, 6, 5, 1, 2, 23];-1;0.8421052631578947;-1.7822382255445474e-16
1;45;FRRMAB (C=0.3, D=1, SW=100);Time-ranked Reward;1;8.691;8.691;0.02970743179321289;0;0;7;0;-1;8.691;0.0;1;1;0.0;1;[23, 22, 18, 21, 16, 9, 4, 3, 8, 20, 19, 17, 14, 13, 11, 10, 7, 12, 15, 6, 5, 1, 2];-1;0.7714285714285715;0.0
1;46;FRRMAB (C=0.3, D=1, SW=100);Time-ranked Reward;1;15.448999999999996;15.448999999999996;0.10506820678710938;0;1;16;1;0;15.448999999999998;-1.7763568394002505e-15;0.0;0.0;0.0;123;[22, 18, 23, 21, 16, 9, 4, 3, 8, 20, 19, 17, 14, 13, 11, 10, 7, 12, 6, 5, 15, 1, 2, 24];0.9411764705882353;0.7988795518207283;-1.149819949123083e-16
1;47;FRRMAB (C=0.3, D=1, SW=100);Time-ranked Reward;1;14.799;14.799;0.0983576774597168;1;0;16;1;1;6.445;8.354;0.9705882352941176;0.7822488005946348;0.6666666666666666;123;[24, 18, 22, 23, 21, 16, 9, 4, 3, 8, 20, 19, 17, 13, 14, 11, 10, 7, 12, 15, 6, 5, 1, 2];0.0;0.8974789915966387;0.5644976011892695
1;48;FRRMAB (C=0.3, D=1, SW=100);Time-ranked Reward;1;6.132;6.132;0.03253746032714844;0;0;8;0;-1;6.132;0.0;1;1;0.0;1;[18, 24, 22, 23, 16, 21, 20, 9, 3, 4, 8, 10, 11, 13, 14, 12, 6, 5, 17, 19, 1, 2, 7, 15];-1;0.8676470588235294;0.0
1;49;FRRMAB (C=0.3, D=1, SW=100);Time-ranked Reward;1;14.963;14.963;0.13677573204040527;1;0;21;0;1;6.348;8.614999999999998;0.9761904761904762;0.7878767626812805;0.875;123;[18, 24, 23, 22, 16, 21, 20, 9, 3, 4, 8, 10, 11, 13, 14, 12, 17, 19, 6, 5, 1, 2, 7, 15];0.0;0.9066747206282092;0.5757535253625609
1;50;FRRMAB (C=0.3, D=1, SW=100);Time-ranked Reward;1;6.3549999999999995;6.3549999999999995;0.03248310089111328;0;0;8;0;-1;6.3549999999999995;0.0;1;1;0.0;1;[18, 24, 23, 22, 16, 21, 20, 19, 17, 11, 10, 13, 14, 12, 9, 4, 8, 3, 6, 5, 7, 1, 15, 2];-1;0.9117647058823529;0.0
1;51;FRRMAB (C=0.3, D=1, SW=100);Time-ranked Reward;1;8.841999999999999;8.841999999999999;0.05207705497741699;0;0;13;0;-1;8.841999999999999;0.0;1;1;0.0;1;[18, 24, 23, 22, 16, 21, 20, 19, 17, 11, 10, 13, 14, 12, 9, 8, 4, 3, 6, 5, 7, 1, 15, 2];-1;0.8632478632478632;0.0
1;52;FRRMAB (C=0.3, D=1, SW=100);Time-ranked Reward;1;15.148;15.148;0.1594867706298828;1;0;23;0;1;6.7029999999999985;8.445;0.9782608695652174;0.7787496699234222;0.9583333333333334;123;[18, 24, 23, 22, 16, 21, 20, 19, 17, 11, 10, 13, 14, 12, 9, 8, 4, 3, 6, 5, 7, 1, 15, 2];0.0;0.9428769657724329;0.5574993398468445
1;53;FRRMAB (C=0.3, D=1, SW=100);Time-ranked Reward;1;15.37;15.37;0.14803004264831543;1;0;22;0;1;6.526;8.844;0.9772727272727273;0.7877033181522446;0.9166666666666666;123;[18, 24, 23, 22, 16, 21, 20, 19, 17, 11, 10, 13, 14, 12, 7, 9, 6, 5, 8, 4, 3, 1, 15, 2];0.0;0.9167325428194993;0.5754066363044893
1;54;FRRMAB (C=0.3, D=1, SW=100);Time-ranked Reward;1;15.402000000000001;15.402000000000001;0.1487259864807129;1;0;22;0;1;6.402;9.0;0.9772727272727273;0.792169848071679;0.9166666666666666;123;[18, 24, 23, 22, 16, 21, 20, 19, 17, 11, 10, 13, 14, 12, 7, 6, 5, 9, 8, 15, 4, 3, 1, 2];0.0;0.9019762845849804;0.584339696143358
1;55;FRRMAB (C=0.3, D=1, SW=100);Time-ranked Reward;1;15.206;15.206;0.148115873336792;1;0;21;1;1;6.323;8.883;0.9772727272727273;0.7920886492174142;0.875;123;[18, 24, 23, 22, 16, 21, 20, 19, 17, 11, 10, 13, 14, 12, 7, 6, 5, 15, 9, 8, 1, 4, 3, 2];0.0;0.9048748353096179;0.5841772984348284
1;56;FRRMAB (C=0.3, D=1, SW=100);Time-ranked Reward;1;0.069;0.069;0.1373608112335205;1;0;21;0;1;0.0;0.069;0.9761904761904762;1.0;0.875;123;[18, 24, 16, 23, 22, 21, 20, 19, 17, 11, 14, 13, 10, 12, 7, 6, 5, 15, 9, 1, 8, 4, 3, 2];0.0;0.9398973119903354;1.0
1;57;FRRMAB (C=0.3, D=1, SW=100);Time-ranked Reward;1;0.12;0.12;0.10787582397460938;1;0;18;0;1;0.0;0.12;0.9722222222222222;1.0;0.75;123;[18, 24, 16, 23, 22, 21, 20, 17, 19, 11, 14, 13, 10, 12, 7, 6, 5, 15, 9, 1, 8, 4, 3, 2];0.0;0.8890469416785207;1.0
1;58;FRRMAB (C=0.3, D=1, SW=100);Time-ranked Reward;1;16.274;16.274;0.09793996810913086;1;0;17;0;1;6.549;9.725000000000001;0.9705882352941176;0.7987894801523904;0.7083333333333334;123;[18, 24, 16, 23, 22, 21, 20, 19, 17, 11, 14, 13, 10, 12, 7, 6, 5, 15, 1, 9, 8, 4, 3, 2];0.0;0.9142857142857143;0.5975789603047806
1;59;FRRMAB (C=0.3, D=1, SW=100);Time-ranked Reward;1;9.872000000000002;9.872000000000002;0.04798007011413574;0;0;12;0;-1;9.872000000000002;0.0;1;1;0.0;1;[18, 24, 16, 23, 22, 21, 20, 19, 17, 11, 14, 13, 10, 12, 7, 6, 5, 15, 1, 9, 8, 4, 3, 2];-1;0.8584615384615384;0.0
1;60;FRRMAB (C=0.3, D=1, SW=100);Time-ranked Reward;1;14.892;14.892;0.08946943283081055;1;0;16;0;1;6.369;8.523;0.96875;0.78616035455278;0.6666666666666666;123;[18, 24, 16, 23, 22, 21, 20, 19, 17, 11, 14, 13, 10, 12, 7, 6, 5, 1, 9, 15, 8, 4, 3, 2];0.0;0.8877005347593584;0.57232070910556
1;61;FRRMAB (C=0.3, D=1, SW=100);Time-ranked Reward;1;0.073;0.073;0.027360200881958008;0;0;5;1;-1;0.07300000000000001;-1.3877787807814457e-17;1;1;0.0;1;[18, 16, 24, 23, 22, 21, 20, 19, 17, 11, 14, 13, 10, 12, 7, 6, 5, 1, 9, 8, 15, 4, 3, 2];-1;0.934065934065934;-1.901066822988282e-16
1;62;FRRMAB (C=0.3, D=1, SW=100);Time-ranked Reward;1;9.214000000000002;9.214000000000002;0.04894208908081055;0;0;12;0;-1;9.214;1.7763568394002505e-15;1;1;0.0;1;[18, 16, 24, 23, 22, 21, 20, 17, 19, 11, 14, 13, 10, 12, 7, 6, 5, 9, 1, 8, 15, 4, 3, 2];-1;0.8415384615384615;1.927888907532288e-16
1;63;FRRMAB (C=0.3, D=1, SW=100);Time-ranked Reward;1;9.718999999999998;9.718999999999998;0.04359579086303711;0;0;11;0;-1;9.718999999999998;0.0;1;1;0.0;1;[18, 16, 24, 23, 22, 21, 20, 17, 19, 11, 14, 13, 10, 12, 7, 6, 5, 9, 1, 8, 4, 15, 3, 2];-1;0.8300395256916996;0.0
1;64;FRRMAB (C=0.3, D=1, SW=100);Time-ranked Reward;1;15.328;15.328;0.08112120628356934;1;0;15;0;1;6.699;8.629;0.9666666666666667;0.7814783402922755;0.625;123;[18, 16, 24, 22, 23, 21, 20, 17, 19, 11, 14, 13, 10, 12, 7, 6, 5, 9, 1, 8, 4, 15, 3, 2];0.0;0.8822580645161292;0.5629566805845512
1;65;FRRMAB (C=0.3, D=1, SW=100);Time-ranked Reward;1;15.260999999999997;15.260999999999997;0.16110587120056152;1;0;23;0;2;6.476;8.784999999999997;0.9347826086956522;0.7878251752834021;0.9166666666666666;123;[18, 16, 24, 22, 23, 21, 20, 17, 19, 14, 11, 13, 10, 12, 7, 6, 9, 1, 8, 5, 4, 15, 3, 2];0.043478260869565216;0.9225254394079555;0.5756503505668041
1;66;FRRMAB (C=0.3, D=1, SW=100);Time-ranked Reward;1;17.091;17.091;0.09811711311340332;1;0;17;0;1;6.506;10.585;0.9705882352941176;0.8096659060324147;0.7083333333333334;123;[18, 16, 24, 22, 23, 21, 20, 17, 19, 14, 11, 13, 10, 12, 7, 6, 9, 5, 1, 8, 4, 15, 3, 2];0.0;0.8666666666666667;0.6193318120648295
1;67;FRRMAB (C=0.3, D=1, SW=100);Time-ranked Reward;1;15.782;15.782;0.14892220497131348;1;0;22;0;1;6.817;8.965;0.9772727272727273;0.7840261056900266;0.9166666666666666;123;[18, 16, 24, 22, 23, 21, 20, 17, 19, 14, 11, 13, 10, 12, 7, 6, 5, 9, 1, 8, 4, 15, 3, 2];0.0;0.8787878787878789;0.5680522113800532
1;68;FRRMAB (C=0.3, D=1, SW=100);Time-ranked Reward;1;16.567;16.567;0.14882898330688477;1;0;22;0;1;6.791;9.776;0.9772727272727273;0.7950443653045209;0.9166666666666666;123;[18, 16, 24, 22, 23, 21, 20, 17, 19, 14, 11, 13, 10, 12, 7, 6, 5, 9, 1, 8, 4, 15, 3, 2];0.0;0.8753623188405799;0.5900887306090421
1;69;FRRMAB (C=0.3, D=1, SW=100);Time-ranked Reward;1;15.454;15.454;0.14853358268737793;1;0;22;0;1;6.6720000000000015;8.782;0.9772727272727273;0.784133557654976;0.9166666666666666;123;[18, 16, 24, 22, 23, 21, 20, 17, 19, 14, 11, 13, 10, 12, 7, 6, 5, 1, 9, 8, 15, 4, 3, 2];0.0;0.8764163372859026;0.5682671153099521
1;70;FRRMAB (C=0.3, D=1, SW=100);Time-ranked Reward;1;18.391;18.391;0.11792230606079102;1;0;19;0;2;7.949999999999999;10.440999999999999;0.9210526315789473;0.7833179272470229;0.75;123;[18, 16, 24, 22, 23, 21, 20, 17, 19, 14, 11, 13, 10, 12, 7, 6, 5, 1, 9, 15, 8, 4, 3, 2];0.05263157894736842;0.8133603238866396;0.5677233429394812
1;71;FRRMAB (C=0.3, D=1, SW=100);Time-ranked Reward;1;15.43;15.43;0.25073838233947754;1;0;26;0;14;6.125000000000001;9.305;0.4807692307692308;0.8014257939079715;0.26;123;[18, 16, 24, 22, 23, 21, 20, 17, 19, 13, 14, 11, 10, 12, 7, 6, 5, 1, 9, 15, 8, 4, 3, 2, 38, 49, 48, 47, 46, 45, 44, 43, 42, 41, 40, 39, 26, 37, 36, 35, 34, 33, 32, 31, 30, 29, 28, 27, 25, 50];0.5;0.890501532010966;0.603046014257939
1;72;FRRMAB (C=0.3, D=1, SW=100);Time-ranked Reward;1;16.175;16.175;0.11774015426635742;1;0;19;0;4;10.555;5.620000000000001;0.8157894736842105;0.5601545595054097;0.32;123;[31, 34, 35, 37, 36, 32, 50, 30, 28, 27, 25, 29, 33, 48, 44, 47, 46, 45, 41, 43, 42, 40, 39, 38, 18, 49, 26, 16, 24, 22, 23, 21, 20, 17, 19, 14, 13, 11, 10, 12, 7, 6, 5, 1, 15, 9, 8, 4, 3, 2];0.15789473684210525;0.8202429149797568;0.3474497681607419
1;73;FRRMAB (C=0.3, D=1, SW=100);Time-ranked Reward;1;9.38;9.38;0.03621721267700195;0;0;9;0;-1;9.38;0.0;1;1;0.0;1;[50, 49, 48, 47, 46, 18, 41, 40, 28, 25, 27, 37, 30, 32, 36, 29, 33, 42, 39, 45, 43, 44, 38, 26, 35, 34, 31, 16, 24, 22, 23, 21, 20, 17, 19, 13, 14, 11, 10, 12, 7, 6, 5, 15, 1, 9, 8, 4, 3, 2];-1;0.8666666666666666;0.0
1;74;FRRMAB (C=0.3, D=1, SW=100);Time-ranked Reward;1;18.878000000000004;18.878000000000004;0.08163690567016602;1;0;15;0;2;7.086;11.792000000000003;0.9;0.8123212204682699;0.28;123;[50, 49, 48, 46, 18, 41, 40, 36, 37, 27, 28, 25, 43, 38, 42, 39, 26, 35, 47, 30, 32, 29, 33, 45, 31, 34, 44, 16, 24, 22, 23, 21, 20, 17, 19, 11, 14, 13, 10, 12, 7, 6, 5, 15, 1, 9, 8, 4, 3, 2];0.06666666666666667;0.9645161290322581;0.62464244093654
1;75;FRRMAB (C=0.3, D=1, SW=100);Time-ranked Reward;1;18.438000000000002;18.438000000000002;0.11805009841918945;1;0;19;0;4;6.731000000000001;11.707;0.8157894736842105;0.8172252955852044;0.32;123;[50, 49, 48, 46, 41, 40, 18, 42, 43, 47, 28, 37, 25, 27, 26, 36, 39, 35, 38, 45, 44, 30, 32, 33, 29, 34, 31, 16, 24, 22, 23, 21, 20, 17, 19, 13, 14, 11, 10, 12, 7, 6, 5, 15, 1, 9, 8, 4, 3, 2];0.15789473684210525;0.8821862348178137;0.6349387135264128
1;76;FRRMAB (C=0.3, D=1, SW=100);Time-ranked Reward;1;9.349;9.349;0.04408550262451172;0;0;11;0;-1;9.349;0.0;1;1;0.0;1;[50, 49, 48, 46, 41, 40, 18, 47, 43, 42, 37, 25, 27, 28, 26, 36, 39, 35, 38, 45, 44, 33, 32, 30, 29, 31, 34, 16, 24, 22, 23, 21, 20, 17, 19, 13, 14, 11, 10, 12, 7, 6, 5, 15, 1, 9, 8, 4, 3, 2];-1;0.8893280632411067;0.0
1;77;FRRMAB (C=0.3, D=1, SW=100);Time-ranked Reward;1;19.081000000000003;19.081000000000003;0.11798620223999023;1;0;19;0;4;7.218;11.863000000000003;0.8157894736842105;0.8106493370368429;0.32;123;[50, 49, 48, 46, 18, 47, 41, 40, 42, 43, 25, 37, 38, 28, 26, 36, 39, 35, 27, 45, 44, 33, 32, 30, 29, 31, 34, 16, 24, 22, 23, 21, 20, 17, 19, 13, 14, 11, 10, 12, 7, 6, 5, 15, 1, 9, 8, 4, 3, 2];0.15789473684210525;0.8870445344129553;0.6217179393113569
1;78;FRRMAB (C=0.3, D=1, SW=100);Time-ranked Reward;1;17.777;17.777;0.1181802749633789;1;0;19;0;3;6.426;11.351;0.8684210526315789;0.8190920852787309;0.34;123;[50, 49, 48, 46, 18, 47, 41, 40, 42, 43, 37, 39, 38, 25, 28, 26, 35, 36, 27, 45, 44, 29, 33, 32, 30, 34, 31, 16, 24, 22, 23, 21, 20, 17, 19, 14, 13, 11, 10, 12, 7, 6, 15, 5, 1, 9, 8, 4, 3, 2];0.10526315789473684;0.8967611336032386;0.6385216853237329
1;79;FRRMAB (C=0.3, D=1, SW=100);Time-ranked Reward;1;18.556;18.556;0.11860370635986328;1;0;19;0;5;6.742;11.814;0.7631578947368421;0.8179295106704031;0.3;123;[50, 49, 48, 46, 18, 47, 41, 40, 42, 43, 37, 39, 38, 25, 28, 26, 35, 36, 27, 45, 44, 29, 33, 32, 30, 34, 31, 16, 24, 22, 23, 21, 20, 17, 19, 14, 13, 11, 10, 12, 7, 6, 15, 5, 1, 9, 8, 4, 3, 2];0.21052631578947367;0.8959514170040483;0.6366673852123302
1;80;FRRMAB (C=0.3, D=1, SW=100);Time-ranked Reward;1;18.394;18.394;0.11899518966674805;1;0;19;0;5;6.949;11.444999999999999;0.7631578947368421;0.8105904099162772;0.3;123;[50, 49, 48, 18, 47, 46, 41, 40, 43, 42, 37, 39, 38, 25, 28, 26, 35, 36, 44, 45, 27, 29, 33, 32, 30, 34, 31, 16, 24, 22, 23, 21, 20, 17, 19, 14, 13, 11, 10, 12, 7, 6, 15, 5, 1, 9, 8, 4, 3, 2];0.21052631578947367;0.8465587044534411;0.622213765358269
1;81;FRRMAB (C=0.3, D=1, SW=100);Time-ranked Reward;1;1.988;1.988;0.02736687660217285;0;0;6;0;-1;1.988;0.0;1;1;0.0;1;[50, 49, 48, 18, 47, 46, 41, 40, 43, 45, 44, 42, 37, 25, 28, 26, 35, 36, 39, 38, 27, 29, 33, 32, 30, 34, 31, 16, 24, 22, 23, 21, 20, 17, 19, 14, 13, 11, 10, 12, 7, 15, 6, 5, 1, 9, 8, 4, 3, 2];-1;0.8131868131868132;0.0
1;82;FRRMAB (C=0.3, D=1, SW=100);Time-ranked Reward;1;8.67;8.67;0.05217385292053223;0;0;12;1;-1;8.670000000000002;-1.7763568394002505e-15;1;1;0.0;1;[50, 49, 48, 18, 47, 46, 43, 41, 40, 45, 44, 42, 37, 25, 28, 26, 36, 39, 38, 27, 35, 32, 29, 33, 34, 16, 30, 31, 24, 22, 23, 21, 20, 17, 19, 13, 14, 11, 10, 12, 7, 15, 6, 5, 1, 9, 8, 4, 3, 2];-1;0.9316239316239318;-2.0488544860441182e-16
1;83;FRRMAB (C=0.3, D=1, SW=100);Time-ranked Reward;1;18.13;18.13;0.1078498363494873;1;0;17;1;4;6.895000000000001;11.234999999999998;0.8055555555555556;0.8094870380584666;0.28;123;[50, 49, 48, 18, 47, 46, 43, 41, 40, 42, 37, 26, 38, 36, 25, 28, 44, 45, 35, 39, 27, 16, 32, 29, 33, 34, 30, 31, 24, 22, 23, 21, 20, 17, 19, 13, 14, 11, 10, 12, 7, 15, 6, 5, 1, 9, 8, 4, 3, 2];0.16666666666666666;0.8757705073494548;0.6196911196911196
1;84;FRRMAB (C=0.3, D=1, SW=100);Time-ranked Reward;1;16.785;16.785;0.1187741756439209;1;0;19;0;5;6.438;10.347000000000001;0.7631578947368421;0.807864164432529;0.3;123;[50, 49, 48, 18, 47, 46, 43, 41, 40, 44, 45, 42, 37, 25, 28, 26, 36, 38, 35, 39, 27, 16, 32, 29, 33, 34, 31, 30, 24, 22, 23, 21, 20, 17, 19, 14, 13, 11, 10, 12, 7, 15, 6, 5, 1, 9, 8, 4, 3, 2];0.21052631578947367;0.8651821862348177;0.616443252904379
1;85;FRRMAB (C=0.3, D=1, SW=100);Time-ranked Reward;1;18.233;18.233;0.1089169979095459;1;0;18;0;4;6.721999999999999;11.511000000000003;0.8055555555555556;0.815581637689903;0.3;123;[50, 49, 18, 48, 47, 46, 43, 44, 45, 41, 40, 42, 37, 25, 28, 26, 36, 38, 16, 35, 39, 27, 33, 32, 29, 34, 31, 30, 24, 22, 23, 21, 20, 17, 19, 13, 11, 14, 10, 12, 7, 15, 6, 5, 1, 9, 8, 4, 3, 2];0.16666666666666666;0.8506401137980086;0.6313278122086329
1;86;FRRMAB (C=0.3, D=1, SW=100);Time-ranked Reward;1;7.959999999999999;7.959999999999999;0.03319668769836426;0;0;7;1;-1;7.96;-8.881784197001252e-16;1;1;0.0;1;[50, 49, 48, 18, 47, 46, 43, 44, 45, 41, 40, 37, 28, 25, 26, 38, 36, 16, 42, 35, 39, 27, 32, 33, 29, 34, 31, 30, 24, 22, 23, 21, 20, 17, 19, 13, 14, 11, 10, 12, 7, 15, 6, 5, 1, 9, 8, 4, 3, 2];-1;0.8186274509803921;-1.1158020347991524e-16
1;87;FRRMAB (C=0.3, D=1, SW=100);Time-ranked Reward;1;17.663;17.663;0.08156371116638184;1;0;15;0;1;6.65;11.013;0.9666666666666667;0.8117533827775576;0.3;123;[50, 49, 48, 18, 47, 46, 43, 45, 44, 37, 26, 25, 28, 36, 38, 42, 16, 40, 41, 39, 35, 27, 29, 34, 33, 32, 31, 30, 24, 22, 23, 21, 20, 17, 19, 11, 13, 14, 10, 12, 7, 15, 6, 5, 1, 9, 8, 4, 3, 2];0.0;0.8387096774193548;0.6235067655551152
1;88;FRRMAB (C=0.3, D=1, SW=100);Time-ranked Reward;1;16.861000000000004;16.861000000000004;0.10994315147399902;1;0;18;0;3;6.377000000000001;10.484000000000004;0.8611111111111112;0.8108653104798054;0.3137254901960784;123;[50, 48, 49, 18, 47, 46, 43, 44, 45, 16, 42, 40, 41, 37, 25, 28, 26, 36, 38, 39, 35, 27, 29, 34, 32, 33, 24, 31, 30, 22, 23, 21, 20, 17, 19, 11, 13, 14, 10, 12, 7, 15, 6, 5, 1, 9, 8, 4, 3, 2, 51];0.1111111111111111;0.9127548601232813;0.6217899294229287
1;89;FRRMAB (C=0.3, D=1, SW=100);Time-ranked Reward;1;19.256999999999998;19.256999999999998;0.09958291053771973;1;0;16;1;3;7.08;12.176999999999998;0.8529411764705882;0.8161447785220959;0.27450980392156865;123;[51, 50, 18, 49, 48, 47, 46, 43, 45, 44, 42, 16, 41, 40, 37, 25, 28, 26, 36, 38, 39, 35, 29, 27, 34, 33, 32, 24, 30, 31, 22, 23, 21, 20, 17, 19, 11, 13, 14, 10, 12, 7, 15, 6, 5, 1, 9, 8, 4, 3, 2];0.11764705882352941;0.9098039215686273;0.6323414862128057
1;90;FRRMAB (C=0.3, D=1, SW=100);Time-ranked Reward;1;17.428;17.428;0.09849762916564941;1;0;17;0;1;6.4670000000000005;10.961;0.9705882352941176;0.8144652283681433;0.3333333333333333;123;[51, 50, 18, 49, 48, 47, 46, 43, 44, 45, 42, 16, 37, 41, 40, 28, 25, 26, 38, 36, 39, 35, 27, 29, 34, 24, 32, 33, 31, 30, 22, 23, 21, 20, 17, 19, 13, 14, 11, 10, 12, 7, 15, 6, 5, 1, 9, 8, 4, 3, 2];0.0;0.9344537815126048;0.6289304567362864
1;91;FRRMAB (C=0.3, D=1, SW=100);Time-ranked Reward;1;18.815;18.815;0.07521390914916992;1;0;14;0;4;8.167;10.648000000000001;0.75;0.7827265479670475;0.21568627450980393;123;[51, 50, 18, 49, 48, 47, 46, 43, 45, 44, 42, 16, 37, 28, 25, 26, 38, 36, 40, 41, 39, 35, 24, 27, 29, 34, 32, 33, 31, 30, 22, 23, 21, 20, 17, 19, 13, 14, 11, 10, 7, 12, 15, 6, 5, 1, 9, 8, 4, 3, 2];0.21428571428571427;0.9083743842364531;0.5659314376827
1;92;FRRMAB (C=0.3, D=1, SW=100);Time-ranked Reward;1;19.900000000000002;19.900000000000002;0.16532087326049805;1;0;23;0;12;6.938;12.962000000000003;0.5;0.82535175879397;0.23529411764705882;123;[50, 48, 18, 49, 51, 47, 46, 43, 44, 45, 16, 42, 25, 26, 38, 36, 41, 37, 28, 40, 39, 35, 24, 29, 27, 34, 33, 32, 31, 30, 22, 23, 21, 20, 17, 19, 11, 14, 13, 10, 7, 12, 15, 6, 5, 1, 9, 8, 4, 3, 2];0.4782608695652174;0.8947733580018501;0.6513567839195981
1;93;FRRMAB (C=0.3, D=1, SW=100);Time-ranked Reward;1;0.24000000000000002;0.24000000000000002;0.027419567108154297;0;0;5;1;-1;0.24000000000000005;-2.7755575615628914e-17;1;1;0.0;1;[50, 48, 18, 49, 51, 47, 46, 43, 45, 44, 16, 42, 26, 25, 36, 38, 41, 37, 28, 40, 24, 39, 35, 27, 29, 34, 32, 33, 31, 30, 22, 23, 21, 20, 17, 19, 14, 11, 13, 10, 7, 12, 15, 6, 5, 1, 9, 8, 4, 3, 2];-1;0.8901098901098901;-1.1564823173178712e-16
1;94;FRRMAB (C=0.3, D=1, SW=100);Time-ranked Reward;1;10.449;10.449;0.03966093063354492;0;0;10;0;-1;10.449;0.0;1;1;0.0;1;[50, 48, 18, 49, 51, 47, 46, 43, 44, 45, 16, 42, 26, 36, 25, 38, 41, 37, 28, 40, 24, 35, 39, 34, 32, 27, 33, 29, 22, 31, 30, 23, 21, 20, 17, 19, 13, 14, 11, 10, 7, 12, 15, 6, 5, 1, 9, 8, 4, 3, 2];-1;0.8155844155844156;0.0
1;95;FRRMAB (C=0.3, D=1, SW=100);Time-ranked Reward;1;19.133000000000003;19.133000000000003;0.11919593811035156;1;0;19;0;7;6.327;12.806000000000003;0.6578947368421052;0.8341347410233629;0.2549019607843137;123;[50, 18, 49, 48, 51, 47, 46, 44, 43, 45, 16, 42, 26, 36, 25, 41, 37, 28, 38, 40, 24, 35, 39, 27, 34, 33, 32, 29, 22, 23, 31, 30, 21, 20, 17, 19, 11, 13, 14, 10, 7, 12, 15, 6, 5, 1, 9, 8, 4, 3, 2];0.3157894736842105;0.8898785425101212;0.6693147964250249
1;96;FRRMAB (C=0.3, D=1, SW=100);Time-ranked Reward;1;19.977999999999998;19.977999999999998;0.05527472496032715;1;0;11;0;4;7.006999999999999;12.971;0.6818181818181818;0.8235308839723695;0.1568627450980392;123;[50, 18, 49, 48, 47, 51, 46, 44, 43, 45, 16, 42, 25, 26, 36, 37, 24, 28, 41, 38, 40, 35, 39, 27, 34, 32, 33, 29, 22, 23, 31, 30, 21, 20, 17, 19, 14, 13, 11, 10, 7, 12, 15, 6, 5, 1, 9, 8, 4, 3, 2];0.2727272727272727;0.8458498023715415;0.6492641906096707
1;97;FRRMAB (C=0.3, D=1, SW=100);Time-ranked Reward;1;19.372999999999998;19.372999999999998;0.17633318901062012;1;0;23;1;14;6.6160000000000005;12.756999999999998;0.43749999999999994;0.8291694626542094;0.19607843137254902;123;[50, 18, 49, 48, 47, 51, 46, 44, 43, 16, 45, 42, 25, 26, 36, 24, 28, 41, 38, 37, 40, 35, 39, 27, 32, 34, 22, 29, 33, 23, 31, 21, 30, 20, 17, 19, 14, 11, 13, 10, 7, 12, 15, 6, 5, 1, 9, 8, 4, 3, 2];0.5416666666666666;0.9132653061224492;0.6584937800030971
1;98;FRRMAB (C=0.3, D=1, SW=100);Time-ranked Reward;1;21.423000000000002;21.423000000000002;0.1411759853363037;1;0;21;0;9;7.1339999999999995;14.289000000000001;0.5952380952380952;0.8330299211128227;0.2549019607843137;123;[50, 18, 49, 48, 47, 51, 46, 44, 43, 16, 45, 42, 24, 36, 26, 25, 28, 37, 41, 38, 40, 35, 39, 22, 27, 32, 34, 33, 29, 23, 21, 31, 30, 20, 17, 19, 14, 11, 13, 10, 7, 12, 15, 6, 5, 1, 9, 8, 4, 3, 2];0.38095238095238093;0.9018423437028089;0.6669934182887551
1;99;FRRMAB (C=0.3, D=1, SW=100);Time-ranked Reward;1;20.322999999999997;20.322999999999997;0.11900687217712402;1;0;18;1;6;6.77;13.552999999999997;0.7105263157894737;0.8328002755498695;0.2549019607843137;123;[50, 18, 49, 48, 51, 47, 46, 43, 16, 44, 45, 24, 42, 25, 26, 36, 37, 28, 38, 41, 40, 35, 39, 22, 27, 23, 34, 32, 33, 29, 21, 31, 30, 20, 17, 19, 13, 11, 14, 10, 7, 12, 15, 6, 5, 1, 9, 8, 4, 3, 2];0.2631578947368421;0.8858299595141699;0.6668798897800521
1;100;FRRMAB (C=0.3, D=1, SW=100);Time-ranked Reward;1;19.089;19.089;0.12853598594665527;1;0;20;0;6;6.808000000000001;12.280999999999999;0.725;0.8211273508303211;0.29411764705882354;123;[50, 18, 49, 48, 51, 47, 16, 43, 46, 44, 45, 24, 42, 37, 36, 25, 26, 28, 38, 41, 40, 35, 39, 22, 23, 27, 32, 34, 33, 29, 21, 31, 30, 20, 17, 19, 14, 13, 11, 10, 7, 12, 15, 6, 5, 1, 9, 8, 4, 3, 2];0.25;0.9202090592334494;0.6433548116716433
1;101;FRRMAB (C=0.3, D=1, SW=100);Time-ranked Reward;1;20.930000000000003;20.930000000000003;0.13005828857421875;1;0;19;1;3;7.163000000000001;13.767000000000003;0.875;0.8288580984233157;0.3269230769230769;123;[50, 49, 18, 48, 47, 51, 16, 46, 43, 44, 45, 24, 41, 37, 40, 28, 25, 36, 26, 42, 38, 35, 22, 39, 23, 27, 21, 32, 34, 33, 29, 31, 30, 20, 17, 19, 11, 14, 13, 10, 7, 12, 15, 6, 5, 1, 9, 8, 4, 3, 2, 52];0.1;0.919163763066202;0.6577639751552795
1;102;FRRMAB (C=0.3, D=1, SW=100);Time-ranked Reward;1;9.64;9.64;0.04209637641906738;0;0;10;0;-1;9.64;0.0;1;1;0.0;1;[50, 49, 52, 48, 47, 51, 16, 46, 44, 43, 45, 24, 37, 28, 40, 25, 26, 36, 41, 38, 42, 22, 35, 23, 39, 21, 27, 34, 32, 33, 29, 31, 30, 20, 17, 19, 11, 13, 14, 10, 7, 12, 15, 6, 5, 1, 9, 8, 4, 3, 2, 53];-1;0.8987012987012989;0.0
1;103;FRRMAB (C=0.3, D=1, SW=100);Time-ranked Reward;1;21.156000000000002;21.156000000000002;0.18776750564575195;1;0;25;0;8;7.362000000000002;13.794;0.7;0.8213981849120816;0.34615384615384615;123;[50, 53, 49, 48, 52, 47, 51, 16, 46, 44, 43, 45, 24, 37, 28, 26, 25, 36, 38, 42, 22, 40, 41, 23, 39, 35, 21, 34, 29, 27, 32, 33, 31, 30, 17, 20, 19, 14, 13, 11, 10, 7, 12, 15, 6, 5, 1, 9, 8, 4, 3, 2];0.28;0.8841628959276018;0.6520136131593873
1;104;FRRMAB (C=0.3, D=1, SW=100);Time-ranked Reward;1;9.406;9.406;0.04017186164855957;0;0;10;0;-1;9.405999999999999;1.7763568394002505e-15;1;1;0.0;1;[50, 48, 49, 53, 52, 47, 51, 16, 46, 44, 43, 45, 24, 37, 28, 22, 36, 26, 25, 38, 42, 23, 40, 41, 39, 35, 21, 34, 27, 29, 32, 33, 31, 30, 17, 20, 19, 13, 14, 11, 10, 7, 12, 15, 5, 6, 1, 9, 8, 4, 3, 2];-1;0.8597402597402598;1.888535870083192e-16
1;105;FRRMAB (C=0.3, D=1, SW=100);Time-ranked Reward;1;9.708;9.708;0.040128231048583984;0;0;9;1;-1;9.708000000000002;-1.7763568394002505e-15;1;1;0.0;1;[50, 48, 49, 53, 52, 47, 51, 16, 46, 44, 43, 45, 24, 37, 28, 22, 36, 26, 25, 38, 42, 23, 39, 21, 40, 41, 35, 34, 29, 27, 32, 33, 31, 17, 30, 20, 19, 13, 14, 11, 10, 7, 12, 15, 5, 6, 1, 9, 8, 4, 3, 2];-1;0.8675324675324675;-1.8297866083644937e-16
1;106;FRRMAB (C=0.3, D=1, SW=100);Time-ranked Reward;1;10.038;10.038;0.0440366268157959;0;0;11;0;-1;10.038;0.0;1;1;0.0;1;[50, 48, 49, 53, 52, 47, 51, 16, 46, 44, 43, 45, 24, 37, 28, 22, 36, 26, 25, 38, 42, 23, 39, 21, 34, 40, 35, 29, 41, 27, 32, 33, 17, 31, 30, 20, 19, 13, 14, 11, 10, 7, 12, 15, 5, 6, 1, 9, 8, 4, 3, 2];-1;0.8300395256916996;0.0
1;107;FRRMAB (C=0.3, D=1, SW=100);Time-ranked Reward;1;9.217;9.217;0.040337562561035156;0;0;10;0;-1;9.217;0.0;1;1;0.0;1;[50, 49, 48, 53, 52, 47, 16, 51, 46, 44, 43, 45, 24, 37, 28, 22, 26, 25, 36, 42, 23, 38, 39, 21, 34, 29, 35, 40, 41, 27, 17, 32, 33, 31, 19, 20, 30, 14, 13, 11, 10, 7, 12, 15, 5, 6, 1, 9, 8, 4, 3, 2];-1;0.8311688311688312;0.0
1;108;FRRMAB (C=0.3, D=1, SW=100);Time-ranked Reward;1;19.531000000000002;19.531000000000002;0.22928619384765625;1;0;28;0;11;6.502;13.029000000000003;0.6250000000000001;0.8292714146741079;0.34615384615384615;123;[50, 49, 48, 16, 47, 53, 51, 52, 46, 44, 43, 45, 24, 37, 28, 22, 26, 25, 36, 42, 23, 38, 39, 21, 34, 29, 17, 35, 40, 41, 27, 32, 33, 19, 31, 20, 30, 14, 13, 11, 10, 7, 12, 15, 5, 6, 1, 9, 8, 4, 3, 2];0.35714285714285715;0.8006222452683432;0.6670933387947366
1;109;FRRMAB (C=0.3, D=1, SW=100);Time-ranked Reward;1;19.763;19.763;0.1874539852142334;1;0;25;0;8;6.919000000000001;12.844000000000001;0.7;0.8187016141274097;0.34615384615384615;123;[50, 48, 49, 16, 53, 47, 51, 52, 46, 44, 43, 24, 45, 22, 37, 28, 25, 26, 36, 23, 42, 38, 21, 39, 34, 17, 29, 35, 40, 19, 41, 27, 32, 33, 20, 31, 30, 14, 13, 11, 10, 7, 12, 15, 5, 6, 1, 9, 8, 4, 3, 2];0.28;0.900814479638009;0.64990133076962
1;110;FRRMAB (C=0.3, D=1, SW=100);Time-ranked Reward;1;18.668000000000003;18.668000000000003;0.12832307815551758;1;0;20;0;3;6.526000000000001;12.142000000000003;0.875;0.8198521534176129;0.34615384615384615;123;[50, 49, 48, 16, 53, 47, 51, 52, 46, 44, 43, 24, 45, 22, 37, 23, 28, 36, 26, 25, 21, 42, 38, 39, 17, 34, 29, 19, 35, 40, 41, 27, 32, 33, 20, 31, 30, 14, 13, 11, 10, 7, 12, 15, 5, 6, 1, 9, 8, 4, 3, 2];0.1;0.8696864111498258;0.6504178272980502
1;111;FRRMAB (C=0.3, D=1, SW=100);Time-ranked Reward;1;7.428999999999999;7.428999999999999;0.031202316284179688;0;0;7;0;-1;7.428999999999999;0.0;1;1;0.0;1;[50, 49, 48, 16, 47, 51, 53, 52, 46, 44, 43, 24, 45, 22, 23, 37, 28, 17, 21, 26, 36, 25, 38, 42, 39, 19, 34, 29, 35, 40, 41, 27, 32, 33, 20, 31, 14, 13, 11, 30, 10, 7, 12, 15, 5, 6, 1, 9, 8, 4, 3, 2];-1;0.8285714285714284;0.0
1;112;FRRMAB (C=0.3, D=1, SW=100);Time-ranked Reward;1;13.781;13.781;0.06888890266418457;0;0;16;0;-1;13.780999999999999;1.7763568394002505e-15;1;1;0.0;1;[50, 49, 48, 16, 47, 51, 53, 46, 52, 44, 43, 24, 45, 22, 23, 37, 28, 21, 17, 25, 26, 36, 38, 42, 39, 19, 34, 29, 35, 40, 41, 27, 20, 32, 33, 14, 13, 11, 31, 10, 30, 7, 12, 15, 5, 6, 1, 9, 8, 4, 3, 2];-1;0.8502673796791445;1.2889897971121473e-16
1;113;FRRMAB (C=0.3, D=1, SW=100);Time-ranked Reward;1;19.688000000000002;19.688000000000002;0.15158390998840332;1;0;22;0;7;7.021;12.667000000000002;0.7045454545454546;0.8177316131653799;0.3076923076923077;123;[50, 48, 49, 16, 47, 51, 53, 46, 52, 24, 44, 43, 45, 22, 17, 23, 37, 28, 21, 25, 36, 26, 19, 42, 39, 38, 34, 29, 35, 40, 27, 20, 41, 32, 13, 11, 14, 33, 10, 31, 7, 12, 30, 15, 5, 6, 1, 9, 8, 4, 3, 2];0.2727272727272727;0.915415019762846;0.6433868346200732
1;114;FRRMAB (C=0.3, D=1, SW=100);Time-ranked Reward;1;7.6450000000000005;7.6450000000000005;0.030562639236450195;0;0;6;1;-1;7.645000000000001;-8.881784197001252e-16;1;1;0.0;1;[50, 49, 48, 16, 47, 51, 46, 53, 52, 24, 44, 43, 45, 17, 22, 23, 19, 21, 37, 28, 25, 26, 36, 42, 39, 38, 34, 29, 35, 40, 20, 41, 13, 11, 14, 27, 10, 32, 33, 7, 12, 31, 30, 15, 5, 6, 1, 9, 8, 4, 3, 2];-1;0.8285714285714284;-1.1617768733814588e-16
1;115;FRRMAB (C=0.3, D=1, SW=100);Time-ranked Reward;1;11.585000000000003;11.585000000000003;0.05810260772705078;0;0;14;0;-1;11.585;1.7763568394002505e-15;1;1;0.0;1;[50, 49, 48, 16, 47, 51, 46, 53, 52, 24, 44, 43, 45, 17, 22, 19, 23, 21, 37, 28, 25, 26, 36, 42, 39, 38, 34, 29, 35, 40, 13, 11, 14, 20, 41, 10, 27, 7, 12, 32, 33, 31, 30, 15, 5, 6, 1, 9, 8, 4, 3, 2];-1;0.903448275862069;1.5333248505828658e-16
1;116;FRRMAB (C=0.3, D=1, SW=100);Time-ranked Reward;1;14.510000000000002;14.510000000000002;0.05815720558166504;0;0;14;0;-1;14.51;1.7763568394002505e-15;1;1;0.0;1;[50, 49, 48, 16, 47, 51, 46, 53, 52, 24, 43, 44, 17, 45, 22, 19, 23, 21, 37, 28, 25, 26, 36, 42, 39, 38, 34, 13, 11, 14, 35, 10, 29, 20, 40, 7, 27, 12, 41, 32, 33, 31, 15, 30, 5, 6, 1, 9, 8, 4, 3, 2];-1;0.8354679802955663;1.224229386216575e-16
1;117;FRRMAB (C=0.3, D=1, SW=100);Time-ranked Reward;1;11.095000000000002;11.095000000000002;0.04016923904418945;0;0;10;0;-1;11.095000000000002;0.0;1;1;0.0;1;[50, 49, 48, 16, 47, 51, 46, 53, 24, 52, 43, 44, 17, 22, 19, 21, 23, 45, 37, 28, 25, 26, 36, 42, 39, 38, 14, 11, 13, 34, 20, 10, 35, 29, 7, 12, 40, 27, 41, 32, 33, 15, 31, 30, 5, 6, 1, 9, 8, 4, 3, 2];-1;0.8623376623376625;0.0
1;118;FRRMAB (C=0.3, D=1, SW=100);Time-ranked Reward;1;9.893;9.893;0.04034757614135742;0;0;10;0;-1;9.893;0.0;1;1;0.0;1;[50, 49, 48, 16, 47, 51, 46, 24, 53, 43, 52, 17, 19, 44, 22, 21, 23, 37, 45, 28, 26, 36, 25, 42, 39, 38, 13, 14, 11, 10, 20, 34, 35, 7, 12, 29, 40, 27, 41, 15, 32, 33, 31, 30, 5, 6, 1, 9, 8, 4, 3, 2];-1;0.8207792207792208;0.0
1;119;FRRMAB (C=0.3, D=1, SW=100);Time-ranked Reward;1;9.532;9.532;0.04045510292053223;0;0;10;0;-1;9.532;0.0;1;1;0.0;1;[50, 49, 48, 16, 47, 51, 46, 24, 43, 53, 17, 19, 52, 44, 22, 21, 23, 37, 45, 28, 25, 26, 36, 42, 39, 38, 14, 11, 13, 10, 20, 7, 34, 12, 35, 29, 40, 27, 15, 41, 32, 33, 31, 30, 5, 6, 1, 9, 8, 4, 3, 2];-1;0.838961038961039;0.0
1;120;FRRMAB (C=0.3, D=1, SW=100);Time-ranked Reward;1;11.574000000000003;11.574000000000003;0.06364870071411133;0;0;15;0;-1;11.574;3.552713678800501e-15;1;1;0.0;1;[50, 49, 48, 16, 47, 51, 46, 24, 17, 43, 19, 53, 52, 44, 22, 21, 23, 37, 45, 28, 25, 36, 26, 42, 39, 38, 11, 13, 14, 10, 20, 7, 12, 34, 29, 35, 15, 27, 40, 41, 32, 33, 31, 5, 30, 6, 1, 9, 8, 4, 3, 2];-1;0.8677419354838709;3.0695642636949193e-16
1;121;FRRMAB (C=0.3, D=1, SW=100);Time-ranked Reward;1;10.524;10.524;0.06323552131652832;0;0;15;0;-1;10.524;0.0;1;1;0.0;1;[50, 49, 48, 16, 47, 51, 46, 24, 17, 19, 43, 53, 22, 21, 52, 23, 44, 37, 28, 36, 25, 26, 45, 42, 14, 11, 13, 38, 39, 10, 7, 20, 12, 34, 35, 29, 15, 27, 40, 41, 32, 33, 31, 5, 6, 1, 30, 9, 8, 4, 3, 2];-1;0.871774193548387;0.0
1;122;FRRMAB (C=0.3, D=1, SW=100);Time-ranked Reward;1;11.806999999999999;11.806999999999999;0.06905913352966309;0;0;16;0;-1;11.806999999999999;0.0;1;1;0.0;1;[50, 49, 48, 16, 47, 51, 46, 24, 17, 19, 43, 22, 21, 53, 23, 37, 52, 44, 28, 36, 25, 26, 42, 14, 11, 13, 38, 45, 10, 39, 7, 20, 12, 34, 35, 15, 29, 27, 40, 41, 32, 33, 5, 6, 31, 1, 8, 9, 30, 4, 3, 2];-1;0.8582887700534759;0.0
1;123;FRRMAB (C=0.3, D=1, SW=100);Time-ranked Reward;1;0.271;0.271;0.03658914566040039;0;0;9;0;-1;0.271;0.0;1;1;0.0;1;[50, 48, 49, 16, 47, 51, 46, 24, 17, 19, 22, 43, 21, 23, 37, 53, 28, 25, 26, 36, 52, 44, 42, 14, 11, 13, 10, 38, 12, 45, 7, 20, 39, 15, 35, 34, 29, 27, 40, 5, 6, 32, 41, 33, 1, 9, 8, 31, 4, 30, 3, 2];-1;0.7614035087719299;0.0
1;124;FRRMAB (C=0.3, D=1, SW=100);Time-ranked Reward;1;22.557;22.557;0.18674826622009277;1;0;24;1;4;7.726;14.831;0.86;0.8287227911513056;0.40384615384615385;123;[50, 49, 48, 16, 47, 51, 46, 17, 24, 19, 22, 43, 21, 23, 37, 28, 26, 25, 36, 13, 14, 11, 53, 44, 42, 10, 52, 12, 7, 45, 38, 20, 39, 15, 35, 34, 29, 27, 5, 6, 40, 1, 33, 32, 8, 9, 41, 4, 31, 3, 30, 2];0.12;0.9317647058823528;0.6574899144389769
1;125;FRRMAB (C=0.3, D=1, SW=100);Time-ranked Reward;1;22.613;22.613;0.18570256233215332;1;0;24;1;4;7.529999999999999;15.083;0.86;0.8334586299915978;0.40384615384615385;123;[50, 49, 48, 16, 47, 51, 46, 17, 24, 19, 21, 22, 23, 43, 14, 13, 11, 37, 10, 28, 36, 26, 25, 12, 7, 44, 53, 42, 20, 52, 38, 45, 39, 15, 35, 34, 29, 5, 6, 27, 1, 40, 9, 8, 33, 32, 41, 4, 3, 31, 2, 30];0.12;0.9104072398190045;0.6670057046831469
1;126;FRRMAB (C=0.3, D=1, SW=100);Time-ranked Reward;1;21.395999999999997;21.395999999999997;0.18644356727600098;1;0;25;0;4;7.302;14.093999999999998;0.86;0.8293138904468126;0.4230769230769231;123;[50, 49, 48, 16, 47, 46, 51, 17, 24, 19, 21, 22, 23, 13, 11, 14, 10, 43, 37, 28, 12, 25, 36, 26, 7, 20, 44, 53, 42, 52, 15, 38, 45, 39, 35, 34, 29, 5, 6, 1, 27, 9, 8, 40, 33, 32, 3, 4, 41, 2, 31, 30];0.12;0.9015384615384614;0.6587212563095906
1;127;FRRMAB (C=0.3, D=1, SW=100);Time-ranked Reward;1;22.433999999999997;22.433999999999997;0.18583226203918457;1;0;25;0;3;6.8839999999999995;15.549999999999997;0.9;0.8465498796469646;0.4423076923076923;123;[50, 49, 48, 16, 46, 47, 51, 17, 24, 19, 21, 22, 23, 14, 13, 11, 10, 20, 37, 12, 43, 7, 28, 26, 36, 25, 44, 53, 42, 15, 52, 38, 45, 39, 35, 34, 29, 5, 6, 1, 27, 9, 8, 40, 3, 33, 4, 32, 2, 41, 31, 30];0.08;0.9044343891402714;0.6931443344922884
1;128;FRRMAB (C=0.3, D=1, SW=100);Time-ranked Reward;1;20.527;20.527;0.18740296363830566;1;0;24;1;3;7.127000000000001;13.4;0.9;0.8263750182686218;0.4230769230769231;123;[50, 49, 48, 16, 46, 47, 51, 17, 24, 19, 21, 22, 23, 14, 13, 11, 10, 20, 12, 7, 37, 28, 43, 26, 36, 25, 44, 42, 53, 15, 52, 38, 45, 39, 35, 34, 5, 6, 1, 29, 9, 8, 27, 3, 4, 40, 2, 33, 32, 41, 31, 30];0.08;0.9171040723981899;0.6527987528620841
1;129;FRRMAB (C=0.3, D=1, SW=100);Time-ranked Reward;1;22.545999999999996;22.545999999999996;0.1861586570739746;1;0;24;1;3;7.023;15.522999999999996;0.9;0.8442073982081078;0.4230769230769231;123;[50, 49, 48, 16, 46, 47, 17, 51, 24, 19, 21, 22, 23, 11, 13, 14, 10, 20, 12, 7, 37, 28, 43, 25, 26, 36, 15, 44, 42, 53, 52, 38, 45, 39, 5, 35, 6, 34, 1, 29, 8, 9, 3, 27, 4, 2, 40, 33, 32, 41, 31, 30];0.08;0.8982805429864253;0.688503503947485
1;130;FRRMAB (C=0.3, D=1, SW=100);Time-ranked Reward;1;20.08;20.08;0.09896206855773926;1;0;17;0;1;6.659;13.421;0.9705882352941176;0.8341882470119522;0.3269230769230769;123;[50, 49, 48, 16, 46, 17, 47, 24, 51, 19, 21, 22, 23, 11, 13, 14, 20, 10, 12, 7, 15, 37, 28, 26, 36, 25, 43, 44, 42, 53, 52, 38, 45, 39, 5, 6, 35, 1, 34, 8, 9, 29, 3, 4, 2, 27, 40, 33, 32, 41, 31, 30];0.0;0.9249299719887953;0.6683764940239044
1;131;FRRMAB (C=0.3, D=1, SW=100);Time-ranked Reward;1;4.537999999999999;4.537999999999999;0.03154945373535156;0;0;6;0;-1;4.537999999999999;0.0;1;1;0.0;1;[50, 49, 48, 16, 46, 17, 47, 19, 24, 51, 21, 22, 13, 14, 23, 11, 20, 10, 12, 7, 15, 37, 43, 28, 26, 36, 25, 44, 42, 53, 38, 52, 45, 39, 5, 1, 6, 9, 8, 35, 34, 3, 4, 29, 2, 27, 40, 33, 32, 41, 31, 30, 54, 55];-1;0.8571428571428572;0.0
1;132;FRRMAB (C=0.3, D=1, SW=100);Time-ranked Reward;1;20.458000000000002;20.458000000000002;0.18733906745910645;1;0;25;0;4;10.724;9.734000000000002;0.86;0.6468863036464954;0.4074074074074074;123;[50, 55, 54, 49, 48, 16, 46, 17, 47, 19, 24, 21, 51, 22, 20, 23, 14, 11, 13, 10, 15, 12, 7, 37, 43, 28, 26, 36, 25, 44, 42, 53, 38, 52, 45, 39, 5, 1, 9, 8, 6, 35, 3, 34, 4, 2, 29, 27, 40, 33, 32, 41, 31, 30];0.12;0.8736651583710405;0.47580408642096006
1;133;FRRMAB (C=0.3, D=1, SW=100);Time-ranked Reward;1;21.291;21.291;0.1084754467010498;1;0;18;0;2;11.159;10.132;0.9166666666666666;0.6384622610492696;0.3148148148148148;123;[50, 54, 55, 49, 48, 16, 46, 17, 19, 24, 21, 47, 51, 22, 20, 13, 14, 11, 23, 15, 10, 12, 7, 37, 28, 43, 25, 36, 26, 44, 42, 53, 38, 52, 45, 5, 1, 9, 8, 39, 6, 3, 4, 34, 35, 2, 29, 27, 40, 33, 32, 41, 31, 30];0.05555555555555555;0.851588430535799;0.47588182800244233
1;134;FRRMAB (C=0.3, D=1, SW=100);Time-ranked Reward;1;20.797;20.797;0.10863876342773438;1;0;18;0;2;10.836;9.961;0.9166666666666666;0.6474972351781509;0.3148148148148148;123;[50, 54, 49, 48, 16, 55, 46, 17, 19, 21, 24, 47, 51, 20, 13, 11, 14, 22, 15, 23, 10, 12, 7, 43, 37, 28, 25, 26, 36, 44, 42, 53, 5, 9, 8, 1, 45, 38, 6, 52, 3, 39, 4, 2, 34, 35, 29, 27, 40, 33, 32, 41, 31, 30];0.05555555555555555;0.8165007112375534;0.47896331201615616
1;135;FRRMAB (C=0.3, D=1, SW=100);Time-ranked Reward;1;15.644;15.644;0.050356149673461914;0;0;12;0;-1;15.643999999999998;1.7763568394002505e-15;1;1;0.0;1;[50, 54, 49, 48, 16, 55, 46, 17, 19, 21, 24, 47, 51, 20, 14, 11, 13, 15, 10, 22, 23, 12, 7, 43, 37, 28, 44, 25, 26, 36, 42, 5, 9, 1, 8, 6, 45, 3, 53, 38, 4, 52, 2, 39, 34, 35, 29, 27, 40, 33, 41, 32, 31, 30, 56];-1;0.8338461538461538;1.135487624265054e-16
1;136;FRRMAB (C=0.3, D=1, SW=100);Time-ranked Reward;1;26.323;26.323;0.18721318244934082;1;0;24;1;5;15.907;10.416;0.8200000000000001;0.5212931656726058;0.36363636363636365;123;[50, 54, 56, 49, 48, 16, 55, 46, 17, 19, 21, 24, 51, 47, 20, 11, 13, 14, 15, 10, 12, 22, 7, 23, 43, 37, 28, 5, 25, 36, 26, 42, 1, 9, 8, 6, 44, 3, 4, 38, 2, 45, 53, 39, 52, 34, 35, 29, 27, 40, 41, 33, 32, 31, 30];0.16;0.8094117647058822;0.39569957831554153
1;137;FRRMAB (C=0.3, D=1, SW=100);Time-ranked Reward;1;20.658;20.658;0.11797809600830078;1;0;19;0;2;10.839;9.819;0.9210526315789473;0.6470616710233325;0.32727272727272727;123;[50, 54, 49, 48, 56, 16, 55, 17, 46, 19, 21, 24, 20, 51, 47, 11, 13, 14, 15, 10, 12, 7, 22, 23, 5, 9, 1, 8, 6, 43, 37, 28, 3, 36, 26, 25, 42, 4, 44, 2, 38, 45, 53, 39, 52, 34, 35, 29, 27, 40, 41, 33, 32, 31, 30];0.05263157894736842;0.8190283400809715;0.4753122277083939
1;138;FRRMAB (C=0.3, D=1, SW=100);Time-ranked Reward;1;17.930999999999997;17.930999999999997;0.04839944839477539;0;0;12;0;-1;17.930999999999997;0.0;1;1;0.0;1;[50, 54, 56, 49, 48, 16, 55, 17, 46, 19, 21, 24, 20, 13, 14, 11, 51, 47, 10, 15, 12, 7, 22, 23, 5, 9, 1, 8, 6, 3, 43, 37, 4, 28, 42, 2, 25, 36, 26, 44, 45, 38, 53, 39, 52, 34, 35, 29, 27, 40, 33, 41, 32, 31, 30];-1;0.7184615384615384;0.0
1;139;FRRMAB (C=0.3, D=1, SW=100);Time-ranked Reward;1;11.314;11.314;0.04841041564941406;0;0;12;0;-1;11.314;0.0;1;1;0.0;1;[50, 54, 49, 48, 16, 56, 55, 17, 21, 46, 19, 20, 24, 15, 13, 14, 11, 51, 10, 47, 12, 7, 22, 23, 5, 1, 9, 8, 6, 3, 4, 43, 37, 2, 28, 42, 25, 26, 36, 44, 38, 45, 39, 53, 34, 52, 35, 29, 27, 40, 41, 33, 32, 31, 30];-1;0.7907692307692308;0.0
1;140;FRRMAB (C=0.3, D=1, SW=100);Time-ranked Reward;1;19.054000000000002;19.054000000000002;0.12822580337524414;1;0;20;0;2;10.151;8.903000000000002;0.925;0.6424372835100242;0.34545454545454546;123;[50, 54, 49, 48, 16, 56, 55, 17, 21, 19, 46, 20, 15, 24, 13, 14, 11, 10, 51, 12, 7, 47, 22, 23, 5, 1, 9, 8, 6, 3, 4, 2, 43, 37, 42, 25, 26, 36, 28, 44, 38, 45, 39, 34, 53, 35, 52, 29, 27, 40, 41, 33, 32, 31, 30];0.05;0.7888501742160278;0.46725097092474027
1;141;FRRMAB (C=0.3, D=1, SW=100);Time-ranked Reward;1;25.294999999999998;25.294999999999998;0.2012157440185547;1;0;25;1;6;15.320999999999998;9.974;0.7884615384615384;0.5291954931804705;0.36363636363636365;123;[50, 54, 49, 48, 16, 56, 17, 55, 21, 19, 46, 20, 15, 24, 14, 11, 13, 10, 12, 51, 7, 47, 22, 23, 5, 1, 8, 9, 6, 3, 4, 2, 43, 37, 42, 25, 36, 26, 28, 44, 45, 38, 39, 34, 53, 35, 52, 29, 27, 40, 41, 33, 32, 31, 30];0.19230769230769232;0.7584260603128529;0.39430717533109316
1;142;FRRMAB (C=0.3, D=1, SW=100);Time-ranked Reward;1;16.587;16.587;0.08977866172790527;0;0;19;0;-1;16.587;0.0;1;1;0.0;1;[50, 54, 48, 49, 16, 56, 17, 21, 55, 19, 46, 20, 15, 24, 11, 13, 14, 12, 7, 10, 51, 47, 22, 23, 5, 8, 6, 9, 1, 4, 3, 2, 43, 37, 42, 25, 36, 26, 28, 44, 45, 38, 34, 39, 53, 35, 52, 29, 27, 40, 41, 33, 32, 31, 30, 57];-1;0.8129554655870445;0.0
1;143;FRRMAB (C=0.3, D=1, SW=100);Time-ranked Reward;1;27.121;27.121;0.22806739807128906;1;0;27;1;8;16.959;10.161999999999999;0.7321428571428572;0.5042586925260866;0.35714285714285715;123;[50, 57, 54, 48, 49, 16, 56, 17, 21, 19, 55, 46, 20, 15, 24, 14, 11, 13, 12, 7, 10, 51, 47, 22, 23, 5, 8, 6, 1, 9, 4, 3, 2, 43, 37, 42, 36, 25, 26, 28, 44, 38, 45, 34, 39, 35, 53, 52, 29, 27, 40, 41, 33, 32, 31, 30];0.25;0.8369198859217009;0.37469119870211276
1;144;FRRMAB (C=0.3, D=1, SW=100);Time-ranked Reward;1;8.953999999999999;8.953999999999999;0.058037757873535156;0;0;14;0;-1;8.953999999999999;0.0;1;1;0.0;1;[50, 57, 49, 48, 16, 54, 56, 17, 21, 19, 55, 46, 20, 15, 24, 14, 11, 13, 12, 7, 10, 51, 22, 47, 5, 23, 6, 1, 8, 9, 4, 3, 2, 43, 37, 42, 36, 25, 26, 28, 44, 38, 34, 45, 39, 35, 53, 52, 29, 27, 40, 41, 33, 32, 31, 30];-1;0.8325123152709358;0.0
1;145;FRRMAB (C=0.3, D=1, SW=100);Time-ranked Reward;1;26.521;26.521;0.14959979057312012;1;0;21;1;3;16.132;10.389;0.8863636363636364;0.5276573281550466;0.3392857142857143;123;[50, 57, 49, 48, 16, 54, 56, 17, 21, 19, 55, 46, 20, 15, 24, 14, 11, 13, 12, 7, 10, 51, 22, 47, 23, 5, 8, 9, 6, 4, 1, 3, 2, 43, 37, 42, 36, 25, 26, 28, 44, 34, 45, 38, 39, 35, 53, 52, 29, 27, 40, 41, 33, 32, 31, 30];0.09090909090909091;0.8371541501976285;0.39172731043324155
1;146;FRRMAB (C=0.3, D=1, SW=100);Time-ranked Reward;1;16.358;16.358;0.06887125968933105;0;0;16;0;-1;16.358;0.0;1;1;0.0;1;[50, 57, 49, 48, 16, 54, 56, 17, 21, 19, 15, 55, 46, 20, 24, 14, 11, 13, 12, 7, 10, 51, 23, 22, 47, 8, 9, 5, 4, 3, 6, 1, 2, 43, 37, 42, 36, 25, 26, 28, 44, 34, 45, 38, 39, 35, 53, 52, 29, 27, 40, 41, 33, 32, 31, 30];-1;0.8161764705882352;0.0
1;147;FRRMAB (C=0.3, D=1, SW=100);Time-ranked Reward;1;18.302;18.302;0.0687704086303711;0;0;16;0;-1;18.301999999999996;3.552713678800501e-15;1;1;0.0;1;[50, 57, 49, 48, 16, 54, 56, 17, 21, 19, 15, 46, 20, 55, 24, 14, 11, 13, 12, 7, 10, 51, 23, 22, 9, 8, 5, 47, 4, 6, 3, 2, 1, 37, 43, 42, 36, 25, 26, 28, 34, 44, 38, 45, 35, 39, 53, 52, 29, 27, 40, 33, 41, 32, 31, 30];-1;0.7780748663101604;1.941161446181019e-16
1;148;FRRMAB (C=0.3, D=1, SW=100);Time-ranked Reward;1;16.627;16.627;0.0684502124786377;0;0;16;0;-1;16.626999999999995;3.552713678800501e-15;1;1;0.0;1;[50, 57, 48, 49, 16, 54, 56, 17, 21, 19, 15, 46, 20, 24, 11, 12, 13, 7, 14, 10, 55, 23, 22, 51, 8, 9, 5, 4, 6, 3, 47, 2, 1, 37, 42, 36, 26, 25, 43, 28, 34, 38, 44, 35, 45, 39, 53, 52, 29, 27, 33, 40, 32, 41, 31, 30];-1;0.768048128342246;2.1367135856140622e-16
1;149;FRRMAB (C=0.3, D=1, SW=100);Time-ranked Reward;1;8.425;8.425;0.03379487991333008;0;0;8;0;-1;8.425;0.0;1;1;0.0;1;[50, 57, 48, 49, 16, 54, 17, 21, 56, 19, 15, 46, 20, 24, 11, 12, 13, 7, 14, 10, 55, 22, 23, 8, 51, 5, 4, 9, 6, 3, 2, 1, 47, 37, 42, 36, 25, 26, 28, 43, 34, 38, 35, 44, 39, 45, 53, 52, 29, 27, 33, 40, 32, 41, 31, 30];-1;0.7745098039215687;0.0
1;150;FRRMAB (C=0.3, D=1, SW=100);Time-ranked Reward;1;22.22;22.22;0.11749911308288574;1;0;19;0;2;11.224;10.995999999999999;0.9210526315789473;0.6556930693069308;0.32142857142857145;123;[50, 57, 48, 49, 16, 54, 17, 21, 56, 19, 15, 20, 24, 14, 7, 12, 11, 13, 10, 46, 22, 55, 23, 8, 5, 51, 4, 9, 3, 6, 1, 2, 47, 37, 42, 25, 36, 26, 28, 43, 34, 38, 35, 44, 39, 45, 53, 27, 29, 52, 33, 40, 32, 41, 31, 30];0.05263157894736842;0.8275303643724695;0.4948694869486948
1;151;FRRMAB (C=0.3, D=1, SW=100);Time-ranked Reward;1;19.773;19.773;0.13902807235717773;1;0;21;0;3;10.014;9.759;0.880952380952381;0.6501036767308955;0.3392857142857143;123;[50, 57, 48, 49, 16, 54, 17, 21, 56, 19, 15, 20, 7, 11, 12, 14, 13, 24, 10, 46, 22, 5, 9, 23, 4, 8, 3, 6, 51, 1, 2, 55, 47, 37, 42, 26, 25, 36, 28, 43, 34, 38, 35, 44, 39, 45, 53, 27, 29, 52, 33, 40, 32, 41, 31, 30];0.09523809523809523;0.8012684989429179;0.4935518130784403
1;152;FRRMAB (C=0.3, D=1, SW=100);Time-ranked Reward;1;20.439999999999998;20.439999999999998;0.04003143310546875;1;0;8;0;2;10.309;10.130999999999998;0.8125;0.6581947162426616;0.125;123;[50, 57, 48, 49, 16, 54, 21, 17, 56, 19, 15, 20, 11, 12, 7, 14, 13, 24, 10, 22, 5, 46, 9, 23, 4, 8, 3, 6, 1, 2, 51, 55, 47, 37, 42, 26, 25, 36, 43, 28, 34, 38, 35, 44, 45, 39, 53, 27, 29, 52, 33, 40, 32, 41, 31, 30];0.125;0.8333333333333333;0.49564579256360075
1;153;FRRMAB (C=0.3, D=1, SW=100);Time-ranked Reward;1;11.220999999999998;11.220999999999998;0.05793452262878418;0;0;14;0;-1;11.220999999999998;0.0;1;1;0.0;1;[50, 57, 16, 48, 49, 54, 21, 17, 19, 56, 15, 20, 24, 14, 7, 12, 11, 13, 10, 22, 5, 9, 23, 4, 8, 6, 3, 46, 1, 2, 51, 47, 55, 37, 26, 36, 25, 42, 43, 28, 34, 38, 35, 44, 45, 39, 29, 27, 53, 52, 33, 40, 32, 41, 31, 30];-1;0.7842364532019704;0.0
1;154;FRRMAB (C=0.3, D=1, SW=100);Time-ranked Reward;1;2.552;2.552;0.027896881103515625;0;0;6;0;-1;2.5519999999999996;4.440892098500626e-16;1;1;0.0;1;[50, 57, 16, 48, 49, 54, 21, 17, 19, 15, 20, 56, 24, 14, 7, 12, 11, 13, 10, 22, 5, 9, 23, 4, 8, 6, 3, 1, 2, 46, 51, 47, 55, 37, 26, 25, 36, 42, 43, 28, 34, 38, 35, 44, 45, 39, 27, 29, 53, 52, 33, 32, 40, 41, 31, 30];-1;0.7802197802197802;1.7401614806036936e-16
1;155;FRRMAB (C=0.3, D=1, SW=100);Time-ranked Reward;1;11.463999999999999;11.463999999999999;0.058063507080078125;0;0;14;0;-1;11.463999999999999;0.0;1;1;0.0;1;[50, 57, 16, 48, 49, 54, 21, 17, 19, 15, 20, 56, 24, 14, 7, 12, 11, 13, 10, 22, 5, 9, 23, 4, 8, 6, 3, 1, 2, 46, 51, 47, 55, 37, 26, 25, 36, 42, 43, 28, 34, 38, 35, 44, 45, 39, 27, 29, 53, 52, 33, 32, 40, 41, 31, 30];-1;0.7684729064039408;0.0
1;156;FRRMAB (C=0.3, D=1, SW=100);Time-ranked Reward;1;20.407999999999998;20.407999999999998;0.1390092372894287;1;0;20;1;2;10.729000000000001;9.678999999999997;0.9285714285714286;0.639308114464916;0.3392857142857143;123;[50, 57, 16, 48, 49, 54, 17, 21, 19, 20, 15, 56, 13, 14, 7, 12, 11, 24, 10, 22, 5, 9, 8, 4, 3, 23, 6, 1, 2, 46, 51, 47, 55, 37, 36, 25, 26, 42, 43, 28, 34, 38, 35, 44, 45, 39, 27, 29, 53, 52, 33, 32, 40, 31, 41, 30];0.047619047619047616;0.8039867109634553;0.4742747941983535
1;157;FRRMAB (C=0.3, D=1, SW=100);Time-ranked Reward;1;11.742;11.742;0.058060407638549805;0;0;14;0;-1;11.741999999999999;1.7763568394002505e-15;1;1;0.0;1;[50, 57, 16, 48, 49, 54, 17, 21, 19, 20, 15, 13, 14, 7, 12, 11, 24, 56, 10, 22, 5, 9, 8, 4, 3, 23, 6, 1, 2, 46, 51, 47, 55, 37, 26, 36, 25, 42, 28, 43, 34, 38, 35, 44, 45, 39, 27, 29, 53, 52, 33, 32, 40, 31, 41, 30];-1;0.7960591133004924;1.5128230619998725e-16
1;158;FRRMAB (C=0.3, D=1, SW=100);Time-ranked Reward;1;10.660000000000002;10.660000000000002;0.0580439567565918;0;0;14;0;-1;10.659999999999998;3.552713678800501e-15;1;1;0.0;1;[50, 57, 16, 48, 49, 54, 17, 21, 19, 20, 15, 13, 14, 7, 12, 11, 24, 10, 56, 22, 5, 9, 8, 4, 3, 23, 6, 1, 2, 46, 51, 47, 55, 37, 26, 36, 25, 42, 43, 34, 28, 35, 38, 44, 45, 39, 27, 29, 53, 33, 52, 32, 40, 31, 41, 30];-1;0.7891625615763546;3.3327520439029083e-16
1;159;FRRMAB (C=0.3, D=1, SW=100);Time-ranked Reward;1;12.562;12.562;0.0579991340637207;0;0;13;1;-1;12.562000000000001;-1.7763568394002505e-15;1;1;0.0;1;[50, 57, 16, 48, 49, 54, 17, 21, 19, 20, 15, 13, 14, 7, 12, 11, 24, 10, 22, 5, 56, 9, 8, 4, 3, 23, 6, 1, 2, 46, 51, 47, 55, 37, 26, 36, 25, 42, 34, 43, 28, 35, 38, 44, 45, 39, 27, 29, 33, 53, 32, 52, 31, 40, 41, 30];-1;0.7733990147783251;-1.4140716760072046e-16
1;160;FRRMAB (C=0.3, D=1, SW=100);Time-ranked Reward;1;11.094;11.094;0.057765960693359375;0;0;14;0;-1;11.093999999999996;3.552713678800501e-15;1;1;0.0;1;[50, 57, 16, 48, 49, 54, 17, 21, 19, 15, 20, 7, 11, 12, 13, 14, 24, 22, 10, 5, 9, 8, 4, 3, 23, 6, 56, 1, 2, 46, 51, 47, 55, 37, 26, 36, 25, 42, 34, 43, 28, 35, 44, 38, 45, 39, 27, 29, 33, 32, 53, 52, 31, 40, 41, 30];-1;0.780295566502463;3.202373966829368e-16
1;161;FRRMAB (C=0.3, D=1, SW=100);Time-ranked Reward;1;20.934;20.934;0.10005521774291992;1;0;17;0;2;11.123999999999999;9.810000000000002;0.9117647058823529;0.641253463265501;0.2857142857142857;123;[50, 57, 16, 48, 49, 54, 17, 21, 19, 20, 15, 24, 14, 7, 12, 11, 13, 22, 10, 9, 8, 4, 3, 23, 6, 5, 1, 2, 56, 46, 51, 47, 55, 37, 26, 25, 36, 42, 34, 43, 28, 35, 44, 38, 45, 39, 27, 29, 33, 32, 53, 52, 31, 40, 41, 30];0.058823529411764705;0.8487394957983193;0.46861564918314713
1;162;FRRMAB (C=0.3, D=1, SW=100);Time-ranked Reward;1;19.097;19.097;0.08124017715454102;0;0;18;0;-1;19.097;0.0;1;1;0.0;1;[50, 57, 16, 48, 49, 54, 17, 21, 19, 15, 20, 7, 10, 11, 12, 24, 14, 13, 22, 6, 5, 9, 8, 4, 3, 23, 1, 2, 56, 46, 51, 47, 55, 37, 36, 25, 26, 42, 34, 43, 28, 35, 44, 45, 38, 39, 27, 29, 33, 32, 53, 52, 31, 40, 41, 30];-1;0.7652916073968706;0.0
1;163;FRRMAB (C=0.3, D=1, SW=100);Time-ranked Reward;1;27.909;27.909;0.21736550331115723;1;0;26;1;4;13.204999999999998;14.704;0.8703703703703703;0.6551829159052635;0.40350877192982454;123;[50, 57, 16, 48, 49, 54, 21, 17, 19, 15, 20, 24, 7, 22, 13, 12, 14, 10, 11, 6, 5, 2, 1, 3, 4, 8, 9, 23, 56, 46, 51, 47, 37, 55, 26, 36, 25, 42, 34, 43, 28, 35, 44, 38, 45, 39, 27, 29, 33, 32, 53, 52, 31, 40, 41, 30, 58];0.1111111111111111;0.7854256854256855;0.526855136335949
1;164;FRRMAB (C=0.3, D=1, SW=100);Time-ranked Reward;1;12.901999999999997;12.901999999999997;0.07094240188598633;0;0;15;1;-1;12.902;-1.7763568394002505e-15;1;1;0.0;1;[50, 58, 57, 16, 49, 48, 54, 17, 21, 15, 20, 19, 6, 5, 24, 13, 4, 3, 2, 12, 8, 9, 1, 23, 7, 14, 22, 11, 10, 56, 46, 51, 47, 37, 55, 25, 36, 26, 42, 34, 43, 28, 35, 44, 38, 45, 39, 27, 29, 33, 32, 53, 52, 31, 40, 41, 30, 59];-1;0.769385026737968;-1.3768073472331815e-16
1;165;FRRMAB (C=0.3, D=1, SW=100);Time-ranked Reward;1;28.37600000000001;28.37600000000001;0.2595963478088379;1;0;29;1;7;14.056000000000001;14.320000000000007;0.7833333333333333;0.6458803213983647;0.3898305084745763;123;[50, 59, 57, 16, 48, 49, 58, 54, 17, 20, 21, 15, 19, 11, 2, 6, 23, 8, 4, 3, 12, 24, 1, 5, 7, 13, 14, 22, 10, 9, 56, 46, 51, 47, 37, 25, 36, 26, 55, 42, 34, 43, 35, 28, 44, 38, 45, 39, 27, 29, 33, 32, 53, 31, 52, 40, 41, 30, 60];0.2;0.7994711792702276;0.5046518184381168
1;166;FRRMAB (C=0.3, D=1, SW=100);Time-ranked Reward;1;21.711000000000002;21.711000000000002;0.12833189964294434;1;0;20;0;3;7.572;14.139000000000003;0.875;0.8252729031366589;0.3050847457627119;123;[60, 50, 57, 16, 59, 48, 49, 21, 17, 20, 15, 54, 58, 19, 3, 22, 14, 13, 6, 11, 10, 9, 8, 7, 23, 4, 5, 12, 24, 1, 2, 56, 46, 51, 47, 37, 36, 25, 26, 55, 42, 34, 43, 35, 28, 44, 38, 45, 39, 27, 29, 33, 32, 53, 31, 52, 40, 41, 30];0.1;0.8456445993031358;0.6512367002901756
1;167;FRRMAB (C=0.3, D=1, SW=100);Time-ranked Reward;1;28.290000000000003;28.290000000000003;0.21368741989135742;1;0;27;0;5;13.793999999999999;14.496000000000004;0.8333333333333334;0.6465182043124779;0.3898305084745763;123;[60, 50, 57, 16, 48, 49, 21, 20, 15, 17, 59, 54, 10, 4, 23, 7, 8, 9, 22, 11, 6, 13, 14, 19, 12, 3, 5, 24, 1, 2, 58, 56, 46, 51, 47, 37, 36, 25, 26, 42, 34, 55, 43, 35, 28, 44, 38, 45, 39, 27, 29, 33, 32, 31, 53, 52, 40, 41, 30];0.14814814814814814;0.8300144300144301;0.5124072110286321
1;168;FRRMAB (C=0.3, D=1, SW=100);Time-ranked Reward;1;27.875;27.875;0.28423547744750977;1;0;26;1;6;13.025000000000002;14.849999999999998;0.7962962962962963;0.6653452914798205;0.3559322033898305;123;[60, 50, 57, 16, 20, 21, 17, 15, 48, 49, 1, 23, 6, 2, 4, 24, 9, 12, 8, 22, 10, 11, 7, 13, 14, 5, 19, 3, 54, 59, 58, 56, 46, 51, 47, 37, 26, 25, 36, 42, 34, 55, 43, 35, 28, 44, 38, 45, 39, 27, 29, 33, 32, 31, 53, 52, 40, 41, 30];0.18518518518518517;0.7963924963924964;0.5327354260089685
1;169;FRRMAB (C=0.3, D=1, SW=100);Time-ranked Reward;1;25.159;25.159;0.23153090476989746;1;0;27;1;6;11.621;13.537999999999998;0.8035714285714286;0.6683890456695419;0.3728813559322034;123;[17, 21, 60, 15, 50, 20, 57, 16, 8, 23, 6, 2, 4, 10, 1, 24, 12, 9, 22, 11, 7, 13, 14, 5, 19, 3, 48, 49, 54, 59, 58, 56, 46, 51, 47, 37, 26, 25, 36, 34, 42, 55, 43, 35, 28, 38, 44, 45, 39, 27, 29, 33, 32, 31, 53, 52, 40, 41, 30];0.17857142857142858;0.8211044853513092;0.5380976986366708
1;170;FRRMAB (C=0.3, D=1, SW=100);Time-ranked Reward;1;20.523;20.523;0.1340198516845703;1;0;20;0;3;6.395;14.128;0.875;0.8440286507820494;0.32727272727272727;123;[1, 3, 24, 4, 50, 2, 5, 6, 7, 23, 8, 60, 10, 22, 12, 13, 14, 11, 19, 9, 57, 16, 49, 48, 54, 59, 58, 56, 46, 51, 47, 37, 25, 26, 36, 34, 42, 55, 35, 43, 28, 38, 44, 39, 45, 27, 29, 33, 32, 31, 53, 52, 40, 41, 30];0.1;0.8522648083623693;0.6883983823027823
1;171;FRRMAB (C=0.3, D=1, SW=100);Time-ranked Reward;1;26.051000000000002;26.051000000000002;0.27471423149108887;1;0;30;0;8;11.996000000000002;14.055;0.7500000000000001;0.68269932056351;0.6388888888888888;123;[50, 60, 57, 49, 48, 54, 59, 58, 56, 46, 51, 47, 37, 36, 25, 26, 34, 42, 55, 35, 43, 28, 38, 44, 39, 45, 27, 29, 33, 32, 31, 53, 52, 40, 41, 30];0.23333333333333334;0.7934426229508199;0.5395186365206709
1;172;FRRMAB (C=0.3, D=1, SW=100);Time-ranked Reward;1;19.506;19.506;0.12796711921691895;1;0;20;0;3;6.751999999999999;12.754000000000001;0.875;0.8266943504562697;0.5142857142857142;123;[48, 57, 49, 60, 54, 59, 58, 56, 46, 51, 47, 37, 26, 25, 36, 34, 42, 43, 35, 55, 28, 38, 44, 39, 45, 27, 29, 33, 32, 31, 53, 40, 52, 41, 30];0.1;0.832752613240418;0.6538500974059265
1;173;FRRMAB (C=0.3, D=1, SW=100);Time-ranked Reward;1;16.343;16.343;0.0542912483215332;0;0;12;1;-1;16.343000000000004;-3.552713678800501e-15;1;1;0.0;1;[48, 49, 57, 60, 54, 59, 58, 56, 46, 51, 47, 37, 26, 34, 25, 36, 42, 43, 35, 28, 55, 38, 44, 45, 39, 27, 29, 33, 32, 31, 53, 40, 52, 41, 30];-1;0.7411477411477412;-2.1738442628651416e-16
1;174;FRRMAB (C=0.3, D=1, SW=100);Time-ranked Reward;1;21.008000000000003;21.008000000000003;0.09980988502502441;1;0;16;1;4;6.814;14.194000000000003;0.7941176470588235;0.8377046839299315;0.37142857142857144;123;[48, 57, 49, 60, 54, 59, 58, 46, 56, 47, 51, 37, 34, 26, 25, 36, 42, 35, 43, 28, 55, 44, 38, 45, 39, 27, 29, 33, 32, 31, 40, 53, 52, 41, 30];0.17647058823529413;0.8168067226890757;0.6756473724295506
1;175;FRRMAB (C=0.3, D=1, SW=100);Time-ranked Reward;1;13.093;13.093;0.07447457313537598;0;0;17;0;-1;13.093;0.0;1;1;0.0;1;[48, 57, 49, 60, 54, 59, 58, 46, 56, 47, 51, 37, 34, 36, 26, 25, 42, 35, 43, 28, 44, 55, 38, 45, 39, 27, 29, 33, 32, 31, 40, 53, 52, 41, 30];-1;0.7669467787114845;0.0
1;176;FRRMAB (C=0.3, D=1, SW=100);Time-ranked Reward;1;14.987;14.987;0.07441496849060059;0;0;17;0;-1;14.986999999999998;1.7763568394002505e-15;1;1;0.0;1;[48, 57, 49, 60, 54, 59, 58, 56, 46, 47, 51, 37, 34, 36, 26, 25, 42, 28, 35, 43, 44, 45, 38, 39, 55, 27, 29, 33, 32, 31, 40, 53, 52, 41, 30];-1;0.7563025210084033;1.1852651227065125e-16
1;177;FRRMAB (C=0.3, D=1, SW=100);Time-ranked Reward;1;10.091;10.091;0.04020833969116211;0;0;10;0;-1;10.091;0.0;1;1;0.0;1;[48, 57, 49, 60, 54, 59, 58, 56, 46, 47, 51, 34, 37, 36, 26, 25, 42, 28, 35, 43, 44, 45, 39, 38, 55, 27, 29, 33, 32, 31, 40, 53, 52, 41, 30];-1;0.7246753246753246;0.0
