cycle_id,num_testsuite,NORMALIZED_RPA,total_failures_in_cycle,exec_time,optimal_failures_25%,failures_in_25%_ordered,optimal_exec_time_25%,exec_time_25%,optimal_failures_50%,failures_in_50%_ordered,optimal_exec_time_50%,exec_time_50%,optimal_failures_75%,failures_in_75%_ordered,optimal_exec_time_75%,exec_time_75%,failure_metric
b557f7a2edb0dff5885fd237a713ae89c7d329b1,31,0.817588325652842,0,0.3620000000000001,0,0,0.002,0.031,0,0,0.010000000000000002,0.06200000000000001,0,0,0.044,0.289,0.6329979122223203
0f04562866e1260ff86c2923f220853e9b5824f4,26,0.7648766328011612,0,0.343,0,0,0.0,0.030000000000000006,0,0,0.006,0.065,0,0,0.025,0.306,0.6329979122223203
9388a4210cae2a81106d64fd3c89d8c517fc226c,6,0.7582417582417582,0,0.186,0,0,0.0,0.011000000000000001,0,0,0.009000000000000001,0.060000000000000005,0,0,0.020000000000000004,0.177,0.6329979122223203
35f72bb772fff3094c20e65e1476723c6e6b01d2,26,0.820835349137236,0,0.388,0,0,0.0,0.016,0,0,0.002,0.041,0,0,0.015,0.334,0.6329979122223203
ee907f732ac79d49ea31f21f3e1ae31de5a61407,32,0.8186188811188813,0,0.36500000000000005,0,0,0.0,0.046,0,0,0.011,0.07,0,0,0.051000000000000004,0.31200000000000006,0.6329979122223203
6590287e4ea1c595efa867fa17d3112dea622583,29,0.8457042665108128,0,0.42300000000000004,0,0,0.001,0.027000000000000003,0,0,0.01,0.07,0,0,0.057,0.316,0.6329979122223203
754968ceb6f41acdefb697d87f487f4cc4b7b8ca,27,0.8458874458874461,0,0.3510000000000001,0,0,0.001,0.006,0,0,0.01,0.066,0,0,0.065,0.28600000000000003,0.6329979122223203
8af9fe13e711b3e21a1781e2cf61c857084b72e9,28,0.7883069743323825,0,0.38300000000000006,0,0,0.004,0.014000000000000002,0,0,0.011000000000000003,0.033,0,0,0.028000000000000004,0.36900000000000005,0.6329979122223203
8c1bf69a999738fed70e97bf90f2d1cc393704a2,28,0.7853253824215711,0,0.371,0,0,0.0,0.019000000000000003,0,0,0.004,0.047000000000000014,0,0,0.019,0.358,0.6329979122223203
f678f3b01dc2843dbc20c7c6df1c11bbd271dcdc,26,0.8253507498790518,0,0.36500000000000005,0,0,0.002,0.022000000000000002,0,0,0.01,0.05500000000000001,0,0,0.05800000000000001,0.29800000000000004,0.6329979122223203
90ff666f726778f433c866a0adad6dd92ad4ef3f,28,0.7954368680321493,0,0.3540000000000001,0,0,0.001,0.023,0,0,0.008,0.061000000000000006,0,0,0.049,0.301,0.6329979122223203
3790f09753ac7f56e5d885f4ee7b7095ab482137,28,0.8071039668135856,0,0.31500000000000006,0,0,0.0,0.018000000000000002,0,0,0.005,0.042,0,0,0.026999999999999996,0.274,0.6329979122223203
0e14391a3f108af246e94bd482858996f8552583,28,0.8487166191340422,0,0.397,0,0,0.0,0.02,0,0,0.01,0.052000000000000005,0,0,0.037000000000000005,0.339,0.6329979122223203
7fad9fb1aaac58d9e95852f4a24cd694ed3c2e92,28,0.8172154524241637,0,0.369,0,0,0.0,0.015,0,0,0.006,0.05,0,0,0.031,0.319,0.6329979122223203
9ded028a73f13ad02d6e7052dde0c7112a5a1c5e,29,0.8420806545879603,0,0.31800000000000006,0,0,0.001,0.019,0,0,0.012,0.044000000000000004,0,0,0.051,0.254,0.6329979122223203
c21be43549b243838f3b6b3d5771304285a547d7,28,0.8758102151931552,0,0.3450000000000001,0,0,0.001,0.018000000000000002,0,0,0.01,0.046000000000000006,0,0,0.049,0.269,0.6329979122223203
ac26f913626b782ca2c41fd87a46e3f1ebf096b3,28,0.8492351568576613,0,0.47900000000000004,0,0,0.0,0.022000000000000002,0,0,0.011,0.060000000000000005,0,0,0.059,0.382,0.6329979122223203
7e24eacc25ebddbd113333aada112a9e504a41af,28,0.8134560539279232,0,0.35500000000000004,0,0,0.002,0.025,0,0,0.01,0.06500000000000002,0,0,0.046000000000000006,0.28800000000000003,0.6329979122223203
3032c9410d9e8515a75ba6a516a3669324aec879,30,0.799788471708091,0,0.31800000000000006,0,0,0.0,0.04000000000000001,0,0,0.006,0.056000000000000015,0,0,0.031,0.277,0.6329979122223203
3ce5f1709812b993bccb41db17c2c0c215456a4d,28,0.8271973036038371,0,0.397,0,0,0.0,0.023,0,0,0.007,0.060000000000000005,0,0,0.05,0.336,0.6329979122223203
38753dc24eb22447611692d7d30d943afb21451d,29,0.818702513150205,0,0.513,0,0,0.0,0.035,0,0,0.013999999999999999,0.10300000000000001,0,0,0.07400000000000001,0.44,0.6329979122223203
63b9d4ed0ecd3e01d0d73a49cadd45d82c56c48a,28,0.8330308529945556,0,0.39400000000000013,0,0,0.003,0.022000000000000002,0,0,0.011000000000000001,0.048,0,0,0.043,0.33,0.6329979122223203
8432013a6f114e01f393a9d2a06edcafe3f5d3a4,28,0.8461239305159448,0,0.3540000000000001,0,0,0.0,0.025,0,0,0.007,0.054000000000000006,0,0,0.043,0.29500000000000004,0.6329979122223203
773331ebc3f0557af95e36e6b39d18dad37e22d2,29,0.8427819988310932,0,0.377,0,0,0.0,0.031000000000000003,0,0,0.006,0.053000000000000005,0,0,0.035,0.322,0.6329979122223203
04118fec729bc0934287e70b0348176a3721caba,6,0.7912087912087912,0,0.229,0,0,0.0,0.027999999999999997,0,0,0.028999999999999998,0.078,0,0,0.065,0.193,0.6329979122223203
f4bb295eace58b8cee144a6cfeaf808ab8f44d51,7,0.7785714285714286,0,0.21,0,0,0.0,0.022000000000000002,0,0,0.006,0.061,0,0,0.057,0.181,0.6329979122223203
e2819422a8aa0ce36e53322ed31c51d4da2cefb0,32,0.8249125874125874,0,5.459,0,0,0.002,5.037,0,0,0.016,5.087,0,0,0.09,5.380000000000001,0.6329979122223203
c6417e2f9f1f8f1145672a9e6224390f3d0e6eb8,26,0.8466376390904693,0,0.35600000000000004,0,0,0.0,0.003,0,0,0.008,0.05,0,0,0.044000000000000004,0.308,0.6329979122223203
e8b7972f0589f4b3ec2bc5cf273ae2cab35b115b,7,0.7857142857142856,0,0.213,0,0,0.0,0.025,0,0,0.011,0.07400000000000001,0,0,0.063,0.176,0.6329979122223203
1b92cf63376ae77b78d01488b4711e69d8ae5f21,28,0.8522167487684728,0,0.43300000000000005,0,0,0.001,0.024,0,0,0.012,0.05500000000000001,0,0,0.06100000000000001,0.3580000000000001,0.6329979122223203
c8c0ce433c5ce971650a3fcdc37178b8739f1197,28,0.8339382940108894,0,0.31000000000000005,0,0,0.003,0.023,0,0,0.013000000000000001,0.05500000000000001,0,0,0.041,0.267,0.6329979122223203
f80b5779cce35d687ea99898bbc827c40a377e58,28,0.8209748509204045,0,0.33000000000000007,0,0,0.0,0.018000000000000002,0,0,0.005,0.060000000000000005,0,0,0.046000000000000006,0.276,0.6329979122223203
dbe181139f416188ff765e2d3fdc78024034bdc3,28,0.8222711952294528,0,0.30000000000000004,0,0,0.001,0.020000000000000004,0,0,0.008,0.04900000000000001,0,0,0.032,0.262,0.6329979122223203
cf9a8ac897cd5be910eab60b681a005ce38d11c2,26,0.8321238509917755,0,0.22099999999999997,0,0,0.0,0.018000000000000002,0,0,0.004,0.029000000000000005,0,0,0.015000000000000001,0.19799999999999998,0.6329979122223203
b6f06ef60ab52cb0caaf3196b326b3c1487bfcb9,28,0.8128078817733989,0,0.389,0,0,0.0,0.021,0,0,0.009000000000000001,0.09300000000000001,0,0,0.07300000000000001,0.342,0.6329979122223203
dc9ba6d75eb66c31725a9e39c6e60875149058b6,7,0.7857142857142856,0,0.224,0,0,0.001,0.022000000000000002,0,0,0.009,0.061,0,0,0.064,0.19,0.6329979122223203
ab38239356754467d627a7687fa0cfad2a28fbe8,29,0.8112215078901229,0,0.30500000000000005,0,0,0.001,0.032,0,0,0.008,0.04400000000000001,0,0,0.027,0.249,0.6329979122223203
d4131a01961bf6240ebfdbaef197c610be0faaf3,26,0.8250282212546363,0,0.406,0,0,0.001,0.024,0,0,0.012,0.037000000000000005,0,0,0.028999999999999998,0.329,0.6329979122223203
8d83136412f9cd0f4c9827f19ba81370b6c33b11,28,0.8557168784029039,0,0.3480000000000001,0,0,0.0,0.018000000000000002,0,0,0.006,0.037000000000000005,0,0,0.041,0.28,0.6329979122223203
99a3fd1f725ed71ac0149e39aecb67bc9e34abad,28,0.8109929997407311,0,0.45100000000000007,0,0,0.002,0.04000000000000001,0,0,0.014000000000000002,0.10200000000000001,0,0,0.09,0.388,0.6329979122223203
035fcc06a0a1d864ea5b77eb9a6a36f6ac059ab6,28,0.845216489499611,0,0.36200000000000004,0,0,0.001,0.022,0,0,0.01,0.048000000000000015,0,0,0.05500000000000001,0.3,0.6329979122223203
361bcbff833c3e25251688b634ff96baf843abb4,28,0.8338086595799845,0,0.392,0,0,0.0,0.011,0,0,0.011000000000000001,0.036,0,0,0.047,0.332,0.6329979122223203
69ba3fa59b751ae8cf834ae8a777df9b522ef3da,28,0.841845994296085,0,0.4190000000000001,0,0,0.0,0.019000000000000003,0,0,0.007,0.048,0,0,0.048,0.3410000000000001,0.6329979122223203
6e2706b9f519d8a0da251ad06118f8fd5d39cd99,28,0.8466424682395645,0,0.39700000000000013,0,0,0.0,0.02,0,0,0.004,0.037000000000000005,0,0,0.035,0.332,0.6329979122223203
d08143f86b1dfd91c103cc6fdadb77ed8b644186,26,0.7921303015642639,0,0.44500000000000006,0,0,0.003,0.021000000000000005,0,0,0.016,0.07300000000000001,0,0,0.067,0.361,0.6329979122223203
0f17edd977d58bf85f3e3f7489c636d5cff8b4a2,26,0.8859861312691503,0,0.37,0,0,0.001,0.002,0,0,0.01,0.033,0,0,0.04,0.316,0.6329979122223203
f418a5a9c3684c47de49e7b9c0fffa770dba8ab9,28,0.8076225045372051,0,0.386,0,0,0.003,0.042,0,0,0.010000000000000002,0.07900000000000001,0,0,0.032,0.34,0.6329979122223203
576da7953db0f1813cc7984619aa97b8aff35b1f,28,0.8554576095410941,0,0.31300000000000006,0,0,0.0,0.023,0,0,0.008,0.033,0,0,0.027000000000000003,0.264,0.6329979122223203
6ebbc8ba755d6d3a6fa5399c42c4d8a0a010acd4,28,0.8234379051075965,0,0.37800000000000006,0,0,0.0,0.022,0,0,0.005,0.037,0,0,0.036000000000000004,0.28200000000000003,0.6329979122223203
6bc3f6adc0ae0b6b2171639751649ea74f00ec48,28,0.8421052631578947,0,0.43300000000000005,0,0,0.0,0.019000000000000003,0,0,0.007,0.045000000000000005,0,0,0.041,0.35100000000000003,0.6329979122223203
8558487adf388a05da966c946eeb71934f58d7fc,28,0.842753435312419,0,0.4000000000000001,0,0,0.001,0.033,0,0,0.009000000000000001,0.061000000000000006,0,0,0.053000000000000005,0.333,0.6329979122223203
5efc8c5ef0ef677f8638f39e6e8dcecb2bb8c11f,26,0.8550233833252702,0,0.41200000000000003,0,0,0.003,0.025000000000000005,0,0,0.015,0.053000000000000005,0,0,0.06,0.331,0.6329979122223203
b0e1fc23fbac00c94d96f8ad013f6d38703668b6,26,0.8290598290598289,0,0.28900000000000003,0,0,0.001,0.016000000000000004,0,0,0.008,0.032,0,0,0.033,0.24300000000000005,0.6329979122223203
06660690bfcde874532cb068db84abb034cab338,26,0.8834059022738269,0,0.34500000000000003,0,0,0.001,0.011000000000000001,0,0,0.012,0.030000000000000006,0,0,0.041,0.271,0.6329979122223203
3937fbbac43a434ce4f70dc8b1cf4678b3102126,26,0.7956781164328334,0,0.401,0,0,0.002,0.032,0,0,0.017,0.07400000000000001,0,0,0.07500000000000001,0.327,0.6329979122223203
9b6959c23d425aebc3044fb122d65f72d655da1d,26,0.809224318658281,0,0.40700000000000003,0,0,0.0,0.028,0,0,0.01,0.047,0,0,0.033,0.354,0.6329979122223203
588facbd3855a36ac470ce0486eaad4be8426158,26,0.825834542815675,0,0.31500000000000006,0,0,0.003,0.022000000000000002,0,0,0.013000000000000001,0.036000000000000004,0,0,0.04,0.251,0.6329979122223203
6147ef7d478556e2122bb4eef6bc023277c7cbc8,30,0.8081438392384982,0,0.4740000000000001,0,0,0.001,0.097,0,0,0.009000000000000001,0.135,0,0,0.036,0.42900000000000005,0.6329979122223203
6701b07904357dd759a11209ce98b71bd398b0fd,26,0.8255120141912594,0,0.41400000000000003,0,0,0.0,0.033,0,0,0.009000000000000001,0.07,0,0,0.062000000000000006,0.351,0.6329979122223203
aa9a5e25996df0c425fcb07ba94f33f9457e832d,28,0.8571428571428571,0,0.4690000000000001,0,0,0.002,0.031000000000000007,0,0,0.013000000000000001,0.07,0,0,0.07,0.389,0.6329979122223203
4a92fea835862a0f31b948baf968cd7213e43aad,28,0.8488462535649469,0,0.42700000000000005,0,0,0.0,0.014000000000000002,0,0,0.008,0.069,0,0,0.052000000000000005,0.36600000000000005,0.6329979122223203
809a5355502c686de60c67e4db0632c7d934146c,28,0.8440497796214674,0,0.40900000000000003,0,0,0.002,0.022000000000000006,0,0,0.012,0.07600000000000003,0,0,0.07300000000000001,0.32500000000000007,0.6329979122223203
84604495dc394f9d69f2281ee247d9aaa2292424,28,0.8550687062483797,0,0.391,0,0,0.0,0.029,0,0,0.011,0.046000000000000006,0,0,0.05500000000000001,0.31100000000000005,0.6329979122223203
6e6eacd8b30ac6e47a4287d8a35904a8c2f827c2,26,0.8576036123205935,0,0.326,0,0,0.0,0.019000000000000003,0,0,0.008,0.03900000000000001,0,0,0.035,0.286,0.6329979122223203
c805fbdc35a9567b12a118d78377858da63f67f9,26,0.8134171907756812,0,0.41200000000000003,0,0,0.001,0.032,0,0,0.011000000000000001,0.07500000000000001,0,0,0.081,0.34800000000000003,0.6329979122223203
d8106859f08bcf7bd53c64d6c49c24d784430ffe,26,0.8224479922593132,0,0.43400000000000005,0,0,0.0,0.028,0,0,0.01,0.045000000000000005,0,0,0.04699999999999999,0.36300000000000004,0.6329979122223203
f49eb6826480f7cf18bfff100b3753f3657d29fb,26,0.8068053539751652,0,0.351,0,0,0.0,0.019000000000000003,0,0,0.007,0.049,0,0,0.036000000000000004,0.30200000000000005,0.6329979122223203
454f783a7a62768eb5807f4ad8e70732fbad06f1,28,0.8266787658802178,0,0.391,0,0,0.001,0.028,0,0,0.01,0.05900000000000001,0,0,0.068,0.326,0.6329979122223203
8d0bb93b50e00ba2ef44109e35fcebd6d8817301,30,0.8445267054468537,0,0.3970000000000001,0,0,0.002,0.04000000000000001,0,0,0.016,0.08400000000000002,0,0,0.081,0.337,0.6329979122223203
be70cbb8a339d1ab23842bb9551090c2fe2b3360,30,0.8074034902168165,0,0.43000000000000005,0,0,0.0,0.054,0,0,0.008,0.085,0,0,0.053000000000000005,0.36600000000000005,0.6329979122223203
1780b6c550e5148c794d08e43c02fac161595964,28,0.8603837179154785,0,0.44500000000000006,0,0,0.001,0.023000000000000003,0,0,0.015,0.06800000000000002,0,0,0.07700000000000001,0.356,0.6329979122223203
1b8aa4b55a8f6602ec550267bf8af7a6c8fc203d,7,0.757142857142857,0,0.2,0,0,0.0,0.023,0,0,0.004,0.07,0,0,0.032,0.196,0.6329979122223203
7e7887d78b2e90532ebe8302c575047e534f2407,28,0.8362717137671766,0,0.3590000000000001,0,0,0.0,0.026000000000000002,0,0,0.006,0.041,0,0,0.036000000000000004,0.28800000000000003,0.6329979122223203
6db79fe69b4015170af1596395950f2d59f61d53,30,0.8231623479640402,0,0.30200000000000005,0,0,0.0,0.038000000000000006,0,0,0.006,0.05000000000000002,0,0,0.028,0.25,0.6329979122223203
667c7f4b10b74a30977323faf36cb8f5f29c34e2,30,0.8092014806980434,0,0.32900000000000007,0,0,0.001,0.053000000000000005,0,0,0.009000000000000001,0.06700000000000002,0,0,0.026,0.279,0.6329979122223203
b05623a347bb70744500cf966e486d759bcfd7c0,30,0.8516129032258067,0,0.43900000000000006,0,0,0.0,0.043,0,0,0.008,0.059000000000000004,0,0,0.064,0.343,0.6329979122223203
e45e0fcacdd96747c716faab7bfb70a2c1a7c08b,7,0.7714285714285715,0,0.22400000000000003,0,0,0.0,0.019,0,0,0.009,0.059,0,0,0.044,0.20600000000000002,0.6329979122223203
42b1a4a2bb435d3136d8ce7f19cc7f29bbbc67a5,7,0.7714285714285715,0,0.23500000000000004,0,0,0.0,0.02,0,0,0.013000000000000001,0.067,0,0,0.05,0.21500000000000002,0.6329979122223203
be3c7715c843d20b6314dc3bc8a438f24acb1109,29,0.8389246054938637,0,0.5060000000000001,0,0,0.001,0.026000000000000002,0,0,0.012,0.054,0,0,0.049,0.36000000000000004,0.6329979122223203
18308d1dbf026d23a31aa3bca8964fdb258528e7,17,0.8296918767507003,0,0.569,0,0,0.012,0.047,0,0,0.05,0.285,0,0,0.14400000000000002,0.34299999999999997,0.6329979122223203
d58495127d3ac0c3ff8075815d52fedff0c90083,28,0.8459942960850403,0,0.526,0,0,0.0,0.031000000000000003,0,0,0.020000000000000004,0.16200000000000003,0,0,0.124,0.33799999999999997,0.6329979122223203
02a7acf8bf23e65bd53fe75bca85c41c6a4cb2cc,28,0.8439201451905624,0,0.46699999999999997,0,0,0.0,0.033,0,0,0.022000000000000002,0.10400000000000002,0,0,0.126,0.29300000000000004,0.6329979122223203
ca59f9b13beff89b064ce47dc1a53fd22bff272c,7,0.7714285714285715,0,0.17,0,0,0.0,0.015,0,0,0.001,0.051000000000000004,0,0,0.028,0.158,0.6329979122223203
7ff6061cbc4f1e2d9353046b38906f834705a8aa,30,0.862612374405077,0,0.5780000000000001,0,0,0.003,0.027000000000000003,0,0,0.018000000000000002,0.09200000000000001,0,0,0.088,0.365,0.6329979122223203
f2a10365cdab689f4162d3d71385292bfea0b765,35,0.8488933601609658,0,0.4810000000000001,0,0,0.001,0.013000000000000001,0,0,0.010000000000000002,0.059000000000000004,0,0,0.048,0.31,0.6329979122223203
05fe59c9a7010ac0aba966f51b0cc33596737f2e,35,0.8535211267605631,0,0.5690000000000001,0,0,0.001,0.025,0,0,0.016,0.07400000000000001,0,0,0.08600000000000001,0.372,0.6329979122223203
44e1427239472510a009293ad2a3dc0ec500f092,32,0.8280594405594407,0,0.626,0,0,0.003,0.10400000000000001,0,0,0.014,0.164,0,0,0.122,0.44600000000000006,0.6329979122223203
402e27122a5e51f8842a1e95d8c8a91971bafd54,32,0.8519230769230771,0,0.567,0,0,0.002,0.049,0,0,0.019,0.094,0,0,0.136,0.363,0.6329979122223203
f93f37ab7d41bccd2d1d9c7a965920ba42dce11d,31,0.8511904761904765,0,0.5980000000000001,0,0,0.0,0.011,0,0,0.01,0.052000000000000005,0,0,0.069,0.367,0.6329979122223203
67967672cb5859986e4ef047f51b1b5810fce6df,6,0.7362637362637363,0,0.38700000000000007,0,0,0.003,0.10800000000000001,0,0,0.094,0.20700000000000002,0,0,0.183,0.29400000000000004,0.6329979122223203
60c1bdf3eff5090e5165abf66d34725d3eef1c6d,6,0.7252747252747254,0,0.554,0,0,0.012,0.138,0,0,0.127,0.28300000000000003,0,0,0.26,0.43900000000000006,0.6329979122223203
8851c49aead51558c109c83802d1ca6375f7766f,35,0.8537894030851776,0,0.443,0,0,0.002,0.01,0,0,0.012,0.052000000000000005,0,0,0.05500000000000001,0.29000000000000004,0.6329979122223203
4c296238cee4abcb691bb4f10f61fc47eff1ea13,6,0.7472527472527473,0,0.44000000000000006,0,0,0.01,0.11800000000000001,0,0,0.093,0.272,0,0,0.178,0.35700000000000004,0.6329979122223203
22f522ba2a884ddf0a2d6bd8463434e52b2f4a0f,28,0.8304381643764582,0,0.533,0,0,0.003,0.03,0,0,0.017,0.07300000000000001,0,0,0.08600000000000001,0.34900000000000003,0.6329979122223203
4ed18effd0d596a2f37b16c20f0f05568b635f6f,31,0.8531105990783414,0,0.5950000000000001,0,0,0.002,0.026000000000000002,0,0,0.012,0.07,0,0,0.085,0.391,0.6329979122223203
261004904e02fe11b390abca912ae953a4b57c99,30,0.8562665256478055,0,0.5569999999999999,0,0,0.0,0.026000000000000002,0,0,0.011000000000000001,0.066,0,0,0.058,0.365,0.6329979122223203
c6b93d11d90f0706dffdfa7e8dbb551e32a6ab17,31,0.8258448540706608,0,0.6930000000000001,0,0,0.0,0.025,0,0,0.015,0.109,0,0,0.133,0.42500000000000004,0.6329979122223203
0e999acfb46dfe8ff69e7e567b3e0c21d53b042a,30,0.8828133262823905,0,0.473,0,0,0.0,0.017,0,0,0.008,0.053000000000000005,0,0,0.055,0.354,0.6329979122223203
febc027dd73c2f017bd6cb4c94f10d733451a667,31,0.8401497695852538,0,0.4980000000000001,0,0,0.002,0.02,0,0,0.010000000000000002,0.07100000000000001,0,0,0.057,0.333,0.6329979122223203
001e1bfd4958a2d4ccfeca58e12f09ffb2d1baf5,31,0.8317012288786484,0,0.525,0,0,0.0,0.014000000000000002,0,0,0.008,0.06400000000000002,0,0,0.07,0.293,0.6329979122223203
1df5cd738ac2415faf2d8c6bb59729ed0e9aa4c4,35,0.8546613011401739,0,0.553,0,0,0.001,0.018000000000000002,0,0,0.014,0.08700000000000002,0,0,0.081,0.34700000000000003,0.6329979122223203
39a6d167cff46d6348d635c7bc0d183dc23755d7,35,0.813816230717639,1,0.377,1,1,0.044000000000000004,0.05900000000000001,1,1,0.053000000000000005,0.093,1,1,0.08300000000000002,0.281,0.6329979122223203
95a11eca1abed032dc60420cdaf726cdcdc33a2d,32,0.8431818181818183,1,0.5429999999999999,1,1,0.07,0.121,1,1,0.084,0.18100000000000002,1,1,0.16500000000000004,0.353,0.6329979122223203
cfd5bd1ea71558b383e8ead5f1e0e240a8e53389,35,0.8258886653252848,0,0.6320000000000001,0,0,0.002,0.020999999999999998,0,0,0.014,0.097,0,0,0.07200000000000001,0.38,0.6329979122223203
bb0816b302e7cec945361f0dce96b9721e9cdfb9,30,0.8666314119513486,0,0.504,0,0,0.0,0.018000000000000002,0,0,0.015,0.059000000000000004,0,0,0.060000000000000005,0.34400000000000003,0.6329979122223203
1406d90fe827049e62aecee5cfa7b3a12fc5f60f,28,0.8754213119004408,0,0.5760000000000001,0,0,0.001,0.012,0,0,0.019000000000000003,0.07,0,0,0.099,0.4010000000000001,0.6329979122223203
22eaa8c6909fe71ada35327f7ab11d7f777602e8,28,0.8936997666580243,0,0.533,0,0,0.001,0.013000000000000001,0,0,0.015,0.06500000000000002,0,0,0.09100000000000001,0.307,0.6329979122223203
cb2cb174afe0577761007a3a989b35ce7210fdce,28,0.9049779621467461,0,0.6000000000000001,0,0,0.002,0.012,0,0,0.021,0.062000000000000006,0,0,0.099,0.4040000000000001,0.6329979122223203
6c0f1cb8ad9cd91ac4f2eb71481f32875221b52e,35,0.8528504359490273,1,0.747,1,1,0.053000000000000005,0.09400000000000001,1,1,0.069,0.185,1,1,0.179,0.441,0.6329979122223203
6df3333227970b235f0cae0a81699f201bd7d469,28,0.7998444386829141,0,0.538,0,0,0.003,0.04800000000000001,0,0,0.013000000000000001,0.07600000000000001,0,0,0.044000000000000004,0.38,0.6329979122223203
ead392f1fd66a94a8bcae2aa4a54a0064bd1a657,30,0.8448439978847174,0,0.547,0,0,0.003,0.016000000000000004,0,0,0.022,0.078,0,0,0.08700000000000001,0.3570000000000001,0.6329979122223203
b6a3c6b84c7c2f65875c52329e5c1e09add25689,30,0.8624008461131678,0,0.5920000000000001,0,0,0.002,0.014000000000000002,0,0,0.022000000000000002,0.07700000000000001,0,0,0.094,0.36200000000000004,0.6329979122223203
98bfe69c50148115767ac4e3f1d7368babc47dc3,30,0.8560549973558965,0,0.6670000000000001,0,0,0.001,0.016,0,0,0.03,0.08600000000000001,0,0,0.10099999999999999,0.4590000000000001,0.6329979122223203
df59a7500aead11101a111180b971731ee16f024,6,0.6923076923076923,0,0.291,0,0,0.003,0.107,0,0,0.038000000000000006,0.19,0,0,0.10800000000000001,0.212,0.6329979122223203
50822a68188c706029fa46b3efb732565fea7e2b,30,0.8413537810682181,0,0.561,0,0,0.002,0.025,0,0,0.026000000000000002,0.095,0,0,0.10300000000000001,0.3420000000000001,0.6329979122223203
17164aebe9166b473d9de746400d0b5ea46b47e6,6,0.6923076923076923,0,0.42800000000000005,0,0,0.001,0.147,0,0,0.082,0.265,0,0,0.16399999999999998,0.34500000000000003,0.6329979122223203
bc7a3ad3b2a18894c15dcd567f7bc0317afb63e7,6,0.6593406593406594,0,0.313,0,0,0.001,0.078,0,0,0.054000000000000006,0.2,0,0,0.114,0.26,0.6329979122223203
3ff1c6c70f0f7fdc46776a4ec32ae95dcf2525ec,28,0.8469017371013743,0,0.644,0,0,0.003,0.020999999999999998,0,0,0.022,0.094,0,0,0.10200000000000001,0.398,0.6329979122223203
235fe489e3e85785c4f41b27c7a38c30ff855096,30,0.8536224219989427,0,0.6200000000000001,0,0,0.002,0.024,0,0,0.018,0.091,0,0,0.097,0.42300000000000004,0.6329979122223203
f3e0ebdd73a1fa99de92948bf5addc422a3d081c,30,0.8742464304600743,0,0.5870000000000001,0,0,0.003,0.020000000000000004,0,0,0.019,0.07100000000000001,0,0,0.094,0.37100000000000005,0.6329979122223203
85e119c513107bf56892fefcf0330b1bd1ae1cc2,30,0.8621893178212591,0,0.687,0,0,0.002,0.024,0,0,0.019000000000000003,0.09200000000000001,0,0,0.116,0.501,0.6329979122223203
7792139a3a77a2b01d5ae6d6018bc10bff2e05bc,28,0.8417163598651801,0,0.5830000000000001,0,0,0.001,0.041999999999999996,0,0,0.022,0.10200000000000001,0,0,0.128,0.398,0.6329979122223203
1a722dfb0fbfa18a909550bb42dad1257562ccbd,28,0.8240860772621207,0,0.6020000000000001,0,0,0.005,0.033,0,0,0.023000000000000003,0.101,0,0,0.10900000000000001,0.39100000000000007,0.6329979122223203
ec88b4ad780ddbf8b7cde9f4ffbf2ba38c70400f,31,0.8472542242703535,0,0.655,0,0,0.002,0.036000000000000004,0,0,0.02,0.11300000000000002,0,0,0.11100000000000002,0.42600000000000005,0.6329979122223203
d68511de9bddc0d5f172491b253669c1621addc5,31,0.8569508448540708,0,0.5890000000000001,0,0,0.0,0.018000000000000002,0,0,0.014000000000000002,0.08300000000000002,0,0,0.10300000000000001,0.394,0.6329979122223203
bedd95c5a5ab2130f349990b390bb3658ef7eb4b,30,0.8286620835536757,0,0.7140000000000001,0,0,0.002,0.036000000000000004,0,0,0.026000000000000002,0.10000000000000002,0,0,0.125,0.44500000000000006,0.6329979122223203
b3962dd389daa04cdaa405761fbf3bf06106634e,30,0.8845055526176628,0,0.557,0,0,0.002,0.027000000000000003,0,0,0.014000000000000002,0.062000000000000006,0,0,0.08,0.3360000000000001,0.6329979122223203
14ba58b2a46fe54ebfb116b767875e4d83f1abbd,6,0.7032967032967032,0,0.384,0,0,0.0,0.102,0,0,0.08100000000000002,0.22399999999999998,0,0,0.16000000000000003,0.303,0.6329979122223203
31b5fb6848f91cf1bee535119b30822b2b46998e,30,0.857006874669487,0,0.5680000000000001,0,0,0.002,0.019000000000000003,0,0,0.027000000000000003,0.109,0,0,0.121,0.41,0.6329979122223203
61f6cd922d9df953160eca6a9d184b96b4a8074b,30,0.8521417239555793,0,0.645,0,0,0.003,0.019,0,0,0.019000000000000003,0.10300000000000002,0,0,0.116,0.466,0.6329979122223203
b540775607477b8131b0e554b393bd2ea4905f6f,28,0.8169561835623541,0,0.53,0,0,0.0,0.035,0,0,0.009000000000000001,0.07500000000000001,0,0,0.078,0.341,0.6329979122223203
655dbb064105b0aa5cd5afeb938ef9f39636cd8b,28,0.8417163598651801,0,0.685,0,0,0.003,0.04,0,0,0.028000000000000004,0.099,0,0,0.14500000000000002,0.44000000000000006,0.6329979122223203
875082bd70c55763ffc427515700e11c58d01b06,6,0.7032967032967032,0,0.46,0,0,0.011000000000000001,0.114,0,0,0.095,0.263,0,0,0.20800000000000002,0.376,0.6329979122223203
8a45aa30a6277ee37f706c339024e4411da5c7d8,28,0.8666061705989112,0,0.7140000000000001,0,0,0.006,0.05,0,0,0.05,0.11400000000000002,0,0,0.172,0.467,0.6329979122223203
9d9c3598d0bd1074938d26524c5713f736a744b0,28,0.8222711952294528,0,0.6930000000000001,0,0,0.004,0.052000000000000005,0,0,0.031000000000000003,0.11500000000000002,0,0,0.12300000000000001,0.4610000000000001,0.6329979122223203
32e00ee6610e703a38a92463e5c34b34ac485122,33,0.8338255247825047,1,0.656,1,1,0.075,0.131,1,1,0.08,0.20900000000000002,1,1,0.135,0.505,0.6329979122223203
14533a303c870373c5085bc286f5305141a23b9a,31,0.8777841781874042,0,0.547,0,0,0.003,0.021000000000000005,0,0,0.012000000000000002,0.05600000000000001,0,0,0.06999999999999999,0.375,0.6329979122223203
eac04b979371ff8f7a8c8b10a2c8530b73d6baa0,28,0.8821623023074928,0,0.6920000000000001,0,0,0.004,0.02,0,0,0.022,0.07600000000000001,0,0,0.11100000000000002,0.44000000000000006,0.6329979122223203
e789fdbdc021421746e145bbebc8587be3393407,30,0.8237969328397676,0,0.615,0,0,0.0,0.036000000000000004,0,0,0.01,0.08700000000000002,0,0,0.057,0.428,0.6329979122223203
a196d3e86e4dd686d4295e40233c42b2bb8d5cb0,28,0.8800881514130153,0,0.5740000000000001,0,0,0.001,0.014,0,0,0.02,0.07500000000000001,0,0,0.096,0.35100000000000003,0.6329979122223203
cd31f886c032a109477da27328f230c54e4a573f,30,0.842940243257536,0,0.6230000000000001,0,0,0.0,0.018000000000000002,0,0,0.008,0.134,0,0,0.085,0.45,0.6329979122223203
4c9bd8bbceb7cd053eb9599d7aeb217aba475c4d,30,0.8445267054468535,0,0.6170000000000001,0,0,0.002,0.019000000000000003,0,0,0.02,0.08800000000000001,0,0,0.103,0.41900000000000004,0.6329979122223203
428a1f31c48de174b8b7964adc5509ff689d12a4,30,0.8427287149656268,0,0.6890000000000002,0,0,0.004,0.024,0,0,0.023,0.099,0,0,0.10400000000000001,0.45399999999999996,0.6329979122223203
6c3dde45e8cbd0c1fa73072fad7610275afc6240,35,0.8700871898054994,1,0.8360000000000001,1,1,0.093,0.10200000000000001,1,1,0.10500000000000001,0.267,1,1,0.18300000000000002,0.557,0.6329979122223203
129ed2f4540e73bd3abc9f733abba68c509202e5,30,0.836700158646219,0,0.5690000000000001,0,0,0.002,0.031,0,0,0.010000000000000002,0.141,0,0,0.087,0.403,0.6329979122223203
6cff58123292c1f1c18d1c7f6b7c3624ca0336bc,30,0.790798519301957,0,0.513,0,0,0.005,0.008,0,0,0.013000000000000005,0.027000000000000003,0,0,0.030000000000000002,0.29000000000000004,0.6329979122223203
dedc8d1936669c82c98cce415402bb15b78bc4cf,30,0.8658910629296673,0,0.6380000000000001,0,0,0.001,0.02,0,0,0.028999999999999998,0.07,0,0,0.109,0.42600000000000005,0.6329979122223203
4e711b5dde2a4974986accba22279363e6588551,30,0.8593336858804868,0,0.6560000000000001,0,0,0.002,0.01,0,0,0.026000000000000002,0.08100000000000002,0,0,0.10700000000000001,0.437,0.6329979122223203
adb1f27a6400c094571843016491192144008c8a,32,0.828409090909091,1,0.663,1,1,0.047,0.09700000000000002,1,1,0.07300000000000001,0.16999999999999998,1,1,0.186,0.442,0.6329979122223203
8747d28eaa4422269c2fcdfd50032249f1855b91,30,0.851612903225807,0,0.6130000000000001,0,0,0.002,0.025,0,0,0.013000000000000001,0.07500000000000001,0,0,0.068,0.401,0.6329979122223203
5010bcca487a8d4d53ec2172c165da55901b20b4,37,0.8670270270270269,1,0.653,1,1,0.054000000000000006,0.05800000000000001,1,1,0.06000000000000001,0.15100000000000002,1,1,0.09900000000000002,0.444,0.6329979122223203
3facce5fe6060df56a7fbf0153ae92001b73c511,34,0.8491779320423821,1,0.92,1,1,0.068,0.10800000000000001,1,1,0.095,0.35100000000000003,1,1,0.24100000000000002,0.692,0.6329979122223203
82dd726a15db6f20f06f7b85bb523f68e05d9615,28,0.8469017371013741,0,0.6280000000000001,0,0,0.003,0.036000000000000004,0,0,0.021,0.10600000000000001,0,0,0.11400000000000002,0.453,0.6329979122223203
b6d9441971fcaa499b0b8d7ac98d488830ba443e,21,0.7632135306553913,1,0.735,1,1,0.053000000000000005,0.152,1,1,0.085,0.453,1,1,0.21,0.49600000000000005,0.6329979122223203
f84ab56604798e8ad2f059f31a007509a0dfb77e,37,0.8514366998577524,1,0.7300000000000001,1,1,0.045000000000000005,0.05700000000000001,1,1,0.05600000000000001,0.162,1,1,0.11500000000000003,0.461,0.6329979122223203
1fb08dbef8a3935ac095963e2dc6d92c2230214c,33,0.8361401548407696,1,0.7470000000000001,1,1,0.074,0.124,1,1,0.08499999999999999,0.20400000000000001,1,1,0.155,0.49600000000000005,0.6329979122223203
4d10a397d6f6e66328fe8077c3d5d8868b330caa,31,0.8415898617511522,0,0.6140000000000001,0,0,0.0,0.030000000000000002,0,0,0.009000000000000001,0.08600000000000002,0,0,0.08600000000000001,0.438,0.6329979122223203
472c863b70dd013280b86ec4ffd87744607d99c2,31,0.8542626728110599,0,0.6720000000000002,0,0,0.0,0.032999999999999995,0,0,0.016,0.096,0,0,0.10900000000000001,0.45000000000000007,0.6329979122223203
0f9c7544fde9417d892e9f7ddf1a7ce66f8a6d6c,31,0.8501344086021507,0,0.74,0,0,0.004,0.018000000000000002,0,0,0.034999999999999996,0.10600000000000004,0,0,0.123,0.479,0.6329979122223203
c947e708dfdebc87f965d5f2d4ba4c43780a56e7,34,0.8260138838143951,1,0.6100000000000001,1,1,0.071,0.14500000000000002,1,1,0.075,0.189,1,1,0.112,0.508,0.6329979122223203
ac9a31feb693bea438f6730f82afcf3ad4a621a9,35,0.8244802146210594,1,0.753,1,1,0.07400000000000001,0.15100000000000002,1,1,0.08900000000000001,0.21600000000000003,1,1,0.186,0.562,0.6329979122223203
fb9db1708bda6efff7a594edfdfb92397165f6f8,36,0.7792792792792792,1,0.88,1,1,0.081,0.135,1,1,0.12000000000000002,0.303,1,1,0.278,0.6980000000000001,0.6329979122223203
82d5aab9efd07b1d1fbf9748a588b0128d4c239d,35,0.8392354124748488,1,0.6499999999999999,1,1,0.044000000000000004,0.139,1,1,0.05,0.22699999999999998,1,1,0.10600000000000001,0.519,0.6329979122223203
95dd9a5e7399aa3c8ddfb3ce7147e439d1130cdb,36,0.8245094409477971,1,0.6180000000000001,1,1,0.077,0.128,1,1,0.08,0.17200000000000001,1,1,0.14700000000000002,0.44100000000000006,0.6329979122223203
03b74ae244d19ae00b2f08a72657e668cbe7c179,40,0.8583107497741647,1,0.646,1,1,0.044000000000000004,0.087,1,1,0.06300000000000001,0.19100000000000003,1,1,0.15300000000000002,0.511,0.6329979122223203
9a201c9bb9015306c12f76f35d84f85758773672,37,0.8126884779516357,1,0.5480000000000002,1,1,0.057999999999999996,0.10300000000000001,1,1,0.067,0.16099999999999998,1,1,0.10500000000000001,0.42100000000000004,0.6329979122223203
76b14b435624221c99d56279dbdddc6782139d50,37,0.8314082503556187,1,0.481,1,1,0.055999999999999994,0.09599999999999999,1,1,0.062,0.163,1,1,0.122,0.37100000000000005,0.6329979122223203
5765391b62ddd3ccceddef50fcb6e4e09338923f,40,0.8501355013550139,1,0.724,1,1,0.078,0.14400000000000002,1,1,0.09000000000000001,0.24100000000000002,1,1,0.16100000000000003,0.5730000000000001,0.6329979122223203
9c7dea7038cfb231680d98a09b1f66ab3d391a1b,37,0.8157041251778094,1,0.549,1,1,0.066,0.13,1,1,0.07,0.176,1,1,0.115,0.43100000000000005,0.6329979122223203
17213b9c352ff8d1bd6042405ccdc96393b279ba,30,0.8206240084611317,0,0.7420000000000002,0,0,0.004,0.063,0,0,0.038,0.11900000000000002,0,0,0.167,0.547,0.6329979122223203
ad855e65c6cedd4d6b2ea495aa959ad758ed10eb,32,0.8161713286713288,0,0.555,0,0,0.0,0.035,0,0,0.012,0.11500000000000002,0,0,0.10400000000000001,0.44600000000000006,0.6329979122223203
37759d1a956f5dcb95adb5c326bc9e75edbd8f6c,6,0.7252747252747254,0,0.402,0,0,0.0,0.14400000000000002,0,0,0.066,0.29200000000000004,0,0,0.11000000000000001,0.31600000000000006,0.6329979122223203
8f62c4c3c2c8a5aa27c631800f1cd1e66b9687da,37,0.8328876244665717,1,1.5449999999999997,1,1,0.09000000000000001,0.165,1,1,0.211,0.4620000000000001,1,1,0.538,1.236,0.6329979122223203
211158bdca120233bcc14f69d0aa09c773b203a5,37,0.835334281650071,1,0.645,1,1,0.046000000000000006,0.1,1,1,0.07400000000000001,0.19100000000000003,1,1,0.17600000000000005,0.467,0.6329979122223203
f19aa6808017184bfb71e7cff269269068bf8978,37,0.7908961593172119,1,0.7140000000000001,1,1,0.077,0.168,1,1,0.09200000000000001,0.25,1,1,0.18700000000000003,0.5920000000000001,0.6329979122223203
b03d4231f4412c67063e356a7c3acf9bb7e62534,39,0.8001460564751705,1,0.44100000000000006,1,1,0.059000000000000004,0.08700000000000001,1,1,0.060000000000000005,0.13300000000000003,1,1,0.09700000000000003,0.333,0.6329979122223203
6a9359f134b0377c4dc77b91ae2f8d7e187b12aa,31,0.8076996927803382,0,0.5820000000000002,0,0,0.0,0.019000000000000003,0,0,0.002,0.067,0,0,0.05299999999999999,0.458,0.6329979122223203
76d2402bff522013cba4e71266d7479b2ad09c9f,33,0.7781945885545535,0,2.069,0,0,0.006,0.19,0,0,0.15500000000000003,0.718,0,0,0.597,1.671,0.6329979122223203
42d66829a12d28b7063fc960fb5bd43f9298a67c,36,0.8232753301246452,1,0.6650000000000001,1,1,0.073,0.14500000000000002,1,1,0.08600000000000001,0.199,1,1,0.15000000000000002,0.6030000000000001,0.6329979122223203
08c9c07f0f9286a6932dda8616642fcf53ca325c,31,0.7919546850998467,0,0.48800000000000004,0,0,0.0,0.091,0,0,0.004,0.171,0,0,0.054000000000000006,0.399,0.6329979122223203
549fc68e4920395b1f4f4411d37911e22d9a5424,31,0.8275729646697393,0,1.009,0,0,0.004,0.043,0,0,0.07,0.18100000000000002,0,0,0.19999999999999998,0.7769999999999999,0.6329979122223203
80575edc2f37a731d7942aa17666bca4150c0cf0,31,0.8216205837173581,0,0.7720000000000002,0,0,0.002,0.045,0,0,0.031,0.151,0,0,0.14500000000000002,0.5960000000000001,0.6329979122223203
2895292786792caca0430bcd40fdeb4ddccb4efe,31,0.824692780337942,0,0.502,0,0,0.0,0.01,0,0,0.014,0.083,0,0,0.066,0.397,0.6329979122223203
63079a2f18c9d0e45bc478e7ed5c3739429abf2c,31,0.7819700460829496,0,0.7100000000000001,0,0,0.0,0.03,0,0,0.01,0.129,0,0,0.084,0.525,0.6329979122223203
aa3a06b5e3b3fbc84b2fd55d1fec493adc536049,31,0.7941628264208911,0,0.8330000000000001,0,0,0.008,0.05500000000000001,0,0,0.053,0.22200000000000003,0,0,0.193,0.661,0.6329979122223203
7dee4d5cd278b024e16a9461b7c3367b3be3647f,38,0.8370051001629947,1,0.521,1,1,0.045,0.108,1,1,0.05500000000000001,0.17200000000000004,1,1,0.11800000000000002,0.4,0.6329979122223203
28e091abd22c4fd873287e54f41667591b2fbd97,34,0.8122031421264156,0,0.8440000000000001,0,0,0.003,0.10300000000000001,0,0,0.052000000000000005,0.24700000000000003,0,0,0.177,0.678,0.6329979122223203
f76d34eb4d2e55e407d0de61b47237e6245d8fa7,38,0.8430516851569483,1,0.7910000000000001,1,1,0.049,0.11600000000000002,1,1,0.08400000000000002,0.248,1,1,0.22000000000000006,0.5930000000000001,0.6329979122223203
5b59ed2b3916e6079f289f18719a9b4c3d887b54,39,0.82555988315482,1,0.574,1,1,0.047,0.078,1,1,0.052000000000000005,0.165,1,1,0.126,0.42400000000000004,0.6329979122223203
351c98d2f3fdb893112753ce9b29041a1dfd48d5,35,0.8590207914151574,1,0.8940000000000001,1,1,0.101,0.17700000000000002,1,1,0.129,0.304,1,1,0.266,0.648,0.6329979122223203
1ce473f958dde1e3f15f56bc922e5d216cfded5d,34,0.8246985750822067,0,0.445,0,0,0.0,0.038,0,0,0.005,0.07300000000000001,0,0,0.047,0.346,0.6329979122223203
b145a83478194f4be3cd26fb0fe40caedf9255d4,36,0.8206219918548686,1,0.5990000000000001,1,1,0.08900000000000001,0.166,1,1,0.09900000000000002,0.225,1,1,0.17800000000000005,0.48900000000000005,0.6329979122223203
de209325df2f2a17a4457d522ce473e181871753,39,0.7902629016553068,1,0.7520000000000001,1,1,0.081,0.151,1,1,0.08700000000000001,0.23299999999999998,1,1,0.14400000000000002,0.628,0.6329979122223203
252dd87f73a4e843b9382ae01d2978c61101a391,31,0.8603110599078344,0,0.6200000000000001,0,0,0.0,0.026000000000000002,0,0,0.019000000000000003,0.13,0,0,0.11399999999999999,0.47,0.6329979122223203
0551ca51f98eec4519e6c08dbd6d68ea0d282aca,38,0.849256007150744,1,0.654,1,1,0.079,0.129,1,1,0.09000000000000001,0.23500000000000001,1,1,0.16300000000000003,0.549,0.6329979122223203
8d91ec0a1c6a71877fb08a4105b4809a21642b7a,31,0.825940860215054,0,0.5930000000000001,0,0,0.0,0.015,0,0,0.009000000000000001,0.123,0,0,0.083,0.43100000000000005,0.6329979122223203
65ee84d74cff6d9694572be8d4719eab8a42082f,31,0.7799539170506916,0,0.6380000000000001,0,0,0.0,0.016,0,0,0.016,0.118,0,0,0.081,0.5529999999999999,0.6329979122223203
e9d85afb2586bac52f3280c737b2b7151cdece22,36,0.8453659138590643,1,0.537,1,1,0.071,0.14100000000000001,1,1,0.077,0.165,1,1,0.11300000000000002,0.439,0.6329979122223203
5293e2abda1f81fca9cf1b9d6c38c94f10017844,31,0.8023233486943165,0,0.5840000000000001,0,0,0.001,0.027000000000000003,0,0,0.01,0.097,0,0,0.08,0.4570000000000001,0.6329979122223203
5c2b5858fcac335b67fc0eb00b503a1c71644b19,38,0.8580367001419635,1,0.6160000000000001,1,1,0.057999999999999996,0.082,1,1,0.067,0.17300000000000001,1,1,0.134,0.48,0.6329979122223203
b0584a020c2f746c90f8c373ed959a3bb461a0c2,33,0.7844999600925854,0,0.614,0,0,0.0,0.03,0,0,0.007,0.125,0,0,0.065,0.51,0.6329979122223203
7595058e4a9342af0da8d43b5ccf207c41631155,35,0.8335345405767937,1,0.541,1,1,0.094,0.137,1,1,0.10300000000000001,0.198,1,1,0.15900000000000003,0.45400000000000007,0.6329979122223203
d40b2f36b80db31a83b859c91ea3da08f3f50b01,33,0.8936068321494134,0,0.581,0,0,0.0,0.002,0,0,0.008,0.07400000000000001,0,0,0.052000000000000005,0.444,0.6329979122223203
2c6ade7b4ad7efebde9ca1dcf63e3d6736bd4a8b,21,0.7861673210510421,1,1.1489999999999996,1,1,0.052000000000000005,0.10700000000000001,1,1,0.064,0.9879999999999999,1,1,0.142,1.0259999999999996,0.6329979122223203
42a6523041e710087640ceaab11d3abcd34f3a72,21,0.7601932950770162,1,1.0349999999999997,1,1,0.07100000000000001,0.11500000000000002,1,1,0.09000000000000002,0.8889999999999999,1,1,0.16900000000000004,0.9349999999999999,0.6329979122223203
a7cc306d58e87dd1bb759ccf379e5892bc0bf53b,33,0.8122755207917634,0,0.931,0,0,0.0,0.021,0,0,0.004,0.14500000000000002,0,0,0.041,0.831,0.6329979122223203
72c3dff259dba51e6279167d6af1cec1bcb8d0a0,33,0.7796312554872695,0,0.919,0,0,0.0,0.025000000000000005,0,0,0.008,0.116,0,0,0.07200000000000001,0.807,0.6329979122223203
f6092e643c29800c7392d77ab9cfefae904c797f,33,0.8328677468273605,0,1.018,0,0,0.0,0.025,0,0,0.014,0.136,0,0,0.076,0.901,0.6329979122223203
a1fa76a75aa3e388b9b73817693936719e787b9a,38,0.8436826331563174,1,0.754,1,1,0.081,0.098,1,1,0.08900000000000001,0.18400000000000002,1,1,0.12500000000000003,0.648,0.6329979122223203
ed0623ea072fa79e6cd25f47681477c8070f6352,38,0.8420526841579475,1,0.872,1,1,0.044000000000000004,0.07300000000000001,1,1,0.05200000000000001,0.17200000000000001,1,1,0.10400000000000002,0.744,0.6329979122223203
3b150d932c92ef78587c3cb629df5af5cafeee02,33,0.8236092265943014,0,1.014,0,0,0.0,0.01,0,0,0.008,0.194,0,0,0.07,0.918,0.6329979122223203
4cfa8764f81756f33eaed8c10f85c91fd7f2fe10,38,0.828907934171092,1,1.0939999999999996,1,1,0.071,0.12699999999999997,1,1,0.09100000000000001,0.277,1,1,0.18200000000000005,0.944,0.6329979122223203
5d40dfbb96d07ae57ebfeea659a5a307d8d897b4,33,0.8275201532444728,0,0.656,0,0,0.0,0.012,0,0,0.014,0.085,0,0,0.06199999999999999,0.571,0.6329979122223203
9d2568ccc102a9f479d1dc446fc45cec78cca577,36,0.7924225595458471,0,0.8920000000000001,0,0,0.0,0.045000000000000005,0,0,0.020999999999999998,0.203,0,0,0.09600000000000002,0.803,0.6329979122223203
b4615a436bbafc40b579a56e031b2fec26ae464e,34,0.8518816222141029,0,1.0379999999999998,0,0,0.002,0.016,0,0,0.034,0.161,0,0,0.128,0.888,0.6329979122223203
e00ed7d83b1c51b5be326425e0e5af982c3bc0f9,34,0.8052612349287539,0,0.9600000000000001,0,0,0.0,0.024,0,0,0.021,0.176,0,0,0.083,0.884,0.6329979122223203
710ec9c824c6c333809dc7650e6b2084b2c24796,7,0.757142857142857,0,0.6000000000000001,0,0,0.001,0.495,0,0,0.003,0.529,0,0,0.043,0.537,0.6329979122223203
bcd5612608c7835b96917339b8019bd33d599cfd,37,0.7920910384068279,1,0.9720000000000001,1,1,0.047,0.12100000000000001,1,1,0.053000000000000005,0.24100000000000002,1,1,0.11699999999999999,0.857,0.6329979122223203
3fc33876829da504027a31b30973217215f04011,40,0.8285004516711837,1,0.8590000000000001,1,1,0.063,0.10600000000000001,1,1,0.067,0.163,1,1,0.10300000000000004,0.7750000000000001,0.6329979122223203
34c42d738e522e0aa2c540d8c1dd1cf743370475,34,0.8490317866276944,0,0.6910000000000001,0,0,0.0,0.005,0,0,0.004,0.07100000000000001,0,0,0.036,0.627,0.6329979122223203
d92b59aa5276b1c9b223cfe0b0cda6901fd6ab07,34,0.7838509316770185,0,0.9050000000000001,0,0,0.0,0.010000000000000002,0,0,0.005,0.137,0,0,0.047,0.7910000000000001,0.6329979122223203
10f26d9a4df168372aaa634279d10e9d368f17b8,34,0.8205334307636096,0,0.787,0,0,0.001,0.009000000000000001,0,0,0.011000000000000001,0.066,0,0,0.043,0.723,0.6329979122223203
d51a5d13ceda085936af92e79e99be949119bddf,41,0.8195289870282525,1,0.842,1,1,0.046,0.081,1,1,0.05600000000000001,0.16700000000000004,1,1,0.11300000000000004,0.74,0.6329979122223203
88b9182b1d19081e7326295c7c2d2787c564a4d7,34,0.8442089879430033,0,0.935,0,0,0.0,0.012000000000000002,0,0,0.012,0.093,0,0,0.052,0.799,0.6329979122223203
dfc76427dd7fdb008da8e04f542d7da4944c5801,32,0.8215909090909091,0,0.893,0,0,0.001,0.012000000000000004,0,0,0.01,0.12000000000000001,0,0,0.069,0.811,0.6329979122223203
51d6b54f3bd869ba6d7d8e1a06c61b799a7734e3,32,0.8218531468531468,0,0.995,0,0,0.001,0.016,0,0,0.016,0.126,0,0,0.084,0.8689999999999999,0.6329979122223203
cd021cd05432f1b9109a1f5f40ba6fdeaf4d4fef,34,0.8102301790281329,0,0.979,0,0,0.0,0.015,0,0,0.011000000000000001,0.13,0,0,0.057,0.8819999999999999,0.6329979122223203
38ab2aebd4f3cac653da8ff05405ba0cf3d201ca,34,0.8265984654731456,0,0.9440000000000001,0,0,0.0,0.011,0,0,0.01,0.133,0,0,0.062000000000000006,0.8360000000000001,0.6329979122223203
9373d3db42e4010d9f508eb328e61b6677feb707,32,0.7804195804195807,0,0.849,0,0,0.0,0.02,0,0,0.012,0.10200000000000001,0,0,0.07400000000000001,0.776,0.6329979122223203
52785df5f053747f9c8cc492b2e7a8090eda332d,35,0.79832327297116,0,0.9369999999999999,0,0,0.0,0.077,0,0,0.009000000000000001,0.21600000000000003,0,0,0.09400000000000001,0.8250000000000001,0.6329979122223203
aacd1d77d8c53ac57ae60091c5115e76f650bf03,36,0.8270393681352586,1,0.9550000000000001,1,1,0.055999999999999994,0.126,1,1,0.062,0.24,1,1,0.121,0.876,0.6329979122223203
432d40cda70fb2475b828ad42437bfc1a0bedbfb,36,0.8026656793780081,0,0.8220000000000001,0,0,0.003,0.05,0,0,0.018000000000000002,0.168,0,0,0.09999999999999999,0.73,0.6329979122223203
b8378c93ad40002a5262f35f4ee3f238a516994e,34,0.8250639386189257,0,0.9660000000000001,0,0,0.0,0.018,0,0,0.017,0.131,0,0,0.083,0.8640000000000001,0.6329979122223203
a10426f76c13f3f1ed385510a1a7d43e3f7ab261,34,0.8221410303251733,0,0.967,0,0,0.0,0.016,0,0,0.02,0.10300000000000001,0,0,0.09600000000000002,0.8840000000000001,0.6329979122223203
9f60e45f20141f14f5f29778cb8fdb79529257f3,34,0.8308366824990864,0,0.875,0,0,0.0,0.007,0,0,0.005,0.10400000000000001,0,0,0.046,0.78,0.6329979122223203
ffa3bda0d47f79e55b918eb8163f926291b5c546,32,0.8079545454545455,0,0.872,0,0,0.0,0.019999999999999997,0,0,0.01,0.11000000000000001,0,0,0.068,0.7589999999999999,0.6329979122223203
c04b7dcee9b1048cc3a41cff7dcee330326208dc,37,0.7887339971550498,1,0.6480000000000001,1,1,0.075,0.11499999999999999,1,1,0.076,0.15400000000000003,1,1,0.09600000000000002,0.6130000000000001,0.6329979122223203
f2150810206d9e5eee16225d09c546bd4911cccd,34,0.8399707709170624,0,0.805,0,0,0.0,0.015000000000000003,0,0,0.012,0.12400000000000001,0,0,0.083,0.659,0.6329979122223203
5e43799ad9cb3203f5394ec8772d21b9b9fdc3e2,7,0.7428571428571429,0,0.604,0,0,0.0,0.002,0,0,0.003,0.5479999999999999,0,0,0.032,0.578,0.6329979122223203
3762f8a73323b2094cbbc4805b8e822e86216502,32,0.8000000000000002,0,0.968,0,0,0.001,0.017,0,0,0.031,0.149,0,0,0.10400000000000001,0.8529999999999999,0.6329979122223203
a27aa21616b06215fe9f6b39fb47f696a09c0385,32,0.8080419580419581,0,0.7839999999999998,0,0,0.001,0.014,0,0,0.015,0.08499999999999999,0,0,0.065,0.6910000000000001,0.6329979122223203
c7b71fcc1a5fea64d4e42b1d1bf2395e1ad91e9b,34,0.8324442820606501,0,0.8470000000000001,0,0,0.0,0.003,0,0,0.006,0.07500000000000001,0,0,0.035,0.776,0.6329979122223203
129d1efc2a1928bb8d39984f8a74614ebe488325,34,0.851077822433321,0,0.8810000000000001,0,0,0.0,0.019000000000000003,0,0,0.006,0.11400000000000002,0,0,0.072,0.7630000000000001,0.6329979122223203
20422ca931c126b5aa30320fae1615864632098b,37,0.8388051209103842,1,0.9209999999999999,1,1,0.053,0.096,1,1,0.06,0.169,1,1,0.096,0.7969999999999999,0.6329979122223203
bb9a9cab66070f13f070e37e923fddc4dfde6b55,32,0.8276223776223778,0,0.87,0,0,0.003,0.030000000000000002,0,0,0.012,0.128,0,0,0.07600000000000001,0.7510000000000001,0.6329979122223203
7143329509a4d42586dc1bee5d749747f78942a1,34,0.7948118377785895,0,0.933,0,0,0.0,0.015000000000000001,0,0,0.008,0.15200000000000002,0,0,0.10800000000000001,0.8160000000000002,0.6329979122223203
08d1e4bea08f5a8de1ef394ebf84ea5d8e5c3940,37,0.8522901849217637,1,0.9500000000000001,1,1,0.059000000000000004,0.116,1,1,0.061000000000000006,0.17300000000000004,1,1,0.098,0.8670000000000001,0.6329979122223203
46f674dd4c1960d6df3400bf1d3c88a200be04c7,37,0.8324324324324324,1,1.0649999999999997,1,1,0.07,0.14600000000000002,1,1,0.07900000000000001,0.21600000000000003,1,1,0.14600000000000005,0.8910000000000001,0.6329979122223203
8c5369562390bee531eb35c00744821b0c4821e3,34,0.8517354767994154,0,0.965,0,0,0.002,0.029000000000000005,0,0,0.017,0.15300000000000002,0,0,0.076,0.848,0.6329979122223203
8649a39d7d7a6859ebcd8c29ed5615ea5c3da5fd,34,0.8365363536719035,0,0.8989999999999999,0,0,0.0,0.016,0,0,0.007,0.08100000000000002,0,0,0.033,0.776,0.6329979122223203
d05290da0ed62db680a1d0dfeb246f50f6f3254a,34,0.8309097552064301,0,1.147,0,0,0.001,0.025000000000000005,0,0,0.023000000000000003,0.175,0,0,0.109,1.002,0.6329979122223203
05325b21dc8144b9b825f89bee024d7b283b4d47,34,0.8401169163317498,0,0.8120000000000002,0,0,0.0,0.013000000000000001,0,0,0.007,0.07600000000000001,0,0,0.054,0.7280000000000001,0.6329979122223203
7ce99325c0eb28133f4d75f9d50d9876bd780ffd,37,0.8423328591749643,1,1.2019999999999997,1,1,0.084,0.247,1,1,0.09300000000000001,0.3380000000000001,1,1,0.15800000000000003,1.068,0.6329979122223203
ce0195eb76ab011b6c47da5f496910370c8be16c,34,0.8180489587139201,0,0.9740000000000001,0,0,0.0,0.010000000000000002,0,0,0.014,0.14,0,0,0.078,0.8670000000000001,0.6329979122223203
10b61f097487200dbc4f3d08b9834054801fd6f0,40,0.8341915085817527,1,0.925,1,1,0.047,0.095,1,1,0.06000000000000001,0.214,1,1,0.15900000000000003,0.765,0.6329979122223203
76ef600c1c8929a75709f39e4f634820167e10ab,34,0.8309097552064301,0,0.9990000000000001,0,0,0.0,0.023000000000000003,0,0,0.01,0.07100000000000001,0,0,0.056,0.894,0.6329979122223203
6705ae5ec33524e26c5e84006406c7789fd96a1a,32,0.8187937062937063,0,0.9179999999999999,0,0,0.0,0.017,0,0,0.009000000000000001,0.137,0,0,0.05500000000000001,0.799,0.6329979122223203
67070c9883b2481f2d48aa03f435cf4bfdba1f87,36,0.8243243243243242,4,1.4249999999999998,4,1,0.398,0.145,4,1,0.41800000000000004,0.28200000000000003,4,1,0.51,0.9389999999999998,0.6329979122223203
49a5070321cb019bef64bbced46418678801b0d3,34,0.7959810010960904,3,1.366,3,0,0.358,0.025,3,0,0.385,0.17099999999999999,3,0,0.48400000000000004,0.8800000000000001,0.6329979122223203
5e68fbf48f42e033fe3ccec14d80a54842b0f859,34,0.8203142126415782,3,1.229,3,0,0.34600000000000003,0.027,3,0,0.35900000000000004,0.13500000000000004,3,0,0.42100000000000004,0.7340000000000001,0.6329979122223203
ca4415f17aafd2d5016bee6b687cfffdf554544c,37,0.8043243243243243,3,0.9830000000000001,3,0,0.301,0.010000000000000002,3,0,0.306,0.049,3,0,0.325,0.6150000000000001,0.6329979122223203
6c3e6d2e5752af2cd22f4fc56ae83c5282e5d4c6,37,0.8154765291607394,4,1.4029999999999998,4,1,0.45299999999999996,0.098,4,1,0.45499999999999996,0.18700000000000003,4,1,0.497,0.9059999999999999,0.6329979122223203
6a8639fb133fe22fa414b7d91bb92940acdd7112,34,0.7995615637559371,3,1.1660000000000001,3,0,0.327,0.015,3,0,0.335,0.11300000000000002,3,0,0.37900000000000006,0.7120000000000001,0.6329979122223203
271f32a2a034377f15ce1c1d28705c9cd47e03cf,34,0.8127146510778224,3,1.2680000000000002,3,0,0.386,0.019,3,0,0.402,0.136,3,0,0.464,0.761,0.6329979122223203
9b60c4088b221c3b566d0cdd777e045c86960642,34,0.754548776032152,3,1.3,3,0,0.335,0.019000000000000003,3,0,0.335,0.14600000000000002,3,0,0.35800000000000004,0.8470000000000001,0.6329979122223203
772dc82286665255ad6c2eabfa7ad67178282346,40,0.8280487804878052,4,1.213,4,1,0.402,0.121,4,1,0.40800000000000003,0.19200000000000003,4,1,0.4730000000000001,0.758,0.6329979122223203
5335188811cadb3a0e44618477c68738502422bd,34,0.82572159298502,3,1.4809999999999999,3,0,0.375,0.028999999999999998,3,0,0.378,0.152,3,0,0.41700000000000004,0.9470000000000001,0.6329979122223203
80d5f794e00b5dd6de1a6b5edcf6106e5b2aa524,12,0.7815384615384614,1,0.7819999999999999,1,1,0.039,0.10999999999999999,1,1,0.042,0.19999999999999998,1,1,0.093,0.7729999999999999,0.6329979122223203
85a31bafec147591ce5c74f08bfd9243ceff9193,43,0.7892396296566305,4,1.02,4,1,0.33199999999999996,0.068,4,1,0.33199999999999996,0.10500000000000001,4,1,0.33999999999999997,0.5940000000000001,0.6329979122223203
e34bbd05bd69ebde97fe1ae8606a476d6fbdc401,13,0.7484737484737484,3,1.202,3,0,0.33899999999999997,0.047,3,0,0.357,0.642,3,0,0.44599999999999995,0.757,0.6329979122223203
85352c3fb4cfd98a764bba8aab2666732bd47b52,34,0.8198027036901715,3,1.298,3,0,0.341,0.031,3,0,0.34900000000000003,0.133,3,0,0.4,0.7959999999999999,0.6329979122223203
f72c86fd7fe4210f5113b6aaf18d18c062765fcf,6,0.7252747252747254,0,0.7650000000000001,0,0,0.001,0.5920000000000001,0,0,0.044,0.671,0,0,0.095,0.685,0.6329979122223203
42b21ca42350bca5f853e83065e7028622a451f7,34,0.7841432225063937,3,1.383,3,0,0.33799999999999997,0.03900000000000001,3,0,0.346,0.194,3,0,0.409,0.935,0.6329979122223203
d1fb17ce3021f8bac135aef3fd306d62c877c13c,39,0.784566699123661,4,0.969,4,1,0.302,0.07900000000000001,4,1,0.302,0.127,4,1,0.322,0.6000000000000001,0.6329979122223203
6b7b46bbb509afbe98a3bd709287a71073a30850,36,0.8169196593854129,4,1.4359999999999997,4,1,0.40900000000000003,0.07400000000000001,4,1,0.41600000000000004,0.233,4,1,0.4680000000000001,0.9970000000000001,0.6329979122223203
2be4717722a1ad33377b9e69b3237a2e71d34e21,34,0.8210449397150165,3,1.256,3,0,0.35600000000000004,0.009000000000000001,3,0,0.36200000000000004,0.10300000000000001,3,0,0.3990000000000001,0.812,0.6329979122223203
67a59fbb9a80a35cea64be19dde5d2318a6eba11,34,0.8050420168067225,3,1.5539999999999998,3,0,0.381,0.044000000000000004,3,0,0.404,0.19399999999999998,3,0,0.49200000000000005,1.008,0.6329979122223203
d054adb540b257d51ec82c8d1e56629a6c3eae00,39,0.8289191820837389,4,1.267,4,1,0.328,0.091,4,1,0.334,0.18200000000000002,4,1,0.4060000000000001,0.861,0.6329979122223203
c0b8ac0744f043ef5c34f2136b22554a6533ce72,34,0.8138107416879794,3,1.436,3,0,0.383,0.025,3,0,0.401,0.17600000000000002,3,0,0.48400000000000004,0.934,0.6329979122223203
1b97cac0cc03077014b5b2c0b56026f02230c639,39,0.8498539435248296,4,1.2710000000000001,4,1,0.39999999999999997,0.076,4,1,0.40299999999999997,0.123,4,1,0.446,0.7560000000000001,0.6329979122223203
bb7f5257abd39ae608074ebea37b570ec56222f8,37,0.8246941678520626,4,1.5329999999999997,4,1,0.402,0.07100000000000001,4,1,0.41700000000000004,0.194,4,1,0.505,1.0379999999999996,0.6329979122223203
432758b75511c2f9cea262193cbc6174bc7d8bc0,35,0.798658618376928,3,1.2180000000000002,3,0,0.292,0.017,3,0,0.299,0.087,3,0,0.34,0.8360000000000001,0.6329979122223203
26e7506412ef43e6b624793bbd06b42361546ea2,41,0.815121111624197,4,1.345,4,1,0.377,0.10300000000000001,4,1,0.382,0.169,4,1,0.40800000000000003,0.9500000000000001,0.6329979122223203
816a958b8332944f6a4b436b01349894c06c95be,35,0.8016767270288395,3,1.057,3,0,0.23199999999999998,0.016,3,0,0.24,0.07600000000000001,3,0,0.30800000000000005,0.73,0.6329979122223203
364199bd7a696e56f6df773f6b919263e6d6edd4,36,0.8305565839812413,3,1.4939999999999998,3,0,0.342,0.016,3,0,0.36500000000000005,0.14100000000000001,3,0,0.44900000000000007,1.0079999999999998,0.6329979122223203
027f8dab306575c1ecf6f6a9a7521254f54a0bda,7,0.7928571428571427,0,0.836,0,0,0.001,0.001,0,0,0.003,0.6829999999999999,0,0,0.033,0.8059999999999999,0.6329979122223203
fc05550b235f70e467fac0484fdc1bf2b4a376b7,41,0.8275051425213046,4,1.482,4,1,0.462,0.11399999999999999,4,1,0.47300000000000003,0.195,4,1,0.529,0.9580000000000001,0.6329979122223203
de16de1032ae8a11a3cc513654354fcb64139369,35,0.8260898725687456,3,1.455,3,0,0.39,0.004,3,0,0.4,0.15300000000000002,3,0,0.51,0.899,0.6329979122223203
95aa6a9abaebb525d9dda9d400c7e83dd5475f3c,7,0.7428571428571429,0,0.6900000000000001,0,0,0.0,0.001,0,0,0.001,0.607,0,0,0.037000000000000005,0.655,0.6329979122223203
df1bffa3c77f4ede4c912f2c3e78b5c8857725e7,35,0.8019450033534539,3,1.3739999999999997,3,0,0.35,0.033,3,0,0.375,0.127,3,0,0.462,0.8280000000000001,0.6329979122223203
cb038cf880cf275996b80493aa82f0b84b7ff5c4,41,0.8084463288694849,4,1.3110000000000002,4,1,0.383,0.115,4,1,0.387,0.153,4,1,0.41800000000000004,0.8650000000000001,0.6329979122223203
6ed1441ca4c5de7e66648edfeafa16854707482c,37,0.826913229018492,3,1.254,3,0,0.353,0.06,3,0,0.366,0.113,3,0,0.42300000000000004,0.778,0.6329979122223203
421b63108f1ffcccb14bace256fe56529def70e6,43,0.8153021797769191,4,1.208,4,1,0.418,0.10800000000000001,4,1,0.419,0.14400000000000002,4,1,0.45299999999999996,0.743,0.6329979122223203
d0e994bd8c9d03bf4767df4eec3bd9acbb5635e6,42,0.7902677350009774,4,1.4009999999999998,4,1,0.36,0.082,4,1,0.365,0.17700000000000002,4,1,0.4,0.9990000000000001,0.6329979122223203
2504f23bdf7229fd7e10be72eafecbf75b99f70c,38,0.8178663441821334,4,1.3399999999999996,4,1,0.385,0.092,4,1,0.388,0.14600000000000002,4,1,0.42000000000000004,0.9739999999999999,0.6329979122223203
06025937f9c2db7de9dd7d3449c976d1f4568214,38,0.8261738261738258,4,1.4869999999999997,4,1,0.504,0.18899999999999997,4,1,0.517,0.34099999999999997,4,1,0.5840000000000001,1.0129999999999997,0.6329979122223203
6b4d227f588025e6593523b463af28d08936bdb2,39,0.8033592989289192,4,1.605,4,1,0.41700000000000004,0.14900000000000002,4,1,0.44700000000000006,0.36100000000000004,4,1,0.5710000000000001,1.0909999999999997,0.6329979122223203
bd9de37d44b5d692445de71cfad89c070b038e81,39,0.7971762414800388,3,1.5509999999999997,3,0,0.32899999999999996,0.021,3,0,0.346,0.15800000000000003,3,0,0.43400000000000005,1.0780000000000003,0.6329979122223203
d5f7f20c7173be79976b87f774c3fc538d2a515d,40,0.7833785004516715,4,1.325,4,1,0.384,0.14500000000000002,4,1,0.384,0.18300000000000005,4,1,0.41000000000000003,0.8099999999999999,0.6329979122223203
5479c27bdb532773f7887ebb0056a372b328f253,37,0.8147368421052629,3,1.4160000000000001,3,0,0.308,0.022,3,0,0.335,0.126,3,0,0.41000000000000003,0.9270000000000002,0.6329979122223203
e917d7e1c76d2654f350fa3064135e523e19c15a,39,0.8121713729308668,3,1.3,3,0,0.319,0.008,3,0,0.325,0.11500000000000002,3,0,0.38400000000000006,0.8580000000000001,0.6329979122223203
1bebbcde401ea5d7e870ce53ba2ef43fc8842c12,37,0.8373826458036984,3,1.44,3,0,0.34,0.037000000000000005,3,0,0.36700000000000005,0.132,3,0,0.45200000000000007,0.9339999999999999,0.6329979122223203
c9c118aa86a1ff473b94dddd7fb28d640837e194,38,0.8102423891897578,3,1.3429999999999997,3,0,0.282,0.019,3,0,0.298,0.12100000000000001,3,0,0.375,0.8820000000000001,0.6329979122223203
a45b8ba455c9a2e109be49248d8f2a6425e7c75d,38,0.8217046111782954,3,1.444,3,0,0.387,0.022,3,0,0.394,0.10400000000000001,3,0,0.4620000000000001,0.8400000000000001,0.6329979122223203
f6883fffa5352673eb6788aeb2f67815031ef5f1,38,0.8180240811819761,3,1.5499999999999998,3,0,0.35100000000000003,0.027999999999999997,3,0,0.37200000000000005,0.09100000000000001,3,0,0.44600000000000006,0.897,0.6329979122223203
8893040c0e1b33a55c5c83bf964ed5ebd5709a74,38,0.7998317472001685,3,1.4290000000000003,3,0,0.36200000000000004,0.016,3,0,0.36500000000000005,0.12100000000000001,3,0,0.4020000000000001,0.8970000000000001,0.6329979122223203
a68a8f1b905e8d28a393e900d9545f50c365f4d2,6,0.8901098901098902,0,0.763,0,0,0.001,0.001,0,0,0.008,0.666,0,0,0.039,0.726,0.6329979122223203
13cfd1e2aeb9d71ded557eb2d2f1e6787124b30e,38,0.8428939481571059,3,1.4809999999999999,3,0,0.344,0.024,3,0,0.356,0.12700000000000003,3,0,0.43100000000000005,0.8510000000000001,0.6329979122223203
fac7ddd9b25c3f5fb42bb0e488139bbe86c85623,6,0.7912087912087912,0,0.6739999999999999,0,0,0.001,0.006,0,0,0.019,0.577,0,0,0.046,0.6459999999999999,0.6329979122223203
dd2ef2a9ddc906ac198a945e5139b9b3ac462b55,38,0.8384773121615228,3,1.4089999999999996,3,0,0.363,0.006,3,0,0.371,0.10300000000000001,3,0,0.43800000000000006,0.851,0.6329979122223203
d165fa49d09a60087cbd4dbfc5c93467ba0a1ec7,38,0.7804300962195699,3,1.3579999999999999,3,0,0.33299999999999996,0.015000000000000003,3,0,0.33499999999999996,0.20700000000000002,3,0,0.377,0.844,0.6329979122223203
db338f176ce4a952577796089e23930592e2878f,43,0.8120215790624769,4,1.545,4,1,0.434,0.131,4,1,0.44,0.22500000000000003,4,1,0.506,0.9339999999999999,0.6329979122223203
6ff843f5691acdbce63c03cc51b3be1100103491,40,0.7924570912375792,4,1.5059999999999998,4,1,0.42899999999999994,0.17200000000000001,4,1,0.43599999999999994,0.266,4,1,0.514,0.95,0.6329979122223203
d1d3b545b2cae9db3b02ab34c6bfebc4d57a6867,19,0.8639676113360324,0,0.6880000000000001,0,0,0.001,0.004,0,0,0.007,0.069,0,0,0.053000000000000005,0.14900000000000002,0.6329979122223203
7f6bfc733ae4d47ddd682bb9c6c68de87a3d6953,8,0.7058823529411764,0,0.8959999999999999,0,0,0.0,0.753,0,0,0.001,0.829,0,0,0.07,0.829,0.6329979122223203
5089cbd3e495232a5ae57dfb9bc32727fbbcf35d,44,0.818386108273749,4,1.5979999999999999,4,1,0.55,0.17600000000000002,4,1,0.551,0.24000000000000002,4,1,0.5920000000000001,0.9650000000000001,0.6329979122223203
528debd0bbd46f0748c9ff3016c115f2a7d7f16c,44,0.8211780728634664,4,1.3559999999999997,4,1,0.381,0.118,4,1,0.385,0.193,4,1,0.40900000000000003,0.92,0.6329979122223203
3289d699ed8e472ab42f6e03a7f0fd53e1ff1e47,40,0.7783197831978323,4,1.471,4,1,0.372,0.146,4,1,0.379,0.2720000000000001,4,1,0.4760000000000001,0.961,0.6329979122223203
6457908546e9753db615e751cbcefbcea7784d83,52,0.7814845531826667,4,1.3810000000000002,4,1,0.388,0.14200000000000002,4,1,0.392,0.16300000000000003,4,1,0.41200000000000003,0.8230000000000002,0.6329979122223203
f4ca1da3b04d25127d9b63f2e44761037b7ddea8,43,0.8243056061821098,3,1.3589999999999998,3,0,0.27899999999999997,0.025,3,0,0.289,0.135,3,0,0.34099999999999997,0.8360000000000001,0.6329979122223203
8a31d5a38ab3e99fa41199ecff51c2cd3977fc89,8,0.6617647058823529,3,1.06,3,0,0.319,0.073,3,0,0.335,0.715,3,0,0.36900000000000005,0.733,0.6329979122223203
06fb55faf59880f46c894d1dfb1423a0b951fe9a,45,0.8064978499761106,3,1.312,3,0,0.355,0.024,3,0,0.361,0.097,3,0,0.396,0.7270000000000001,0.6329979122223203
3cefea2ba000ddd87875c0eb20d096c4b6a89ae2,52,0.7787061994609169,4,1.2389999999999999,4,1,0.38599999999999995,0.133,4,1,0.38599999999999995,0.179,4,1,0.436,0.732,0.6329979122223203
97e39900adc3288e40cb6b2c13c97c9af2b51417,45,0.7916865742952699,3,1.08,3,0,0.235,0.051000000000000004,3,0,0.239,0.129,3,0,0.29700000000000004,0.678,0.6329979122223203
ab36b3638181d20eb9ad971109ffcc9aeef8efb3,50,0.7918695398951658,4,1.28,4,1,0.358,0.097,4,1,0.36,0.24,4,1,0.401,0.7740000000000001,0.6329979122223203
813573898a95e1360632f9ba4f3968b9de8e6acb,50,0.7693884682585904,4,1.181,4,1,0.367,0.083,4,1,0.369,0.205,4,1,0.389,0.7510000000000001,0.6329979122223203
49c127c489679d3e3311d1f53b63b5fe595386e2,45,0.7856983596114031,3,1.536,3,0,0.392,0.061,3,0,0.394,0.23500000000000004,3,0,0.44000000000000006,1.017,0.6329979122223203
5379e4d0ae8f9b890521b4ec2328c3dbe63e6ac7,47,0.8045912653975364,4,1.4279999999999995,4,1,0.398,0.065,4,1,0.403,0.19799999999999998,4,1,0.45000000000000007,0.942,0.6329979122223203
f24a817987fe1990a9ff65b31dba7fa4b44969e6,9,0.8175438596491228,0,0.903,0,0,0.003,0.005,0,0,0.034999999999999996,0.101,0,0,0.1,0.83,0.6329979122223203
d4cbd137844ca28e6d98c87e8e1f727e250bbbef,51,0.7907129991653123,4,1.2200000000000002,4,1,0.332,0.135,4,1,0.338,0.255,4,1,0.38700000000000007,0.8550000000000002,0.6329979122223203
d7aba13a8b65e66dedc01c51b73e3794cbe68a62,53,0.8020337389055427,4,1.4909999999999997,4,1,0.447,0.12200000000000001,4,1,0.451,0.28300000000000003,4,1,0.524,0.9879999999999999,0.6329979122223203
91c44458b28de91bcd2e8ef553e8d6d2d8fa9014,47,0.7783594624860024,4,1.4509999999999998,4,1,0.404,0.09,4,1,0.42700000000000005,0.272,4,1,0.519,0.9590000000000001,0.6329979122223203
f525b59e5a58de0626f2b25ed4d6b6e351f26a34,46,0.7628539882426667,3,1.195,3,0,0.256,0.049,3,0,0.27,0.176,3,0,0.32900000000000007,0.8360000000000001,0.6329979122223203
4fda17d9c5a5293b94bb548faec1e76612f97db3,46,0.7659872877562592,3,1.6940000000000004,3,0,0.257,0.07600000000000001,3,0,0.29600000000000004,0.377,3,0,0.4000000000000001,1.2750000000000004,0.6329979122223203
72dc12e68947bb06c05b2d37d64c37e1ad367b45,48,0.7715390279823271,3,1.33,3,0,0.267,0.03,3,0,0.267,0.094,3,0,0.276,0.9849999999999999,0.6329979122223203
a783c7860fab8cbc884b05a57f2c0865f03acf67,46,0.776879233684462,3,1.6669999999999996,3,0,0.331,0.11800000000000001,3,0,0.343,0.306,3,0,0.41500000000000004,1.038,0.6329979122223203
bf5f58e9577d0e0346fcf6f476488059d2ab2114,50,0.7940128130460106,4,1.548,4,1,0.34299999999999997,0.08300000000000002,4,1,0.347,0.216,4,1,0.394,1.0339999999999998,0.6329979122223203
c8eef19811a41af60c32232c34c88bdb862c1048,51,0.7960286429732463,4,1.582,4,1,0.40800000000000003,0.16399999999999998,4,1,0.40800000000000003,0.32,4,1,0.44600000000000006,0.9600000000000001,0.6329979122223203
c94321f07457498be70c30024d03228ebef56230,6,0.9560439560439559,0,0.853,0,0,0.003,0.003,0,0,0.014,0.051,0,0,0.059,0.102,0.6329979122223203
b54ce7d381c404c1ed4271bbe858a33492a323a6,53,0.7832637786790494,4,1.7,4,1,0.34,0.194,4,1,0.35600000000000004,0.35500000000000004,4,1,0.4430000000000001,1.2079999999999997,0.6329979122223203
90c2de1a357a4b6290db21c19c160380c6741ea3,47,0.7734042553191488,3,1.725,3,0,0.273,0.08600000000000001,3,0,0.31600000000000006,0.327,3,0,0.4560000000000001,1.1380000000000001,0.6329979122223203
5cda372c861bfef675b7f4f8bbc9c169081e60df,53,0.7944513019455709,4,1.432,4,1,0.265,0.16200000000000003,4,1,0.274,0.325,4,1,0.3440000000000001,0.99,0.6329979122223203
552566981db14849a84b4a7e7cca5fa242261932,47,0.7706326987681971,3,1.3450000000000002,3,0,0.225,0.034,3,0,0.225,0.165,3,0,0.259,0.9490000000000002,0.6329979122223203
6b419d529735f3fc50ca0824cf1245d0f5c82b1a,53,0.7758380846019708,4,1.689,4,1,0.366,0.15200000000000002,4,1,0.372,0.328,4,1,0.42500000000000004,1.13,0.6329979122223203
1e1ce4788dba2ccf8792d9ccb3de39b32541de9a,48,0.7713023353671364,4,3.7089999999999996,4,1,1.0569999999999997,0.507,4,1,1.148,0.968,4,1,1.483,2.069,0.6329979122223203
89eeffe0e762d352f20540cee99f9a39c6fe5d71,6,0.9560439560439562,0,1.04,0,0,0.002,0.002,0,0,0.011,0.055999999999999994,0,0,0.055999999999999994,0.10099999999999999,0.6329979122223203
3705ce1c4bc30140b3316d677b89c6c150eb1236,7,0.8928571428571428,0,0.632,0,0,0.001,0.003,0,0,0.006,0.05800000000000001,0,0,0.063,0.115,0.6329979122223203
1a9de794847c6f7bfda51249225ead066f9f4387,12,0.7507692307692307,3,2.154,3,0,0.308,0.121,3,0,0.32,0.16899999999999998,3,0,0.454,0.34400000000000003,0.6329979122223203
bd4910c044c2cf00c9146ac7afee3026d5226ac4,43,0.7259604869869504,3,1.9569999999999999,3,0,0.268,0.137,3,0,0.30700000000000005,0.371,3,0,0.42300000000000004,1.564,0.6329979122223203
7bd0dced3d912af84df7a208ba2a82b910cb0986,47,0.7588745800671893,3,2.0949999999999998,3,0,0.293,0.165,3,0,0.307,0.35400000000000004,3,0,0.42600000000000005,1.5629999999999997,0.6329979122223203
22a88b48eee9562efee085e92d70d97137a760b5,47,0.7455767077267638,3,1.426,3,0,0.068,0.13,3,0,0.07600000000000001,0.19000000000000003,3,0,0.08800000000000002,1.2039999999999997,0.6329979122223203
f00613709ff7cad2e6b63c823d3d9b74b38597f6,10,0.6909090909090909,3,1.5579999999999994,3,0,0.253,1.2019999999999997,3,0,0.255,1.2229999999999996,3,0,0.26,1.2239999999999995,0.6329979122223203
ac0969315655180c09b8139c16bded09c068d498,46,0.7448300558025726,3,1.254,3,0,0.08800000000000001,0.12000000000000001,3,0,0.09200000000000001,0.18900000000000003,3,0,0.10300000000000001,1.0559999999999998,0.6329979122223203
da5f04345a0ea02027d4728afad1aec3fff90726,50,0.7564356435643564,4,1.5829999999999997,4,1,0.238,0.20199999999999999,4,1,0.246,0.36100000000000004,4,1,0.259,1.244,0.6329979122223203
a776efcc361ae263ff5e174fb98a31dfa79c3003,40,0.750858175248419,3,1.113,3,0,0.115,0.013000000000000001,3,0,0.116,0.114,3,0,0.126,0.977,0.6329979122223203
35b98af0bf889defb35a8b1782a76b03392a83aa,49,0.7401360544217687,4,1.641,4,1,0.262,0.10900000000000001,4,1,0.272,0.22600000000000003,4,1,0.28400000000000003,1.2889999999999997,0.6329979122223203
aa0158c17f72ca95eecef41173a5d2cb2d8c202f,46,0.7350422249410642,3,1.5419999999999998,3,0,0.166,0.159,3,0,0.17800000000000002,0.28900000000000003,3,0,0.19200000000000003,1.1949999999999998,0.6329979122223203
6f08468f903f826dcbf9a7d088fd974502708eff,48,0.7040027351146645,3,1.566,3,0,0.201,0.04500000000000001,3,0,0.20500000000000002,0.18800000000000003,3,0,0.21700000000000003,1.23,0.6329979122223203
9006788e6abc535d300c6d211d26a7e57b82968e,6,0.8681318681318682,0,1.2059999999999997,0,0,0.0,0.0,0,0,0.0,0.004,0,0,0.001,0.004,0.6329979122223203
55128dae3d3698366960aec67c4d8f5d67f9ec4f,53,0.7145124316698993,4,1.617,4,1,0.20800000000000002,0.184,4,1,0.21700000000000003,0.31100000000000005,4,1,0.23000000000000004,1.3729999999999993,0.6329979122223203
786f7dc0de0db15d3399357c4d902dc61d347975,9,0.8035087719298245,0,1.2449999999999999,0,0,0.001,0.128,0,0,0.003,0.135,0,0,0.023,0.167,0.6329979122223203
5803200e14f0cafa064d60f7165bd01a803d6d1c,50,0.7770762958648807,4,1.841,4,1,0.242,0.082,4,1,0.253,0.17900000000000002,4,1,0.265,1.3409999999999997,0.6329979122223203
def09ea881f1d47ba98a1b23b105c07e69e0a7a5,48,0.7157321691563222,3,1.6129999999999998,3,0,0.204,0.014000000000000002,3,0,0.211,0.259,3,0,0.223,1.2979999999999996,0.6329979122223203
8896fea978b49510b917c432695a476737ae44f8,49,0.7152752009894868,4,1.4399999999999995,4,1,0.213,0.05600000000000001,4,1,0.225,0.1,4,1,0.23700000000000002,1.1429999999999993,0.6329979122223203
71a86d44192f43a1b36945cf90ec2a7158249cc8,47,0.7075027995520716,3,1.2399999999999998,3,0,0.139,0.012,3,0,0.14300000000000002,0.051000000000000004,3,0,0.15500000000000003,1.007,0.6329979122223203
3cc227480a52641bd03b73dc5efbcfaa71bfecfc,47,0.7274636058230682,3,1.3699999999999992,3,0,0.184,0.009000000000000001,3,0,0.192,0.07600000000000001,3,0,0.20400000000000001,1.0939999999999996,0.6329979122223203
bc3b66f87f2a72b757685c0dd9f12cfd32610b1c,49,0.7405071119356833,4,3.213999999999999,4,1,0.334,0.132,4,1,0.339,0.24000000000000002,4,1,0.35100000000000003,2.790999999999999,0.6329979122223203
9488026333bf88df02d2af726c07ec9e73a3f2c0,48,0.7073164317273302,3,1.635,3,0,0.203,0.038000000000000006,3,0,0.20400000000000001,0.09200000000000003,3,0,0.21600000000000003,1.3439999999999999,0.6329979122223203
d9c675b45dabfc97257ec64b5e06086ddc07b66d,48,0.7874237323795497,3,1.323,3,0,0.21100000000000002,0.028999999999999998,3,0,0.21900000000000003,0.096,3,0,0.23100000000000004,1.0349999999999997,0.6329979122223203
e1541edada135139ed098c5a1aa974774aab660a,7,0.8214285714285715,0,1.1119999999999999,0,0,0.0,0.0,0,0,0.001,0.005,0,0,0.003,0.007,0.6329979122223203
c9ba33b940cffbf3e8c656361e8882012f7da125,10,0.7714285714285716,0,1.2679999999999998,0,0,0.001,0.003,0,0,0.004,0.019000000000000003,0,0,0.008,1.2650000000000001,0.6329979122223203
844477cb474f2be5c4417b7cbab0e6dd12774ad9,59,0.722845748468879,4,1.5049999999999997,4,1,0.253,0.156,4,1,0.263,0.18300000000000005,4,1,0.278,1.2039999999999995,0.6329979122223203
66c855633292177ea66732ec1a710461621e20db,54,0.7507923269391158,4,1.3699999999999999,4,1,0.202,0.19,4,1,0.21400000000000002,0.273,4,1,0.22700000000000004,1.113,0.6329979122223203
6f3b6302fa840972aa4cfeb72267f21b669f67a5,50,0.7575771694816539,4,1.4849999999999997,4,1,0.22900000000000004,0.063,4,1,0.24000000000000005,0.179,4,1,0.25200000000000006,1.2059999999999995,0.6329979122223203
50e03eb4ae63919f2d56b48e79cfa1486ca5f305,54,0.7021221388193867,4,1.533,4,1,0.374,0.225,4,1,0.385,0.296,4,1,0.398,1.177,0.6329979122223203
f4049768370ad9c04b8868d94d06807727eacb76,54,0.7172829209526458,4,1.466,4,1,0.302,0.16499999999999998,4,1,0.304,0.23500000000000001,4,1,0.317,1.1100000000000003,0.6329979122223203
5e99d53a97099b772e09ee2e086b301368193126,11,0.6897233201581029,0,1.2709999999999997,0,0,0.001,0.033,0,0,0.004,0.046000000000000006,0,0,0.009000000000000001,1.2679999999999998,0.6329979122223203
966aeb8ba20fbd3602212482769bc263bbbe5307,48,0.7251998737639386,3,1.4119999999999997,3,0,0.155,0.013000000000000001,3,0,0.166,0.04,3,0,0.17800000000000002,1.1419999999999995,0.6329979122223203
dbfc9299b1eeabf75c0f4b4b151413cd77338105,45,0.7939799331103679,3,1.4079999999999995,3,0,0.21,0.016000000000000004,3,0,0.216,0.04,3,0,0.227,1.1109999999999998,0.6329979122223203
99e9836fb9c826ab924f77fd2534f706dd9636a9,43,0.720492819129547,3,1.5259999999999998,3,0,0.239,0.009000000000000001,3,0,0.248,0.097,3,0,0.259,1.2829999999999997,0.6329979122223203
34270c7a1396fcc88cac32225aa92bb98f126e2d,55,0.7401719901719904,4,1.3499999999999996,4,1,0.21800000000000003,0.14100000000000001,4,1,0.22800000000000004,0.178,4,1,0.24200000000000005,1.047,0.6329979122223203
1288b4be87190b18ad0bb361255068527abe0894,11,0.774703557312253,0,1.3359999999999996,0,0,0.001,0.057,0,0,0.004,0.087,0,0,0.01,1.3299999999999998,0.6329979122223203
182cb96b4bc6142a4e42749a1a560b286aeee618,55,0.7345735345735347,4,1.3089999999999997,4,1,0.13299999999999998,0.147,4,1,0.143,0.17300000000000001,4,1,0.157,1.0559999999999998,0.6329979122223203
c291f17b7fb9944f38b522fc7c0d9a50fcb12107,42,0.7504397107680281,3,1.3399999999999999,3,0,0.24100000000000002,0.006,3,0,0.24600000000000002,0.10300000000000001,3,0,0.256,1.0939999999999992,0.6329979122223203
3a3b89a5740d2bfa5209a58fc00e4da489ec0d2e,54,0.7207673060884071,4,1.512,4,1,0.229,0.122,4,1,0.23600000000000002,0.318,4,1,0.24900000000000003,1.2000000000000002,0.6329979122223203
a7d2147942d58e92371d21796dd31848f28b5898,54,0.7245853025669539,4,1.3989999999999998,4,1,0.16299999999999998,0.11200000000000002,4,1,0.177,0.18200000000000002,4,1,0.19,1.144,0.6329979122223203
17b455065d2b8cba10e146dbbfc8d52137069be1,49,0.6920222634508348,4,1.2040000000000002,4,1,0.178,0.07400000000000001,4,1,0.182,0.101,4,1,0.194,0.995,0.6329979122223203
6f9fb615bd7e7bdc6693d11ae1e9207e416ebaa5,54,0.7461403021036049,4,1.4129999999999998,4,1,0.24100000000000002,0.185,4,1,0.25,0.256,4,1,0.263,1.158,0.6329979122223203
43d8121322911a13565567c31b47cc0e7552f7fe,50,0.7531508444962143,4,1.1560000000000001,4,1,0.17400000000000002,0.048,4,1,0.18100000000000002,0.08500000000000002,4,1,0.19300000000000003,0.9280000000000002,0.6329979122223203
e1ad3bab78a491d6e7e19ee6bc7ba4df8ee72c84,49,0.7274706246134819,4,1.503,4,1,0.257,0.04900000000000001,4,1,0.266,0.29900000000000004,4,1,0.278,1.1889999999999998,0.6329979122223203
02ff807911d1eac3cadb37f7fe3a127d7ff999fb,54,0.7248818459827634,4,1.6749999999999998,4,1,0.271,0.172,4,1,0.28300000000000003,0.277,4,1,0.29600000000000004,1.3169999999999997,0.6329979122223203
5602ba966ddad275f7622d9a89cd8f7bf6048236,47,0.7380179171332587,3,1.3599999999999997,3,0,0.14300000000000002,0.013000000000000005,3,0,0.14900000000000002,0.08000000000000002,3,0,0.16100000000000003,1.1139999999999999,0.6329979122223203
6e9ba1bd83402ce46db976c56d84906779322995,9,0.8701754385964913,0,1.253,0,0,0.0,0.004,0,0,0.002,0.008,0,0,0.007,0.011000000000000001,0.6329979122223203
d269818bac634c8c7085f90e4653a47c14a2d0ec,51,0.809866889250099,4,1.427,4,1,0.284,0.07200000000000001,4,1,0.292,0.14200000000000002,4,1,0.305,1.0039999999999996,0.6329979122223203
f636d15b147bde9ae007770ab3d4f0c222a6ce76,8,0.8627450980392157,0,1.218,0,0,0.001,0.003,0,0,0.004,0.016,0,0,0.022,0.127,0.6329979122223203
8b750678937d4fa33f37378f6f77fe202ce1f26b,8,0.8872549019607843,0,1.169,0,0,0.002,0.004,0,0,0.008,0.024,0,0,0.023,0.028,0.6329979122223203
4fb512166091e6f0df48147ce342eb86a027fa8a,49,0.7324427952999382,3,1.2120000000000002,3,0,0.166,0.023000000000000003,3,0,0.17300000000000001,0.055,3,0,0.18500000000000003,0.9370000000000002,0.6329979122223203
e2d8c697629c96bfcc3dd343ad5d95aceaacaccf,49,0.7696722325293756,3,1.28,3,0,0.23600000000000002,0.011,3,0,0.24600000000000002,0.042,3,0,0.258,0.931,0.6329979122223203
78998a67983d6bcebb37a2795674ed07094878a7,49,0.7365986394557824,3,1.2550000000000001,3,0,0.21100000000000002,0.018000000000000002,3,0,0.22000000000000003,0.093,3,0,0.23200000000000004,0.8650000000000001,0.6329979122223203
c6449002c4cbc969e2f711cd3916d7b826fa7c72,55,0.7344331344331346,4,2.585,4,1,0.327,0.27,4,1,0.337,0.371,4,1,0.35100000000000003,2.1870000000000003,0.6329979122223203
308451bd19913fd92531577d63ea737f84981a36,49,0.6910080395794682,3,1.5619999999999996,3,0,0.215,0.025,3,0,0.227,0.082,3,0,0.23900000000000002,1.1579999999999997,0.6329979122223203
7281c3c505bbf66a918e1959e66ae95bd12d054f,55,0.7634959634959637,4,1.5679999999999996,4,1,0.36,0.256,4,1,0.372,0.35100000000000003,4,1,0.387,1.184,0.6329979122223203
df8f10bac1e2eefa7e129d36cdc3c8f0106f782c,55,0.7196560196560198,4,1.1790000000000003,4,1,0.14100000000000001,0.158,4,1,0.14900000000000002,0.20900000000000002,4,1,0.16300000000000003,0.9750000000000001,0.6329979122223203
5126f691b11b07bedd56dfd7baabe5df7665bf92,55,0.7659354159354163,4,1.4189999999999994,4,1,0.213,0.158,4,1,0.221,0.234,4,1,0.23500000000000001,1.1669999999999998,0.6329979122223203
1db3f043bbad418927415504e5f8199a8d2fa0e9,55,0.7588276588276589,4,1.3429999999999997,4,1,0.20900000000000002,0.081,4,1,0.22000000000000003,0.133,4,1,0.23400000000000004,0.967,0.6329979122223203
8b45e8ea6dc6e8256d1b37917705f374a1fc0b98,49,0.7622758194186767,3,1.4729999999999999,3,0,0.25,0.019999999999999997,3,0,0.256,0.064,3,0,0.27,1.017,0.6329979122223203
f8e631cbdcb370a0426855de60bbcc031fc1db67,55,0.7573710073710077,4,1.4649999999999999,4,1,0.27599999999999997,0.122,4,1,0.282,0.21500000000000002,4,1,0.296,1.087,0.6329979122223203
2b4a5aee6de4dac125dcdc45e64031c97673985b,55,0.7403299403299405,4,1.4089999999999998,4,1,0.308,0.164,4,1,0.318,0.246,4,1,0.333,1.017,0.6329979122223203
5639a6582e2c64be96dfc8b7b257b722f9d63aea,49,0.7476314162028449,3,1.63,3,0,0.20099999999999998,0.013000000000000001,3,0,0.213,0.045,3,0,0.225,1.2789999999999995,0.6329979122223203
dd98ec23fdb23e734e979c75fc7dd5b71077ed6f,55,0.7463495963495965,4,1.3180000000000003,4,1,0.315,0.152,4,1,0.326,0.22100000000000003,4,1,0.34,0.9470000000000002,0.6329979122223203
650a9700ddfd586e320f67ef300bb841cef22b36,42,0.7509087355872581,3,1.426,3,0,0.225,0.005,3,0,0.229,0.10400000000000001,3,0,0.23900000000000002,1.1949999999999996,0.6329979122223203
2ed7f3b0c6f8dba57ce7c38945f56cc938182c6c,55,0.7612671112671114,4,1.9129999999999996,4,1,0.328,0.155,4,1,0.34,0.227,4,1,0.35400000000000004,1.3179999999999998,0.6329979122223203
494799659fe8f943409c30ee0e647bd07e62862c,49,0.7310327767470624,3,1.356,3,0,0.272,0.01,3,0,0.279,0.046,3,0,0.29100000000000004,1.011,0.6329979122223203
b9e1553ee2baa5321ad2aa7eff3a826fbe0efdf4,50,0.7706930693069307,4,1.551,4,1,0.243,0.07100000000000001,4,1,0.252,0.12100000000000001,4,1,0.265,1.2089999999999996,0.6329979122223203
d9c5e0aef93daad59fc27d0e194fcf0d2f293c35,50,0.7804309842748981,4,1.3190000000000002,4,1,0.257,0.066,4,1,0.267,0.10900000000000001,4,1,0.279,0.9900000000000002,0.6329979122223203
71dac3696a0b5e7af483b0d7dc467a4d5651caa9,51,0.7813337433554455,4,1.463,4,1,0.288,0.07600000000000001,4,1,0.292,0.137,4,1,0.305,1.0879999999999999,0.6329979122223203
270bb713d206a401384b1021289f6b02c8b1e2a2,51,0.7380617669024295,4,4.079000000000001,4,1,0.303,0.098,4,1,0.314,0.15100000000000002,4,1,0.327,3.76,0.6329979122223203
3a486336fbc1e478ebd09a4465c31b0678bdd7b2,58,0.7800056946754784,4,5.840999999999999,4,1,0.9059999999999999,0.21200000000000002,4,1,0.9189999999999999,0.906,4,1,0.9349999999999999,2.0319999999999996,0.6329979122223203
27cd53c8dd87aa064a6ca5516ea25939f6e242a9,50,0.7779615608619684,3,4.473,3,0,0.17300000000000001,0.013,3,0,0.18600000000000003,0.071,3,0,0.20300000000000004,1.0429999999999997,0.6329979122223203
0ca1d7eb680189acb0cacf936736f808ad33fc69,50,0.7435760046592893,3,5.361999999999998,3,0,0.302,0.031,3,0,0.31,0.07700000000000001,3,0,0.324,1.3879999999999995,0.6329979122223203
ec49cd73608987ac787b30d60a0b292f75f7023d,7,0.9428571428571428,0,4.148,0,0,0.0,0.0,0,0,0.002,0.006999999999999999,0,0,0.034,3.106,0.6329979122223203
b2e2cc52cfb2b82059f531d978f739d7aa6a6b0c,42,0.7539183115106509,3,4.380999999999999,3,0,0.26899999999999996,0.005,3,0,0.27699999999999997,0.131,3,0,0.287,0.994,0.6329979122223203
7cb5fc984f8995bad485b782c96e848af9346715,57,0.7435334964096898,4,4.418,4,1,0.40099999999999997,0.167,4,1,0.40199999999999997,0.229,4,1,0.416,1.1300000000000001,0.6329979122223203
cffc896a6d3366d7c94693b08b796dc7a37be556,49,0.7836734693877551,3,4.339,3,0,0.226,0.018000000000000002,3,0,0.23800000000000002,0.069,3,0,0.251,0.9060000000000001,0.6329979122223203
a9ef94ec7673945f5b5c279164c034652bc5ed49,49,0.7728385899814472,3,4.624,3,0,0.175,0.024,3,0,0.18,0.079,3,0,0.192,1.075,0.6329979122223203
7e48a3912583ccb3a27ffbdb24027ddac7224623,9,0.8421052631578947,0,1.1219999999999999,0,0,0.0,0.006,0,0,0.001,0.010000000000000002,0,0,0.005,0.011000000000000003,0.6329979122223203
b18e534c5d2f75ee7b542ea8be3ee88b04dbc651,46,0.7642266718390978,3,4.799,3,0,0.162,0.01,3,0,0.17400000000000002,0.04400000000000001,3,0,0.18500000000000003,1.1299999999999997,0.6329979122223203
9c66c6988427656e2367008940447a15dc92e94a,56,0.7944141326768249,4,3.63,4,1,0.274,0.186,4,1,0.28800000000000003,0.24800000000000003,4,1,0.30400000000000005,0.99,0.6329979122223203
10b195f210769a0dca7826d06dafe75f6b99de41,48,0.7969440353460974,3,4.494000000000001,3,0,0.22699999999999998,0.005,3,0,0.23399999999999999,0.068,3,0,0.248,1.0329999999999997,0.6329979122223203
ffe7dc1c4e5e99d6803fa82d8a6f2b47c76137e5,48,0.8004418262150221,3,4.494999999999999,3,0,0.196,0.007,3,0,0.20400000000000001,0.07600000000000001,3,0,0.21600000000000003,0.906,0.6329979122223203
897f3afc9e96e0c8336e0607fda2adeb25afb10c,49,0.7666295609152753,3,4.952,3,0,0.221,0.018000000000000002,3,0,0.231,0.08600000000000002,3,0,0.24800000000000003,1.2689999999999997,0.6329979122223203
0792917cf1785db3f60bec6d23a8de38d543d59f,49,0.8079653679653679,3,4.7540000000000004,3,0,0.194,0.013000000000000001,3,0,0.20600000000000002,0.086,3,0,0.22200000000000003,1.1599999999999997,0.6329979122223203
7b82418fa5ee09c09fbfe5fcdb837695804c2c8a,55,0.7672867672867675,4,6.352000000000001,4,1,0.532,0.20900000000000002,4,1,0.544,0.41400000000000003,4,1,0.562,2.7,0.6329979122223203
8a30f7c31c6b54e9b6def5f5a8aefcaea506a182,48,0.7715127288028615,3,4.193999999999999,3,0,0.174,0.01,3,0,0.18,0.035,3,0,0.193,1.0779999999999994,0.6329979122223203
f2962ab7e9dde95ecc506c721013d9ad027966fd,47,0.778835386338186,4,4.4190000000000005,4,1,0.256,0.044000000000000004,4,1,0.264,0.098,4,1,0.278,1.0379999999999998,0.6329979122223203
07299dbeff143047f6cc363a62e03328cf75fd4d,7,0.9571428571428571,0,3.755,0,0,0.0,0.0,0,0,0.002,0.002,0,0,0.045,2.6369999999999996,0.6329979122223203
83c55cfa262317ee7b614cc34280f7f8bd34c9ec,11,0.7865612648221343,1,1.2589999999999997,1,1,0.038,0.038,1,1,0.039,0.14200000000000002,1,1,0.043,1.257,0.6329979122223203
0bcb1b9ef2d56adb12f0d02f70941bc26883ea90,49,0.7689053803339517,3,4.0040000000000004,3,0,0.222,0.011000000000000001,3,0,0.233,0.052000000000000005,3,0,0.24500000000000002,0.9970000000000001,0.6329979122223203
7ccb1f42f051fcb9952948ccee14ef52960a1651,49,0.7529251700680271,3,4.183,3,0,0.24000000000000002,0.013000000000000001,3,0,0.252,0.08500000000000002,3,0,0.266,1.2899999999999998,0.6329979122223203
21343b40e93d96ab7cfd518622712fd83cec5469,49,0.7495609152752013,3,4.803999999999999,3,0,0.211,0.028,3,0,0.223,0.099,3,0,0.242,1.16,0.6329979122223203
e347ca1cc55fc9551c51ebd313c28361b2006ba9,49,0.7422881880024738,3,4.315,3,0,0.214,0.011000000000000001,3,0,0.225,0.07,3,0,0.23900000000000002,1.0689999999999997,0.6329979122223203
52a8ad1379952daa60b59a1cc1992f2ba937d0e0,49,0.7869882498453926,3,4.616,3,0,0.27899999999999997,0.009000000000000001,3,0,0.29,0.05,3,0,0.302,1.1289999999999996,0.6329979122223203
987c3c61058c73ee827caaadcb51c1a790c419e7,49,0.7639332096474951,3,6.622,3,0,0.33599999999999997,0.064,3,0,0.348,0.17900000000000002,3,0,0.361,3.012,0.6329979122223203
e3fb56b6eef26211e70071ee81a44973942a1117,7,0.9142857142857141,0,4.638,0,0,0.001,0.001,0,0,0.003,0.007,0,0,0.046,3.4069999999999996,0.6329979122223203
4f96e123e42e3265cfe05c0325a9d9793a38e1e2,7,0.9785714285714286,0,4.6339999999999995,0,0,0.0,0.0,0,0,0.005,0.005,0,0,0.094,3.4219999999999997,0.6329979122223203
