cycle_id,num_testsuite,NORMALIZED_RPA,total_failures_in_cycle,exec_time,optimal_failures_25%,failures_in_25%_ordered,optimal_exec_time_25%,exec_time_25%,optimal_failures_50%,failures_in_50%_ordered,optimal_exec_time_50%,exec_time_50%,optimal_failures_75%,failures_in_75%_ordered,optimal_exec_time_75%,exec_time_75%,ddp
d5a24430061654ac5319ba1392415e7f3958a475,26,0.8121270762780197,0.0,86.04400000000001,0.0,0.0,0.001,0.011000000000000003,0.0,0.0,0.189,28.165000000000003,0.0,0.0,15.913,64.28800000000001,-1.0
0047005da62e887eb4f1784b5890e0aac6ad89b3,18,0.8397344713134189,0.0,46.25699999999999,0.0,0.0,0.001,0.001,0.0,0.0,0.208,18.806999999999995,0.0,0.0,9.293,40.458999999999996,-1.0
f283f4c4b6183504135a98a3e0d77eb89f391bcf,26,0.8482502822125462,0.0,85.34899999999999,0.0,0.0,0.001,0.009000000000000001,0.0,0.0,0.21399999999999997,37.477,0.0,0.0,16.648,63.185,-1.0
411cf6223e17554a0cb1f2c7ea4113391ba437f1,26,0.8432510885341075,0.0,84.90800000000002,0.0,0.0,0.0,0.004,0.0,0.0,0.19699999999999998,38.116,0.0,0.0,15.787999999999998,63.14399999999999,-1.0
1edcd55fc5b2627f4eb52111f955af589a47adc7,6,0.9120879120879121,0.0,31.009999999999998,0.0,0.0,0.0,0.0,0.0,0.0,3.2270000000000003,11.192,0.0,0.0,8.7,11.416,-1.0
e45c8fbc3e119e5044bd0143ba253380ec45ecbf,13,0.8803418803418803,0.0,28.4,0.0,0.0,0.001,0.002,0.0,0.0,0.004,19.464,0.0,0.0,3.114,22.557,-1.0
f4bc7cb026b668257dcd5b083282fc6c2f70f2e9,13,0.8803418803418803,0.0,28.296,0.0,0.0,0.001,0.002,0.0,0.0,0.004,19.230999999999998,0.0,0.0,3.1590000000000003,22.456,-1.0
11dca5f8746e7b7d43cd62635497946d309fcb60,16,0.8429144385026739,0.0,51.092,0.0,0.0,0.001,6.8469999999999995,0.0,0.0,0.025,26.242,0.0,0.0,9.107999999999999,29.282999999999998,-1.0
f05518d99227ade0b7928592c28a67ff1f0b3bf3,16,0.8609625668449198,0.0,51.119,0.0,0.0,0.004,6.694,0.0,0.0,0.030000000000000002,26.501,0.0,0.0,8.806999999999999,29.349,-1.0
812121b8e36f8588973c7ed4deb44838a5616d61,16,0.8703208556149733,0.0,53.477000000000004,0.0,0.0,0.001,6.7860000000000005,0.0,0.0,0.033,28.865000000000002,0.0,0.0,8.838,31.720000000000002,-1.0
e176d65e03aee3135bf91691c0a43f0ef7f24b02,14,0.8758620689655171,0.0,30.900000000000002,0.0,0.0,0.001,0.001,0.0,0.0,0.017,22.231,0.0,0.0,3.027,25.168000000000003,-1.0
c510b94ad8905d4346980c68af1dec143c0f4813,14,0.8857142857142856,0.0,30.894000000000005,0.0,0.0,0.0,0.001,0.0,0.0,0.007,22.252000000000002,0.0,0.0,2.975,25.182000000000002,-1.0
21d75a867ed4659b6796406ea26510f683f3ee42,23,0.8496762257169288,0.0,71.347,0.0,0.0,0.001,0.007,0.0,0.0,0.016,15.198,0.0,0.0,11.616,49.70399999999999,-1.0
358509bd7f7553356ad086ff93bbf5e9aaaf7753,23,0.8660962072155413,0.0,72.96900000000001,0.0,0.0,0.0,0.002,0.0,0.0,0.020999999999999998,29.308,0.0,0.0,11.917,39.618,-1.0
c5dc98d98d8b1d06585b9e23e04418532a6cb3d8,14,0.8660098522167488,0.0,31.131999999999998,0.0,0.0,0.0,0.002,0.0,0.0,0.005,22.186,0.0,0.0,3.1559999999999997,25.111,-1.0
b7df9811bf66d7f8ae855a82572fc8472b206c5b,9,0.8771929824561403,0.0,39.425,0.0,0.0,0.0,0.076,0.0,0.0,0.002,6.9140000000000015,0.0,0.0,0.161,23.204000000000004,-1.0
155eac83dbf06ca184a49e35577aca1c0f295299,9,0.8491228070175437,0.0,39.625,0.0,0.0,0.002,0.106,0.0,0.0,0.004,6.914000000000001,0.0,0.0,0.20800000000000002,23.461,-1.0
35a456bb612cdf33cf84a92098ce58ee9a298137,9,0.8561403508771929,0.0,39.436,0.0,0.0,0.0,0.077,0.0,0.0,0.002,6.729,0.0,0.0,0.167,23.27,-1.0
a0c48c1e155462c2851b41eb7aa707f310516411,16,0.8362299465240642,0.0,73.819,0.0,0.0,0.012,5.465,0.0,0.0,3.2070000000000003,32.305,0.0,0.0,20.161,52.037000000000006,-1.0
b53521ba1a104bb725b63f5d11c551447b78ea59,16,0.8449197860962567,0.0,74.463,0.0,0.0,0.008,5.469000000000001,0.0,0.0,3.215,33.786,0.0,0.0,20.024,55.43000000000001,-1.0
ea82ea44b4d9e1578d479a5ba5bbd539e15f8d54,23,0.8716466234967623,0.0,93.28299999999999,0.0,0.0,0.002,0.007,0.0,0.0,0.402,22.875,0.0,0.0,24.258999999999997,55.705,-1.0
a78ebb040a841a14fa0ab8260977f9d2b92623a9,18,0.8563300142247512,0.0,54.784,0.0,0.0,0.003,0.004,0.0,0.0,0.17500000000000002,13.637999999999998,0.0,0.0,9.033,37.366,-1.0
8e4a56526f342b5ebaf36ea2003a614ddb7e4059,12,0.7999999999999999,0.0,30.817,0.0,0.0,0.002,5.711,0.0,0.0,0.196,22.316,0.0,0.0,5.899,28.058,-1.0
bc4cd88aa7d8343dbb031c65d141f4b021a95d0a,18,0.8212422949265055,0.0,50.015,0.0,0.0,0.0,0.001,0.0,0.0,0.18400000000000002,28.762,0.0,0.0,9.043,39.032000000000004,-1.0
bba1b111e213523054d467c3fe477d0722437a2d,12,0.7876923076923075,0.0,31.336000000000002,0.0,0.0,0.006,5.598,0.0,0.0,0.2,22.29,0.0,0.0,6.388,28.375,-1.0
e5707c51408626d40bc07c70e337494386343feb,16,0.8235294117647058,0.0,75.022,0.0,0.0,0.009000000000000001,5.4590000000000005,0.0,0.0,3.166,33.994,0.0,0.0,19.845000000000002,56.019000000000005,-1.0
8c2c5f6b0bf96c162bd98eae595f06b5ba990bc9,18,0.8046467520151731,0.0,48.391,0.0,0.0,0.003,6.509,0.0,0.0,0.20600000000000002,28.868,0.0,0.0,9.001,38.674,-1.0
76c80ad2819c85f71977e584bd1bfb3704ae6fa1,18,0.7913703176861071,0.0,54.245999999999995,0.0,0.0,0.003,6.541,0.0,0.0,0.20299999999999999,29.215,0.0,0.0,8.879999999999999,38.988,-1.0
64a13ee391894a1aa8b9c0d40d91783d5804377d,11,0.8162055335968379,0.0,20.507,0.0,0.0,0.001,0.069,0.0,0.0,0.247,1.437,0.0,0.0,4.125,14.750000000000002,-1.0
f76767876fd6ba07b4005c9a77b772ad1edfd663,19,0.7542510121457489,0.0,53.38099999999999,0.0,0.0,0.0,6.4910000000000005,0.0,0.0,0.028000000000000004,40.434000000000005,0.0,0.0,9.233,50.510000000000005,-1.0
329acd8cdd3c7b8c2475ba2fa4fe94c53b6e8b88,19,0.7404858299595141,0.0,56.230000000000004,0.0,0.0,0.001,6.982,0.0,0.0,0.012,43.299,0.0,0.0,9.303,53.28199999999999,-1.0
ff6400238181b6d4ceda00c1eec79da6877bb171,24,0.7616326530612245,0.0,64.39,0.0,0.0,0.012,12.659000000000002,0.0,0.0,0.639,30.695,0.0,0.0,11.009999999999998,39.796,-1.0
d815c27f7652dce234403fd95b55278a0423b5b6,6,0.8021978021978022,0.0,18.281,0.0,0.0,0.001,0.001,0.0,0.0,0.011000000000000001,6.92,0.0,0.0,4.35,13.940999999999999,-1.0
adece42b0228e45f0fd0b131db25080b9a926611,22,0.8123847167325428,0.0,89.42200000000001,0.0,0.0,0.007,8.084999999999999,0.0,0.0,0.521,41.867999999999995,0.0,0.0,20.124000000000002,64.791,-1.0
5dd2debd744ac8d57570e05070ad742bd9c82af2,9,0.8807017543859648,0.0,66.862,0.0,0.0,0.039,0.046,0.0,0.0,5.62,11.4,0.0,0.0,17.043,45.17099999999999,-1.0
82dc4a18c2118323e4b43cc36a77114d0427f5e6,35,0.7825620389000667,0.0,80.61900000000001,0.0,0.0,0.003,6.591,0.0,0.0,0.062000000000000006,42.278999999999996,0.0,0.0,7.925,52.838,-1.0
70822f11d1a290a74f91fa688d73cf76650e3b4b,9,0.9122807017543859,0.0,29.685000000000002,0.0,0.0,0.001,0.019,0.0,0.0,0.028,5.711,0.0,0.0,3.173,8.856000000000002,-1.0
d7969ac934e752e7a7b258fa5a5af9a563c40a13,27,0.8477633477633479,0.0,93.28199999999998,0.0,0.0,0.004,0.04,0.0,0.0,0.092,25.507000000000005,0.0,0.0,19.356,68.744,-1.0
bc7a3969c039f179d5a73c8aff19cfe19d511503,6,0.9120879120879121,0.0,11.813,0.0,0.0,0.0,0.001,0.0,0.0,0.259,3.3979999999999997,0.0,0.0,3.1550000000000002,3.3979999999999997,-1.0
af598460ac9990c2a02823b3cfbdaf9f5429ad5e,6,0.989010989010989,0.0,11.627,0.0,0.0,0.001,0.001,0.0,0.0,0.275,0.275,0.0,0.0,3.113,3.158,-1.0
171528a88cca65f5b192be643c2425458d1edfbb,13,0.9023199023199023,0.0,35.91,0.0,0.0,0.008,0.036000000000000004,0.0,0.0,0.249,6.021,0.0,0.0,6.023,11.795,-1.0
81aea944160608838cb2d7cdfb0d9b6893a655d9,36,0.811983216092805,0.0,97.295,0.0,0.0,0.005,6.851999999999999,0.0,0.0,0.29400000000000004,21.703000000000003,0.0,0.0,14.729000000000001,57.201,-1.0
3449a42bbaeed0ff5b0d07998169ff2896bf45c7,36,0.7702085647291126,0.0,102.76899999999999,0.0,0.0,0.005,7.135,0.0,0.0,0.35400000000000004,48.827,0.0,0.0,14.883,78.28699999999999,-1.0
91f7e267e61047614751763f6c5968a1ff65f82c,23,0.7830712303422757,0.0,58.655,0.0,0.0,0.021,6.731,0.0,0.0,0.4570000000000001,13.965,0.0,0.0,7.8,39.86600000000001,-1.0
5bac43f7b775c9c876af614e745f80ccb495f01f,9,0.8771929824561403,0.0,20.001,0.0,0.0,0.0,0.024,0.0,0.0,0.008,0.034,0.0,0.0,0.042,8.035,-1.0
16c46bdb4330287fa64cbb2b71014c76852e5c8b,6,0.846153846153846,0.0,17.663,0.0,0.0,0.001,0.001,0.0,0.0,0.009999999999999998,6.995,0.0,0.0,4.208,13.463000000000001,-1.0
749e5b3918721a1143905e1482916d8674128a5e,6,0.8021978021978022,0.0,18.958,0.0,0.0,0.002,0.003,0.0,0.0,0.013000000000000001,6.625,0.0,0.0,4.297,14.672,-1.0
04e3fe1d2cfd176784f164413010d87a01f1e5c2,7,0.8357142857142857,0.0,17.971,0.0,0.0,0.001,0.039,0.0,0.0,0.011,0.048,0.0,0.0,4.4399999999999995,13.579,-1.0
3fe15786c11fdcf1808aacc05b8b15d61f7ce23e,32,0.7928321678321678,0.0,76.90799999999999,0.0,0.0,0.008,7.8119999999999985,0.0,0.0,0.33199999999999996,38.608999999999995,0.0,0.0,11.334,52.24,-1.0
8215e0c44341bd27d453be77f5258205470792b0,8,0.8480392156862744,0.0,19.407999999999998,0.0,0.0,0.002,0.032,0.0,0.0,0.016,0.044,0.0,0.0,4.361000000000001,15.090999999999998,-1.0
6b54375904329efb89c1e1bd2791c5f621608502,28,0.7929738138449572,0.0,75.368,0.0,0.0,0.019000000000000003,7.925,0.0,0.0,0.587,26.109,0.0,0.0,11.349,56.278000000000006,-1.0
258371be0c31e424ad2392313f15fd126830996c,14,0.8640394088669947,0.0,29.684000000000005,0.0,0.0,0.0,0.02,0.0,0.0,0.022,13.334999999999999,0.0,0.0,6.013,21.006,-1.0
fa10cfda08c3e12c5c187c1880f52f89284eb0e6,18,0.9279279279279281,0.0,79.25200000000001,0.0,0.0,0.014000000000000002,2.194,0.0,0.0,5.425,30.648000000000003,0.0,0.0,19.848,36.663000000000004,-1.0
15e3ba0f7bbf0adec8ca93d6acaf5f488582c949,19,0.8627530364372469,0.0,76.096,0.0,0.0,0.009000000000000001,2.0810000000000004,0.0,0.0,0.5670000000000001,30.692999999999998,0.0,0.0,16.785999999999998,36.72,-1.0
a43ae9596574fc686113f10db3c620e2430e76ec,7,0.9714285714285714,0.0,28.822,0.0,0.0,0.002,0.002,0.0,0.0,0.263,5.753,0.0,0.0,8.851,8.851,-1.0
01d5d9ec40923e93e80c5cde15aea60df5465ffb,11,0.9130434782608696,0.0,66.84299999999999,0.0,0.0,0.013000000000000001,0.035,0.0,0.0,2.106,7.8000000000000025,0.0,0.0,20.296000000000003,44.229,-1.0
b92a3885ad0eade44d5eb10e8815547633a93b63,11,0.9130434782608696,0.0,67.28900000000002,0.0,0.0,0.012,0.034,0.0,0.0,2.101,8.016,0.0,0.0,20.726000000000003,44.67400000000001,-1.0
f40aeaeaa0baec1b8b83dd53433b28d1c107047c,45,0.8191113234591494,0.0,121.70100000000001,0.0,0.0,0.005,0.035,0.0,0.0,0.077,37.08500000000001,0.0,0.0,7.002000000000001,78.95400000000001,-1.0
7337960cd67e3222855ed2b9ed24d591df6a608e,9,0.9929824561403509,0.0,49.164,0.0,0.0,0.0,0.0,0.0,0.0,0.037000000000000005,0.037000000000000005,0.0,0.0,11.737,11.737,-1.0
66d70b10e324d0ff75c837a6798c8c19975b0e4a,20,0.8494773519163763,0.0,79.846,0.0,0.0,0.015,2.131,0.0,0.0,2.529,31.046,0.0,0.0,20.046999999999997,53.708,-1.0
b137fda65be70c4431a7a09ca379e40a300760e1,6,0.9010989010989011,0.0,17.917999999999996,0.0,0.0,0.0,0.0,0.0,0.0,0.028,6.800999999999999,0.0,0.0,4.286,13.643999999999998,-1.0
8a579d304595853012ccf8c2bc93022c383a35bb,11,0.9288537549407115,0.0,67.248,0.0,0.0,0.013000000000000001,0.03,0.0,0.0,2.124,7.8020000000000005,0.0,0.0,20.554,44.269,-1.0
6a80bb8910244fce92165887ff9dbf3fcce8beda,13,0.9072039072039072,0.0,70.828,0.0,0.0,0.031,0.034,0.0,0.0,2.307,13.709,0.0,0.0,16.847,34.338,-1.0
6269141ad08dd618701432dd6729f8bc898ec0e2,11,0.9288537549407115,0.0,68.078,0.0,0.0,0.015,0.032,0.0,0.0,2.132,7.673,0.0,0.0,20.452,44.885,-1.0
91c30237317a31cfc56224ce63e34636add62c0c,11,0.9229249011857709,0.0,66.74600000000001,0.0,0.0,0.014000000000000002,0.036000000000000004,0.0,0.0,2.143,7.745,0.0,0.0,20.189000000000004,44.011,-1.0
d603fc52f548b5e50985b0c6c09e1357bef8aafa,11,0.9130434782608696,0.0,67.02,0.0,0.0,0.007,0.038000000000000006,0.0,0.0,2.095,7.693,0.0,0.0,20.431000000000004,44.235,-1.0
f6c1c4be33054ec634edf10f16bec71b6f85e3cd,11,0.9130434782608696,0.0,67.392,0.0,0.0,0.014000000000000002,0.032,0.0,0.0,2.1519999999999997,7.7269999999999985,0.0,0.0,20.485,44.714,-1.0
dabd348acf5e9ea732d2e1395a22aa27ef23b048,11,0.9130434782608696,0.0,67.29499999999999,0.0,0.0,0.013000000000000001,0.034,0.0,0.0,2.025,7.444,0.0,0.0,20.336000000000002,44.528999999999996,-1.0
e6893e4580338bc657da41b66efe4be41275de69,11,0.9130434782608696,0.0,68.881,0.0,0.0,0.017,0.031,0.0,0.0,2.137,7.764000000000001,0.0,0.0,20.557000000000002,45.895,-1.0
5b43bc7347ba68a4d5831060b8198266470c38ee,18,0.891891891891892,0.0,76.184,0.0,0.0,0.004,2.16,0.0,0.0,2.387,13.672,0.0,0.0,16.615000000000002,36.58,-1.0
c419630e2342f6acc2109fb0773c55f1a96d9f67,36,0.8271627792175734,0.0,99.126,0.0,0.0,0.007,10.120999999999999,0.0,0.0,0.492,26.484999999999996,0.0,0.0,16.201999999999998,56.696000000000005,-1.0
6caf93beaf7e4207ef72c9ca17be75a1244d3470,30,0.7982020095187733,0.0,87.992,0.0,0.0,0.007,8.609,0.0,0.0,0.633,38.617999999999995,0.0,0.0,13.277000000000001,62.281,-1.0
ea10f56889a623370c68ead9fd95bdea5c95e3b9,30,0.7980962453728189,0.0,86.47399999999999,0.0,0.0,0.002,8.866,0.0,0.0,0.595,38.28399999999999,0.0,0.0,12.849,61.090999999999994,-1.0
ab2dc9d0488b701b2e2cf239e288a9f8a860cce6,36,0.7943971368628902,0.0,99.254,0.0,0.0,0.005,9.925999999999998,0.0,0.0,0.42800000000000005,30.636,0.0,0.0,16.531,73.81899999999999,-1.0
183310f751a8fff3a2069abc5d92970be40bec46,18,0.8558558558558559,0.0,75.94999999999999,0.0,0.0,0.004,2.0869999999999997,0.0,0.0,2.3339999999999996,30.564999999999998,0.0,0.0,16.544999999999998,50.308,-1.0
cb6724137f9e00f33ea8cea44f11b92da8b8bd48,11,0.9130434782608696,0.0,67.729,0.0,0.0,0.017,0.039,0.0,0.0,2.1690000000000005,7.790000000000001,0.0,0.0,20.588000000000005,44.812,-1.0
18eb0421549efa1993202856d785a89d568017be,11,0.9130434782608696,0.0,68.525,0.0,0.0,0.016,0.032,0.0,0.0,2.1430000000000002,7.641,0.0,0.0,20.185,45.961,-1.0
9dd869bf46cce155793963b290b5d0520bcf433f,11,0.9229249011857709,0.0,67.64699999999999,0.0,0.0,0.02,0.028,0.0,0.0,2.1990000000000003,7.807,0.0,0.0,20.468,44.75599999999999,-1.0
de5634102df26580a0e63831fcb58d9fbf161ee6,11,0.9229249011857709,0.0,67.28399999999999,0.0,0.0,0.013000000000000001,0.033,0.0,0.0,2.2230000000000003,7.925000000000001,0.0,0.0,20.462,44.562,-1.0
46a8ba44c524af92a48a184fc4142268b89fc198,11,0.9229249011857709,0.0,67.602,0.0,0.0,0.010000000000000002,0.035,0.0,0.0,2.0420000000000003,7.644,0.0,0.0,20.407000000000004,44.801,-1.0
8431c21d408f67e0f95f8bf0d9ce5a17eaa7ebf9,18,0.8933143669985777,0.0,76.206,0.0,0.0,0.006,0.03900000000000001,0.0,0.0,2.2470000000000003,13.635000000000002,0.0,0.0,16.521,36.7,-1.0
bdc56975dc63401fa40e2d645ad57ddf32c5230b,8,0.8823529411764706,0.0,17.471,0.0,0.0,0.002,0.026000000000000002,0.0,0.0,0.026000000000000002,0.038000000000000006,0.0,0.0,4.306,13.203000000000001,-1.0
43ec6a924be1fb22b21c40b82f1a4ddc101313a8,25,0.8016289592760181,0.0,65.596,0.0,0.0,0.006,7.694999999999999,0.0,0.0,0.45399999999999996,16.959,0.0,0.0,8.046,39.59199999999999,-1.0
dba0844dd214171031faeb53713630a012a731a7,18,0.8648648648648649,0.0,77.43299999999999,0.0,0.0,0.009,0.051000000000000004,0.0,0.0,2.353,31.599000000000004,0.0,0.0,16.741,51.221999999999994,-1.0
578129fd06bf2898df66771bb1f50bf9798210d2,8,0.8480392156862744,0.0,19.177,0.0,0.0,0.004,0.030999999999999996,0.0,0.0,0.037000000000000005,0.052,0.0,0.0,4.6610000000000005,14.568000000000001,-1.0
34cb96a0af2a61489324366472e096580249f29a,18,0.8691322901849218,0.0,77.582,0.0,0.0,0.007,0.037000000000000005,0.0,0.0,2.4269999999999996,31.017,0.0,0.0,16.723999999999997,51.244,-1.0
cf295bd593a68963d4711f0fbe6d8032cbbf6999,25,0.7552941176470589,0.0,66.539,0.0,0.0,0.013000000000000001,12.831,0.0,0.0,0.466,30.992,0.0,0.0,8.123000000000001,40.415,-1.0
fdc855e5ded81631c89c9b9142e64bde8507216e,18,0.8639165481270745,0.0,77.644,0.0,0.0,0.008,0.039,0.0,0.0,2.2779999999999996,31.094,0.0,0.0,17.067999999999998,51.479,-1.0
a26c248749b5d1a7e606671203077cd7630fd657,19,0.7412955465587043,0.0,57.217999999999996,0.0,0.0,0.025,12.811,0.0,0.0,0.448,31.198999999999998,0.0,0.0,8.252,37.681999999999995,-1.0
ba4ab03b1363182062b07d9f66083d38bd82edbf,23,0.795790934320074,0.0,60.453,0.0,0.0,0.033,7.255999999999999,0.0,0.0,0.5509999999999999,15.030000000000001,0.0,0.0,8.178,40.897000000000006,-1.0
66ac91c60cc45825b3d3a10eb83c404e5bc88a76,11,0.9446640316205535,0.0,67.49,0.0,0.0,0.013000000000000001,0.03,0.0,0.0,2.093,7.757,0.0,0.0,20.683,44.135,-1.0
133e9410920c558e21b4f2471cedc856f0c1c214,6,0.8901098901098901,0.0,18.139999999999997,0.0,0.0,0.004,0.004,0.0,0.0,0.034,7.026,0.0,0.0,4.215,13.94,-1.0
b6b253e4a4b4dce3eec7dfcff5089407462843a2,6,0.8571428571428572,0.0,18.111,0.0,0.0,0.0,0.0,0.0,0.0,0.009000000000000001,6.72,0.0,0.0,4.352,13.765,-1.0
6e86e0de00af300293d2182e5395e17f4447f1ab,25,0.7563800904977375,0.0,66.613,0.0,0.0,0.008,12.682000000000002,0.0,0.0,0.481,31.042,0.0,0.0,8.029,40.524,-1.0
f84bf38c0170f6b6b723293306a3a11df16d2d36,36,0.806799950635567,0.0,120.739,0.0,0.0,0.008,9.997,0.0,0.0,0.499,50.772000000000006,0.0,0.0,15.763000000000002,80.94000000000001,-1.0
580083315e87d7ba320640d14f58075f059496f5,30,0.776626123744051,0.0,77.636,0.0,0.0,0.009000000000000001,12.451,0.0,0.0,0.5579999999999999,37.57,0.0,0.0,11.12,51.42100000000001,-1.0
459b4b84b92cb20499b091a6dd70e795c66eb674,19,0.8016194331983804,0.0,56.876999999999995,0.0,0.0,0.053,7.013000000000001,0.0,0.0,0.509,14.511,0.0,0.0,7.941000000000001,34.714999999999996,-1.0
0f30edc467a2ba03e7f2786e1088df624e0c3cf0,19,0.8101214574898785,0.0,56.83200000000001,0.0,0.0,0.055,7.2059999999999995,0.0,0.0,0.496,14.447000000000001,0.0,0.0,8.030000000000001,34.511,-1.0
4813b7f5456c1f4fecc4f701ac731a71f57db249,25,0.779185520361991,0.0,66.534,0.0,0.0,0.027000000000000003,12.66,0.0,0.0,0.5519999999999999,30.836,0.0,0.0,8.238,40.267,-1.0
ed85c0411dffeb96af4760b5b5c269a21b98c392,18,0.7946894262683737,0.0,56.394000000000005,0.0,0.0,0.042,12.445,0.0,0.0,0.715,13.983,0.0,0.0,7.754,34.128,-1.0
07d3e3147834ef4e091e21f42d0897ac0755eaa6,29,0.8330800701344243,0.0,86.25200000000001,0.0,0.0,0.026000000000000002,6.967000000000001,0.0,0.0,0.43,33.162000000000006,0.0,0.0,10.887,57.072,-1.0
1474ba327798ebfabbcf5ab1db01330851f3377c,9,0.9333333333333332,0.0,29.885,0.0,0.0,0.002,0.015,0.0,0.0,0.039,6.160000000000001,0.0,0.0,3.0770000000000004,9.198000000000002,-1.0
9480a5da8f553d351f744ac3d98287cbd97e1b85,9,0.9122807017543859,0.0,29.524000000000004,0.0,0.0,0.001,0.012,0.0,0.0,0.035,6.037000000000003,0.0,0.0,3.137,9.139000000000003,-1.0
ebb1474b9d752644855a158fefb21c136b941631,6,0.8901098901098901,0.0,17.856,0.0,0.0,0.003,0.003,0.0,0.0,0.034,6.787,0.0,0.0,4.3469999999999995,13.522,-1.0
05cf6c32b2b82f21cfca6239933c8670649f08d8,30,0.7935483870967744,0.0,96.29399999999998,0.0,0.0,0.006,8.913,0.0,0.0,0.275,44.007000000000005,0.0,0.0,18.405,70.51599999999999,-1.0
2ac2a27e37c4e2beacca6a4df93e09ea364af966,18,0.8572783309625415,0.0,85.218,0.0,0.0,0.014000000000000002,0.045,0.0,0.0,2.109,20.365000000000002,0.0,0.0,24.108,61.916000000000004,-1.0
79422dc193221b745617984d30c321436c2a849c,25,0.7730316742081447,0.0,67.06,0.0,0.0,0.016,13.932000000000002,0.0,0.0,0.41200000000000003,14.615,0.0,0.0,7.832000000000001,40.385,-1.0
5486da670e385646e7e45bdb495dff726870fd69,17,0.8829131652661065,0.0,96.166,0.0,0.0,0.037,0.054,0.0,0.0,2.166,14.781,0.0,0.0,25.604999999999997,59.262,-1.0
5770324f8af51f54ecd46979b804b6c9d5fdfb42,17,0.9120448179271707,0.0,96.218,0.0,0.0,0.028999999999999998,0.036000000000000004,0.0,0.0,2.133,14.773000000000001,0.0,0.0,25.602999999999998,59.634,-1.0
63ab089fbd4d408b04d5fe893581088b0ac2b4bc,16,0.7459893048128343,0.0,48.87800000000001,0.0,0.0,0.015000000000000001,6.361,0.0,0.0,0.16599999999999998,26.396,0.0,0.0,6.378,29.456,-1.0
798e2c5e67e59d9132ee747077998e0b1e7ee7b0,16,0.7453208556149733,0.0,48.688,0.0,0.0,0.009000000000000001,6.127,0.0,0.0,0.13,26.058999999999997,0.0,0.0,6.439,29.182,-1.0
50d33ac186e8b32aaf49c7651ba30d70bb5bde64,16,0.7399732620320857,0.0,48.963,0.0,0.0,0.009000000000000001,6.395,0.0,0.0,0.11699999999999999,26.241999999999997,0.0,0.0,6.4990000000000006,29.339,-1.0
bfb738b0489fc1265e1bcc060fd0a5043775b564,16,0.751336898395722,0.0,48.748000000000005,0.0,0.0,0.013000000000000001,6.176000000000001,0.0,0.0,0.14800000000000002,26.14,0.0,0.0,6.58,29.23,-1.0
0d585e3ee8efa99063f01b3b05d3f6ce20615f1c,6,0.8571428571428572,0.0,18.148,0.0,0.0,0.004,0.004,0.0,0.0,0.025,6.906,0.0,0.0,4.265000000000001,13.899999999999999,-1.0
6d232e547d5725e419832fc514fc0348aa897e7c,8,0.8872549019607843,0.0,19.584000000000003,0.0,0.0,0.004,0.05,0.0,0.0,0.032,0.065,0.0,0.0,4.595,15.054,-1.0
618721c0a5eb92fd54b9c1f960e52cbd927c0b6e,17,0.8952380952380953,0.0,98.472,0.0,0.0,0.025,0.027000000000000003,0.0,0.0,2.169,15.135,0.0,0.0,26.610999999999997,70.341,-1.0
1d63534368672acce341a6a79a9d1dffbbe0d03a,17,0.888515406162465,0.0,98.30600000000001,0.0,0.0,0.033,0.052,0.0,0.0,2.138,15.051,0.0,0.0,26.474,61.077,-1.0
c230a113e31b0f6d32630a88e10a1d29c8e9bf43,17,0.8610644257703082,1.0,117.75899999999997,1.0,0.0,5.872999999999999,0.037000000000000005,1.0,0.0,5.936,15.132,1.0,1.0,28.142,80.593,0.6470588235294118
b4a0c6cf985440545bd48c5739bd41ea052b0d7f,24,0.809387755102041,0.0,79.502,0.0,0.0,0.008,2.313,0.0,0.0,0.28200000000000003,16.899,0.0,0.0,14.161999999999999,52.87500000000001,-1.0
72ff2333e07f9ece00c9088e496993367c1df13e,24,0.793265306122449,0.0,86.548,0.0,0.0,0.012,6.587,0.0,0.0,0.098,39.682,0.0,0.0,9.36,67.15200000000002,-1.0
9103d30004447ba576c46e2bfa53836b76b755d4,12,0.88,0.0,68.56899999999999,0.0,0.0,0.023000000000000003,0.06,0.0,0.0,2.133,14.32,0.0,0.0,21.309,45.04699999999999,-1.0
a4c5af0da1de3a7f50c72fc7edaa1f653ca276dd,39,0.8284323271665044,0.0,111.392,0.0,0.0,0.003,6.862,0.0,0.0,0.176,16.815000000000005,0.0,0.0,13.247,61.518,-1.0
b133be76375910f1795ff6dc2f0a72f826bbf029,24,0.7879591836734695,0.0,95.211,0.0,0.0,0.005,7.898,0.0,0.0,0.08500000000000002,42.718999999999994,0.0,0.0,9.378,65.61399999999999,-1.0
7efda36eb7751b525e25a914c8ded7bffdd10a68,25,0.7730316742081447,0.0,67.87200000000001,0.0,0.0,0.017,13.292,0.0,0.0,0.5449999999999999,31.994000000000003,0.0,0.0,8.229999999999999,41.33,-1.0
7be1ceee675ae2fafe607e9ec34dbd2eaafe5539,27,0.8005772005772006,0.0,77.696,0.0,0.0,0.01,12.956999999999999,0.0,0.0,0.323,31.784,0.0,0.0,8.09,41.06099999999999,-1.0
c020acc85578720c3caa4c5363e4d695c6f6b50d,10,0.8753246753246753,0.0,40.489999999999995,0.0,0.0,0.015,0.031,0.0,0.0,0.088,13.476999999999999,0.0,0.0,10.155999999999999,23.692999999999998,-1.0
8ddf6dbcccec8f40358296c32b0daf7edfe4ebeb,39,0.802093476144109,0.0,112.30199999999999,0.0,0.0,0.007,2.1199999999999997,0.0,0.0,0.263,53.76100000000001,0.0,0.0,13.572999999999999,85.849,-1.0
93334d5b153edbfbbf1f3b7418435c89ac59cbc3,6,0.8021978021978022,0.0,43.96,0.0,0.0,0.001,0.001,0.0,0.0,0.005,17.065,0.0,0.0,0.133,17.068,-1.0
ec6321c7b73c81dc24293710931dc6ce7c3220a4,33,0.8215340410248223,0.0,114.673,0.0,0.0,0.024,12.888,0.0,0.0,0.357,21.833999999999996,0.0,0.0,11.459,54.11599999999999,-1.0
309e204345a7b5181c883b6aa2d8497313f625ef,32,0.7853146853146853,0.0,79.90699999999998,0.0,0.0,0.014,13.301,0.0,0.0,0.29300000000000004,22.272000000000002,0.0,0.0,11.085,53.17399999999999,-1.0
3cc5fa03e5ef19f58a5e0bbe749a27cdacd5bf76,7,0.8642857142857142,0.0,18.073999999999998,0.0,0.0,0.004,0.033,0.0,0.0,0.041999999999999996,0.052000000000000005,0.0,0.0,4.5280000000000005,13.597999999999999,-1.0
7fb272a93f1331eb312f994acfb5a66053a2c7b7,30,0.7983077736647278,0.0,124.718,0.0,0.0,0.015000000000000001,11.652999999999999,0.0,0.0,0.327,71.312,0.0,0.0,18.361,98.089,-1.0
35da73485fcb50ee7a2a05ff326493fbb279454b,30,0.7897408778424116,0.0,79.40100000000001,0.0,0.0,0.027999999999999997,12.958,0.0,0.0,0.546,38.80200000000001,0.0,0.0,10.981000000000002,52.577000000000005,-1.0
9ba653e8e3b92b930436d9ec4aaa0e9a4fb33675,20,0.848780487804878,0.0,100.698,0.0,0.0,0.026000000000000002,7.993000000000001,0.0,0.0,2.6189999999999998,41.411,0.0,0.0,20.506,63.80399999999999,-1.0
d9ee969942fa0a67d4b25b7a03b877282241cd11,35,0.8097920858484238,0.0,124.71700000000001,0.0,0.0,0.019000000000000003,10.003,0.0,0.0,0.516,43.998,0.0,0.0,17.159,74.57799999999999,-1.0
cbf77a08b7c64c1df3e2b2d2ee5e1415c9a885a1,34,0.794957983193277,0.0,102.05600000000001,0.0,0.0,0.028999999999999998,14.575,0.0,0.0,0.7439999999999999,30.072000000000003,0.0,0.0,16.296,61.17700000000001,-1.0
c11ddde8f032e660377d12bf7597c20136a0ff92,18,0.8971076339497392,0.0,80.542,0.0,0.0,0.036000000000000004,2.145,0.0,0.0,5.432,31.348,0.0,0.0,19.997,40.337,-1.0
8a0dc0273b3dfc72f3a605ce826a28098a811c79,20,0.8383275261324041,0.0,100.23800000000001,0.0,0.0,0.025,8.064,0.0,0.0,2.653,41.279,0.0,0.0,20.035999999999998,63.609,-1.0
009939097c02c3022506df93cee6f6269514f489,20,0.8515679442508711,0.0,90.71600000000001,0.0,0.0,0.033,7.999999999999997,0.0,0.0,2.496,41.400000000000006,0.0,0.0,20.177,63.82900000000001,-1.0
7529c2476e4a53073ebe183eebc34c49e6eadd8c,20,0.848780487804878,0.0,100.80100000000002,0.0,0.0,0.019000000000000003,8.036000000000001,0.0,0.0,2.7079999999999997,41.705,0.0,0.0,20.456,64.39099999999999,-1.0
ea019c89dd32de7165d0d41096e137fd6a1d848a,20,0.854355400696864,0.0,80.24399999999999,0.0,0.0,0.013000000000000001,7.809000000000001,0.0,0.0,2.505,31.323000000000004,0.0,0.0,20.148000000000003,53.685,-1.0
f3f41f604c3b6723ef8bdbc981400c9df6389e8a,20,0.8501742160278745,0.0,79.911,0.0,0.0,0.021,8.029,0.0,0.0,2.622,31.532999999999998,0.0,0.0,20.128999999999998,53.174,-1.0
6abdbf20faf48da403c730b5cacc520172aa4612,23,0.797872340425532,0.0,60.819,0.0,0.0,0.041999999999999996,13.134999999999998,0.0,0.0,0.604,14.889999999999997,0.0,0.0,8.379,38.427,-1.0
d917eb7e808566fdbbf43c244e2c0fd35cb7c62d,23,0.8015726179463459,0.0,81.07,0.0,0.0,0.036000000000000004,23.051000000000002,0.0,0.0,0.539,25.015,0.0,0.0,8.578999999999999,58.327999999999996,-1.0
771b14323b48396e8ad22fee8a38b265ebc36884,6,0.9010989010989011,0.0,18.559,0.0,0.0,0.003,0.003,0.0,0.0,0.043,6.839,0.0,0.0,4.356,14.22,-1.0
fc64ac2f8692c8e52841c771bee51d8e592adc94,6,0.9010989010989011,0.0,18.384999999999998,0.0,0.0,0.001,0.001,0.0,0.0,0.028000000000000004,6.802999999999997,0.0,0.0,4.481999999999999,13.912999999999997,-1.0
09d2ca0eba2ce5e5073f65bade51ae74fbfc7965,8,0.8872549019607843,0.0,20.012,0.0,0.0,0.004,0.028999999999999998,0.0,0.0,0.034,0.047,0.0,0.0,4.503,15.556000000000001,-1.0
430e2f2bee470de5ca702526394d348a4561fba0,26,0.8363167231091762,0.0,108.76700000000001,0.0,0.0,0.024,8.667,0.0,0.0,2.6229999999999998,41.082,0.0,0.0,24.572,69.313,-1.0
2535b94a95c3a1b54b2612109e9ad1267c80ebae,7,0.9857142857142857,0.0,23.204,0.0,0.0,0.0,0.0,0.0,0.0,0.028999999999999998,0.028999999999999998,0.0,0.0,3.0569999999999995,3.325,-1.0
e34be8b2d501c1eb7f5961583c68552342edab1a,39,0.8447419668938656,0.0,102.33999999999999,0.0,0.0,0.003,7.738999999999999,0.0,0.0,0.17,17.269,0.0,0.0,12.890999999999998,58.736,-1.0
782b5fc1363e24c25bfef7f8cafc1985af86509e,39,0.8240506329113922,1.0,113.293,1.0,0.0,5.300999999999999,8.08,1.0,0.0,5.415,23.981000000000005,1.0,1.0,15.543000000000003,72.293,0.6666666666666666
5e1941ceb35062e749dbc76ec051e71c3b2a7a1a,39,0.8282375851996104,0.0,121.99600000000001,0.0,0.0,0.013000000000000001,7.2170000000000005,0.0,0.0,0.21200000000000002,23.868000000000002,0.0,0.0,13.09,61.156000000000006,-1.0
e24196a95bbbc531eb3c5f1b19e1dc42fd78a783,11,0.9130434782608698,0.0,32.972,0.0,0.0,0.001,0.010000000000000002,0.0,0.0,0.04100000000000001,6.256,0.0,0.0,6.1240000000000006,12.339,-1.0
a10231bc2d7399bf73e7d2f627c92c8056751395,17,0.8868347338935573,0.0,87.51499999999999,0.0,0.0,0.025,0.042,0.0,0.0,2.066,14.633,0.0,0.0,25.525,50.424,-1.0
a86d2278053157ab1564044cceb34af45d682522,21,0.8544246451223196,0.0,80.18,0.0,0.0,0.019999999999999997,2.201,0.0,0.0,0.499,31.49,0.0,0.0,14.209999999999999,40.393,-1.0
11233ec808518d4eb8dc359eb03f57d6645e4fc5,18,0.8999525841631104,0.0,97.30600000000001,0.0,0.0,0.02,0.032,0.0,0.0,2.16,22.060999999999996,0.0,0.0,25.924999999999997,49.974999999999994,-1.0
406aff14b5eb65b26e86a143fa69b871e49d88ff,27,0.8425685425685427,0.0,108.439,0.0,0.0,0.012,7.071,0.0,0.0,0.537,26.591,0.0,0.0,24.028,68.578,-1.0
192ee41c0208b4315b006f26c179ed2a9bc0dfc4,36,0.8319141058867086,0.0,119.42399999999999,0.0,0.0,0.011,6.715000000000001,0.0,0.0,0.263,32.908,0.0,0.0,15.986,79.48200000000003,-1.0
b1495650f558f397b630f7f36e9c6e853079e8fc,33,0.8170644105674836,0.0,89.333,0.0,0.0,0.012,8.249,0.0,0.0,0.22800000000000004,22.483999999999998,0.0,0.0,8.343,52.897,-1.0
e89deb37d3bc681c2791b173592d16a3c7c3fdaa,18,0.84257942152679,0.0,87.485,0.0,0.0,0.018000000000000002,0.044,0.0,0.0,2.101,21.964,0.0,0.0,25.697000000000003,63.895,-1.0
4131207b03b5fb2bea7ee72895ec8cc7f0b242a5,36,0.8134024435394295,0.0,111.367,0.0,0.0,0.012,14.570000000000002,0.0,0.0,0.547,29.884,0.0,0.0,16.067,61.394,-1.0
9457dd8c4fc6240cfd1c274ccb372d3eaf26988a,18,0.8065433854907541,0.0,55.016000000000005,0.0,0.0,0.009999999999999998,6.920999999999999,0.0,0.0,1.904,21.427999999999997,0.0,0.0,14.332,32.614,-1.0
86f9856c117520b51f239d09fff1e1bccef86f6f,18,0.80891417733523,0.0,65.13300000000001,0.0,0.0,0.012,6.781999999999999,0.0,0.0,1.9290000000000003,31.358,0.0,0.0,14.187,44.932,-1.0
45e9190503e70ed4fbf9c6c08298bd5985c926cd,26,0.8951781970649896,0.0,99.08300000000001,0.0,0.0,0.016,0.03,0.0,0.0,2.5629999999999997,23.073,0.0,0.0,24.444000000000003,56.707,-1.0
092f620af0fb01b9a533db0879d8557cd8bbb041,25,0.8937556561085971,0.0,108.166,0.0,0.0,0.031,6.72,0.0,0.0,2.586,21.488999999999997,0.0,0.0,24.603,55.753,-1.0
bdc262055c99482800be541dfef0e4334cefbdeb,36,0.8649265704060224,0.0,100.44399999999999,0.0,0.0,0.008,6.795,0.0,0.0,0.223,22.840999999999998,0.0,0.0,15.604999999999999,57.019,-1.0
d87c0a225d4f8511305edd471d39b9c30619d9a0,12,0.8492307692307691,0.0,62.419999999999995,0.0,0.0,0.004,0.015000000000000003,0.0,0.0,0.049,31.519,0.0,0.0,17.684,55.379999999999995,-1.0
e5422efa5cf3d5a0784ce0bd182c762744a390bb,22,0.7934123847167326,0.0,87.1,0.0,0.0,0.011,6.916000000000001,0.0,0.0,0.14,47.043000000000006,0.0,0.0,9.437,57.333,-1.0
