MART,RankNet,RankBoost,CA,L-MART,DeepOrder,RL,COLEMAN,PPO2-PO,ACER-PA,PPO1-LI
1.0,0.4375,1.0,0.8125,0.5625,1.0,0.625,1.0,0.9375,1.0,0.875
0.9166666666666667,0.4166666666666667,1.0,0.7916666666666667,0.5416666666666667,1.0,0.6666666666666667,0.875,0.9166666666666667,1.0,0.3333333333333333
0.5294117647058824,0.47058823529411764,1.0,0.7647058823529412,0.5882352941176471,0.9411764705882353,-1.469412826709766e-17,0.9411764705882353,0.9411764705882353,1.0,-1.469412826709766e-17
0.47058823529411764,0.47058823529411764,1.0,0.7647058823529412,0.5882352941176471,0.9411764705882353,0.29411764705882354,0.9411764705882353,0.9411764705882353,1.0,0.47058823529411764
1.0,0.4583333333333333,1.0,0.8333333333333334,0.5833333333333334,0.9583333333333333,0.04166666666666669,0.8333333333333334,0.9583333333333334,1.0,0.25
0.3888888888888889,0.5,1.0,0.7777777777777778,0.611111111111111,1.0,0.611111111111111,0.9444444444444443,1.0,1.0,0.3333333333333333
1.0,0.47368421052631576,1.0,1.0,0.5789473684210527,1.0,0.21052631578947362,0.9473684210526316,0.9473684210526316,1.0,0.3684210526315789
0.44000000000000006,0.44000000000000006,1.0000000000000002,0.7200000000000001,0.6,0.9600000000000002,0.92,0.8,1.0000000000000002,1.0000000000000002,0.6
0.2962962962962962,0.40740740740740744,1.0000000000000002,0.8518518518518519,0.5925925925925927,0.9629629629629632,0.40740740740740744,0.7407407407407408,0.9629629629629631,1.0000000000000002,0.8518518518518519
1.0,0.4761904761904762,1.0,0.8095238095238094,0.619047619047619,0.9523809523809523,0.42857142857142855,0.9047619047619048,0.9523809523809523,1.0,0.5238095238095238
1.0,0.5,1.0,1.0,0.5555555555555556,0.9444444444444443,0.5,0.9444444444444443,0.9444444444444444,1.0,0.5555555555555556
1.0,0.45000000000000007,1.0,0.7500000000000001,0.65,0.9500000000000001,0.25000000000000006,0.9000000000000001,1.0,1.0,0.3
0.5714285714285714,0.7142857142857143,1.0,0.5714285714285714,0.8571428571428571,0.8571428571428571,0.8571428571428571,0.8571428571428571,1.0,1.0,0.42857142857142855
0.5,0.5,1.0,0.9500000000000001,0.6,1.0,0.09999999999999996,0.9500000000000001,0.9000000000000001,1.0,0.05000000000000003
0.7499999999999999,0.4375,1.0,1.0,0.5625,1.0,0.5,0.9374999999999999,1.0,1.0,0.18750000000000006
0.9615384615384615,0.4230769230769231,1.0,0.8846153846153846,0.5384615384615385,0.9615384615384615,0.4230769230769231,0.8846153846153846,0.9615384615384615,1.0,0.7307692307692307
1.0000000000000002,0.37931034482758624,1.0000000000000002,0.9655172413793105,0.5862068965517242,1.0000000000000002,0.7931034482758621,0.7931034482758621,0.9655172413793105,1.0000000000000002,0.4482758620689655
0.3684210526315789,0.4210526315789474,1.0,0.7894736842105263,0.6842105263157895,1.0,0.5263157894736842,0.8947368421052632,0.9473684210526316,1.0,0.631578947368421
0.7307692307692307,0.4230769230769231,1.0,0.8076923076923077,0.6538461538461539,0.9615384615384615,0.15384615384615385,0.8461538461538461,0.923076923076923,1.0,0.15384615384615385
0.6538461538461539,0.3846153846153846,1.0,0.7692307692307692,0.6538461538461539,0.9615384615384615,0.8076923076923077,0.8076923076923077,0.8076923076923077,1.0,0.07692307692307694
0.6666666666666666,0.40740740740740744,1.0000000000000002,0.7407407407407408,0.6296296296296298,0.9629629629629632,0.5925925925925927,0.8148148148148149,0.8888888888888891,1.0000000000000002,0.25925925925925924
0.2631578947368421,0.4210526315789474,1.0,0.7894736842105263,0.6842105263157895,0.9473684210526316,0.3684210526315789,0.8947368421052632,1.0,1.0,0.05263157894736844
0.20689655172413784,0.37931034482758624,1.0000000000000002,0.8275862068965518,0.6206896551724138,1.0000000000000002,0.7586206896551726,0.7586206896551726,1.0000000000000002,1.0000000000000002,0.2413793103448275
0.8421052631578948,0.4210526315789474,1.0,0.7894736842105263,0.6842105263157895,1.0,0.8947368421052632,0.8947368421052632,0.8947368421052632,1.0,0.8947368421052632
1.0,0.5,1.0,0.7499999999999999,0.8125,0.9374999999999999,0.25000000000000006,0.8125,0.9375,1.0,0.06250000000000001
1.0,1.0,0.6666666666666666,0.41666666666666663,0.24999999999999994,0.6666666666666666,0.3333333333333333,1.0,0.3333333333333333,0.3333333333333333,0.41666666666666663
1.0,1.0,0.6666666666666666,0.6666666666666666,0.3333333333333333,-3.7585675312830816e-17,0.5,1.0,0.3333333333333333,0.16666666666666669,0.8333333333333333
1.0,1.0,0.6666666666666666,0.7499999999999999,0.24999999999999994,-3.7585675312830816e-17,0.7499999999999999,0.9166666666666666,1.0,0.24999999999999994,1.0
1.0,0.37499999999999994,0.06250000000000001,0.4375,-7.37257477290143e-18,0.5,0.8125,0.7499999999999999,0.5,0.5,0.31249999999999994
0.9999999999999999,0.3421052631578948,0.10526315789473684,0.39473684210526316,0.10526315789473684,0.7894736842105262,0.5263157894736841,0.8684210526315789,4.628972643790743e-17,0.21052631578947378,0.9736842105263157
1.0,0.7142857142857143,0.2857142857142857,0.42857142857142855,0.42857142857142855,0.7142857142857143,0.42857142857142855,0.14285714285714285,0.7142857142857143,0.2857142857142857,1.0
0.875,0.34558823529411764,0.9558823529411764,0.7426470588235294,0.1911764705882353,0.713235294117647,0.6691176470588235,0.33088235294117646,0.3088235294117647,0.30147058823529416,0.4338235294117647
1.0,0.6666666666666666,0.9565217391304347,0.14492753623188412,0.782608695652174,0.3043478260869565,0.4492753623188405,0.4202898550724637,0.6231884057971014,0.9420289855072463,0.4202898550724637
1.0,0.19999999999999996,0.9571428571428571,0.6714285714285714,0.42857142857142855,0.6571428571428571,0.9285714285714286,0.2142857142857143,0.17142857142857143,0.2285714285714286,0.5285714285714286
1.0,0.34285714285714286,0.9571428571428571,0.5714285714285714,0.11428571428571425,0.6428571428571429,0.8857142857142857,0.4714285714285715,0.34285714285714286,0.7285714285714285,0.7285714285714285
1.0,0.3380281690140845,0.9577464788732394,0.6338028169014084,0.014084507042253495,0.6338028169014084,0.9577464788732394,0.7464788732394366,0.22535211267605634,0.28169014084507044,0.5211267605633803
1.0,0.34722222222222227,0.9583333333333334,0.5972222222222223,0.22222222222222218,-7.914675859144182e-17,0.8333333333333334,0.7361111111111112,0.3194444444444445,0.3194444444444445,0.5277777777777779
1.0,9.67727881955633e-18,0.9571428571428571,0.9714285714285714,0.557142857142857,0.8857142857142857,0.21428571428571433,0.37142857142857133,0.07142857142857145,0.02857142857142854,0.9428571428571428
1.0,0.6805555555555556,0.9583333333333334,0.5555555555555556,0.7361111111111112,0.6111111111111112,0.18055555555555558,0.9861111111111112,0.6666666666666666,0.6111111111111112,0.48611111111111116
1.0,0.10389610389610389,0.9610389610389609,0.2597402597402597,0.12987012987012989,0.8831168831168831,0.7662337662337662,0.2597402597402597,0.11688311688311694,0.07792207792207789,0.48051948051948046
1.0,0.10126582278481013,0.9620253164556961,0.9240506329113923,0.03797468354430379,2.283686601285923e-17,0.6329113924050632,0.3037974683544304,0.0886075949367089,0.050632911392405125,0.9493670886075949
1.0,0.10389610389610389,0.9610389610389609,0.27272727272727276,0.10389610389610389,1.230076646601736e-17,0.8961038961038961,0.6493506493506492,0.025974025974026014,0.2207792207792208,0.9610389610389609
0.7435897435897436,0.03846153846153841,0.9615384615384616,-3.426078865054194e-17,0.5384615384615384,0.7948717948717949,0.28205128205128205,0.8333333333333334,0.012820512820512742,0.4102564102564103,0.9487179487179488
0.7468354430379747,0.03797468354430379,0.9620253164556961,2.283686601285923e-17,0.5443037974683543,2.283686601285923e-17,0.6962025316455696,0.8227848101265822,0.012658227848101241,0.4050632911392405,0.4556962025316455
0.6176470588235293,0.44117647058823534,5.1786597885778203e-17,0.1764705882352941,0.7352941176470588,0.9117647058823528,0.5294117647058822,0.6470588235294117,0.8235294117647058,0.3823529411764706,0.8529411764705881
0.25806451612903225,0.45161290322580644,0.25806451612903225,0.12903225806451613,0.6129032258064516,1.0,0.7096774193548387,1.0,0.8709677419354839,0.16129032258064516,0.5806451612903226
0.9999999999999999,0.676470588235294,0.3823529411764706,0.411764705882353,0.7352941176470588,0.9999999999999999,0.7058823529411764,0.9117647058823528,0.5294117647058822,0.6176470588235293,0.35294117647058826
0.031249999999999986,0.6875000000000001,0.375,1.0,0.65625,0.9999999999999999,1.431146867680866e-17,0.96875,0.09375000000000004,0.18749999999999994,0.031249999999999986
0.9999999999999999,0.676470588235294,0.3235294117647059,0.676470588235294,0.6176470588235293,0.9999999999999999,0.5294117647058822,0.9117647058823528,0.411764705882353,0.2647058823529412,0.029411764705882408
0.0967741935483871,0.9032258064516129,0.3548387096774194,0.41935483870967744,0.6774193548387096,1.0,0.12903225806451613,0.967741935483871,0.8064516129032258,0.2903225806451613,1.0
0.02777777777777775,0.41666666666666663,0.3055555555555555,0.24999999999999994,0.5833333333333333,0.9999999999999999,0.5277777777777777,0.8888888888888888,0.8333333333333333,0.16666666666666669,0.05555555555555559
0.2121212121212122,0.45454545454545453,0.303030303030303,0.1515151515151516,0.606060606060606,0.9999999999999999,0.606060606060606,0.9393939393939392,0.8484848484848484,0.8181818181818181,0.5151515151515151
0.3,0.9000000000000001,0.55,0.15000000000000002,0.7000000000000001,1.0,-2.914335439641036e-17,0.9500000000000001,0.9500000000000001,0.7500000000000001,0.4
0.9444444444444443,0.8055555555555555,0.19444444444444442,0.02777777777777775,0.5555555555555556,0.9999999999999999,0.3333333333333333,0.861111111111111,0.9166666666666666,0.5277777777777777,0.22222222222222224
0.25,0.71875,0.25,0.125,0.625,0.9999999999999999,0.5,0.96875,0.875,0.78125,0.15624999999999997
0.42424242424242425,0.8787878787878787,0.24242424242424251,0.606060606060606,0.6969696969696969,0.9999999999999999,0.6363636363636364,0.9696969696969696,0.5454545454545454,0.6363636363636364,0.3333333333333333
0.23529411764705882,0.7058823529411764,0.23529411764705882,0.1176470588235295,0.6176470588235293,0.9999999999999999,0.2647058823529412,0.9117647058823528,0.588235294117647,0.588235294117647,0.029411764705882408
0.6285714285714286,0.45714285714285713,0.2571428571428572,0.11428571428571438,0.5999999999999999,0.9999999999999999,0.2,0.8857142857142857,0.5428571428571428,0.31428571428571433,0.0857142857142858
0.588235294117647,0.8529411764705881,0.2647058823529412,0.14705882352941185,0.588235294117647,0.9999999999999999,0.7941176470588235,0.9117647058823528,0.8823529411764706,0.35294117647058826,0.3235294117647059
0.28571428571428575,0.8571428571428571,0.2571428571428572,0.14285714285714285,0.6285714285714286,0.9999999999999999,0.6285714285714286,0.8857142857142857,0.9142857142857141,0.2285714285714286,0.7714285714285714
0.6153846153846153,0.6153846153846153,0.2820512820512821,0.1538461538461539,0.6153846153846153,1.0,0.923076923076923,0.8205128205128205,0.9743589743589742,0.7948717948717948,0.9487179487179487
0.36111111111111105,0.8333333333333333,0.2777777777777778,0.16666666666666669,0.5555555555555556,0.9999999999999999,0.41666666666666663,0.861111111111111,0.9166666666666666,0.7499999999999999,0.5
0.2777777777777778,0.6666666666666666,0.2777777777777778,0.16666666666666669,0.5277777777777777,0.9999999999999999,0.47222222222222215,0.861111111111111,0.9166666666666666,0.6944444444444444,0.9166666666666666
0.358974358974359,0.6153846153846153,0.2820512820512821,0.1538461538461539,0.5128205128205128,1.0,0.7692307692307692,0.7948717948717948,0.923076923076923,0.641025641025641,0.846153846153846
1.0,0.8333333333333333,0.2777777777777778,0.16666666666666669,0.611111111111111,0.9999999999999999,0.22222222222222224,0.861111111111111,0.8055555555555555,0.6388888888888888,0.4444444444444444
0.13888888888888887,0.6388888888888888,0.3333333333333333,0.2777777777777778,0.5833333333333333,0.9999999999999999,1.0,0.8333333333333333,0.9444444444444443,0.47222222222222215,0.13888888888888887
0.7499999999999999,0.8333333333333333,0.3333333333333333,0.16666666666666669,0.6388888888888888,0.9999999999999999,0.5555555555555556,0.861111111111111,0.9722222222222222,0.7222222222222221,0.8888888888888888
0.41666666666666663,0.8333333333333333,0.2777777777777778,0.16666666666666669,0.611111111111111,0.9999999999999999,0.0833333333333333,0.861111111111111,0.8888888888888888,0.6944444444444444,0.8888888888888888
0.5526315789473684,0.6842105263157895,0.2631578947368421,0.18421052631578955,0.5263157894736841,1.0,0.8684210526315789,0.8421052631578946,0.9473684210526315,0.6578947368421051,0.4473684210526316
0.3714285714285715,0.8285714285714285,0.3714285714285715,0.28571428571428575,0.6285714285714286,0.9999999999999999,0.657142857142857,0.914285714285714,0.7142857142857142,0.7142857142857142,0.9142857142857141
0.10810810810810807,0.6486486486486487,0.35135135135135126,0.5135135135135136,0.6486486486486487,1.0000000000000002,0.8378378378378379,0.891891891891892,0.8108108108108109,0.891891891891892,0.05405405405405407
0.29729729729729726,0.8108108108108109,0.24324324324324317,0.13513513513513506,0.7567567567567569,1.0000000000000002,0.29729729729729726,0.891891891891892,0.891891891891892,0.8378378378378379,0.6216216216216217
0.3421052631578948,0.6578947368421051,0.31578947368421056,0.21052631578947378,0.631578947368421,1.0,0.6052631578947368,0.8421052631578946,0.9999999999999999,0.6578947368421051,0.13157894736842107
0.23529411764705882,0.8235294117647058,0.2647058823529412,0.1764705882352941,0.5588235294117647,0.9999999999999999,0.8529411764705881,0.9117647058823528,0.9999999999999999,0.7647058823529411,0.08823529411764713
0.02857142857142863,0.657142857142857,0.28571428571428575,0.2,0.5142857142857142,0.9999999999999999,0.5714285714285714,0.9428571428571428,0.9999999999999999,0.14285714285714285,0.2571428571428572
0.5526315789473684,0.6842105263157895,0.2631578947368421,0.1578947368421053,0.5263157894736841,1.0,0.42105263157894735,0.894736842105263,0.9210526315789473,0.2894736842105263,0.6578947368421051
0.3243243243243243,0.8108108108108109,0.29729729729729726,0.18918918918918917,0.6486486486486487,1.0000000000000002,0.05405405405405407,0.891891891891892,1.0000000000000002,0.4324324324324324,0.5675675675675675
0.0857142857142858,0.8285714285714285,0.3714285714285715,0.2571428571428572,0.5714285714285714,0.9999999999999999,0.7428571428571428,0.9428571428571428,0.8857142857142857,0.17142857142857143,0.6285714285714286
0.3243243243243243,0.6486486486486487,0.35135135135135126,0.18918918918918917,0.5675675675675675,1.0000000000000002,0.4594594594594594,0.891891891891892,1.0000000000000002,0.3783783783783784,0.8108108108108109
0.35294117647058826,0.8529411764705881,0.2647058823529412,0.20588235294117646,0.7058823529411764,0.9999999999999999,0.2647058823529412,0.9705882352941176,0.9705882352941175,0.5,0.7352941176470588
0.09999999999999996,0.9000000000000001,0.45000000000000007,0.15000000000000002,0.7500000000000001,1.0,0.45000000000000007,0.9000000000000001,1.0,0.15000000000000002,0.7500000000000001
1.0,0.9000000000000001,0.25000000000000006,0.09999999999999996,0.7000000000000001,1.0,0.5,0.9000000000000001,1.0,0.25000000000000006,0.05000000000000003
0.29729729729729726,0.4324324324324324,0.3783783783783784,0.4594594594594594,0.5675675675675675,1.0000000000000002,0.08108108108108107,0.891891891891892,0.7297297297297298,0.6216216216216217,0.35135135135135126
0.5405405405405407,0.4594594594594594,-4.2758589461914814e-17,0.18918918918918917,0.5405405405405407,1.0000000000000002,0.18918918918918917,0.891891891891892,1.0000000000000002,0.21621621621621617,-4.2758589461914814e-17
0.2702702702702703,0.4594594594594594,-4.2758589461914814e-17,0.18918918918918917,0.5675675675675675,1.0000000000000002,0.027027027027026956,0.891891891891892,1.0000000000000002,0.891891891891892,0.7297297297297298
0.5277777777777777,0.8333333333333333,0.36111111111111105,0.5555555555555556,0.6388888888888888,0.9999999999999999,0.3055555555555555,0.9166666666666666,0.9722222222222222,0.7499999999999999,0.7499999999999999
0.30769230769230776,0.6666666666666666,4.625929269271485e-17,0.17948717948717957,0.5384615384615384,1.0,0.1538461538461539,0.8974358974358974,0.9743589743589742,0.641025641025641,0.9999999999999999
0.09999999999999996,0.625,0.32499999999999996,0.44999999999999996,0.55,0.9999999999999999,0.65,0.9,1.0,0.775,0.07499999999999994
4.996003610813204e-17,0.8571428571428571,0.3714285714285715,0.6285714285714286,0.5714285714285714,0.9999999999999999,0.7142857142857142,0.9714285714285712,0.6285714285714286,0.657142857142857,0.3714285714285715
0.0833333333333333,0.8333333333333333,0.3888888888888889,0.5555555555555556,0.611111111111111,0.9999999999999999,0.5833333333333333,0.9444444444444443,0.6666666666666666,0.611111111111111,0.6666666666666666
1.0,0.6666666666666666,0.3333333333333333,0.7222222222222221,0.5277777777777777,0.9999999999999999,0.5,0.9444444444444443,1.0,0.2777777777777778,0.0833333333333333
0.2777777777777778,0.8333333333333333,0.36111111111111105,0.2777777777777778,0.5277777777777777,0.9999999999999999,0.5277777777777777,0.9722222222222222,0.5555555555555556,0.7777777777777778,0.41666666666666663
0.22222222222222224,0.6388888888888888,0.22222222222222224,0.19444444444444442,0.5555555555555556,0.9999999999999999,0.47222222222222215,0.9722222222222222,0.6666666666666666,0.861111111111111,0.19444444444444442
1.0,0.8333333333333333,0.3333333333333333,0.5833333333333333,0.5833333333333333,0.9999999999999999,0.6666666666666666,0.9722222222222222,0.9722222222222222,0.7222222222222221,0.24999999999999994
0.9743589743589742,0.641025641025641,4.625929269271485e-17,0.1538461538461539,0.6153846153846153,1.0,4.625929269271485e-17,0.8974358974358974,0.846153846153846,0.7948717948717948,0.2820512820512821
0.04411764705882355,0.5294117647058824,0.5735294117647058,0.2647058823529411,0.39705882352941174,0.9852941176470587,0.6911764705882353,0.5294117647058822,0.7794117647058824,0.4264705882352941,0.7647058823529412
0.030303030303030363,0.8787878787878787,0.9393939393939392,0.3939393939393939,0.303030303030303,0.9999999999999999,0.1818181818181819,0.06060606060606067,0.6363636363636364,0.06060606060606067,0.42424242424242425
0.030303030303030363,0.6666666666666665,0.909090909090909,0.3939393939393939,0.36363636363636365,0.9999999999999999,0.030303030303030363,-0.015151515151515096,0.6969696969696969,0.1515151515151516,0.030303030303030363
0.02777777777777775,0.4444444444444444,0.9166666666666666,0.36111111111111105,0.24999999999999994,0.9999999999999999,0.861111111111111,0.05555555555555551,0.6944444444444444,0.02777777777777775,0.8055555555555555
0.07142857142857142,0.5142857142857142,0.657142857142857,0.4285714285714285,0.38571428571428573,0.9999999999999998,0.27142857142857146,0.5,0.9714285714285714,0.37142857142857144,0.11428571428571431
0.030303030303030363,0.6969696969696969,0.909090909090909,0.3939393939393939,0.24242424242424251,0.9999999999999999,0.5454545454545454,0.09090909090909093,0.9999999999999999,0.2121212121212122,0.5757575757575757
0.030303030303030363,0.8787878787878787,0.9393939393939392,0.3939393939393939,0.24242424242424251,0.9999999999999999,0.45454545454545453,0.09090909090909093,0.9696969696969696,0.12121212121212128,0.09090909090909098
0.030303030303030363,0.8787878787878787,0.9393939393939392,0.3939393939393939,0.3333333333333333,0.9999999999999999,5.3618725621101306e-17,0.09090909090909093,0.9999999999999999,0.06060606060606067,0.7575757575757576
0.513157894736842,0.5526315789473685,0.49999999999999994,0.43421052631578955,0.3157894736842105,1.0,0.26315789473684204,0.5,0.9736842105263158,0.1710526315789474,0.22368421052631576
0.030303030303030363,0.8787878787878787,0.909090909090909,0.3939393939393939,0.2727272727272727,0.9999999999999999,0.6969696969696969,0.4545454545454545,0.9999999999999999,0.3333333333333333,0.24242424242424251
0.9090909090909091,0.8181818181818181,0.5454545454545454,0.1818181818181818,0.7272727272727273,0.9999999999999998,0.6363636363636362,0.9090909090909091,0.8181818181818181,0.1818181818181818,0.6363636363636362
0.10975609756097555,0.28048780487804886,0.6219512195121951,0.3048780487804878,0.36585365853658536,1.0,0.10975609756097555,0.7804878048780488,0.853658536585366,0.32926829268292684,0.6097560975609756
0.16666666666666669,0.8333333333333333,1.0,0.16666666666666669,0.24999999999999994,1.0,0.5833333333333333,0.9166666666666666,1.0,0.3333333333333333,0.7499999999999999
0.030303030303030363,0.8787878787878787,0.9393939393939392,0.1818181818181819,0.24242424242424251,0.9999999999999999,0.5757575757575757,0.909090909090909,0.9999999999999999,0.12121212121212128,0.8181818181818181
0.030303030303030363,0.6969696969696969,0.9393939393939392,0.3939393939393939,0.303030303030303,0.9999999999999999,0.42424242424242425,0.909090909090909,0.9999999999999999,0.1515151515151516,0.9393939393939392
0.027027027027027094,0.5675675675675675,0.6216216216216217,0.29729729729729726,0.3918918918918919,1.0000000000000002,0.3243243243243243,0.8513513513513513,0.8108108108108107,0.527027027027027,0.527027027027027
0.22058823529411764,0.6323529411764706,0.588235294117647,0.27941176470588225,0.3529411764705882,1.0,0.07352941176470591,0.9264705882352939,0.9705882352941176,0.11764705882352941,0.39705882352941174
0.030303030303030363,0.8787878787878787,0.9393939393939392,0.3939393939393939,0.1818181818181819,0.9999999999999999,0.6666666666666665,0.909090909090909,0.9999999999999999,0.303030303030303,0.8181818181818181
0.030303030303030363,0.6969696969696969,0.9393939393939392,0.3939393939393939,0.2121212121212122,0.9999999999999999,5.3618725621101306e-17,0.909090909090909,0.9999999999999999,5.3618725621101306e-17,0.7878787878787877
0.1216216216216216,0.48648648648648646,0.6756756756756757,0.3648648648648649,0.4189189189189189,1.0000000000000002,0.40540540540540543,0.8513513513513513,0.9864864864864864,0.3918918918918919,0.6756756756756757
0.030303030303030363,0.8787878787878787,0.9393939393939392,0.3939393939393939,0.24242424242424251,0.9999999999999999,0.9999999999999999,0.909090909090909,0.9999999999999999,0.2727272727272727,0.1818181818181819
0.1216216216216216,0.581081081081081,0.6756756756756757,0.3378378378378379,0.4324324324324325,1.0000000000000002,0.2297297297297297,0.8783783783783783,0.9324324324324325,0.7972972972972971,0.20270270270270274
0.14285714285714293,0.6142857142857142,0.47142857142857136,0.2571428571428572,0.39999999999999997,0.9999999999999998,0.32857142857142857,0.9285714285714285,0.8142857142857142,0.7714285714285714,0.5571428571428572
0.029411764705882408,0.7058823529411764,0.9411764705882352,0.35294117647058826,0.3823529411764706,0.9999999999999999,0.5588235294117647,0.9705882352941176,0.676470588235294,0.6470588235294117,0.5
0.038461538461538484,0.34615384615384615,0.7051282051282051,0.3589743589743591,0.358974358974359,1.0,0.3333333333333333,0.8589743589743589,0.782051282051282,0.5512820512820513,0.5641025641025642
0.029411764705882408,0.676470588235294,0.9411764705882352,0.3823529411764706,0.1764705882352941,0.9999999999999999,0.29411764705882354,0.9411764705882351,0.8235294117647058,0.7941176470588235,0.6176470588235293
0.02857142857142863,0.8857142857142857,0.9428571428571427,0.3714285714285715,0.2571428571428572,0.9999999999999999,0.5428571428571428,0.9428571428571428,0.8285714285714285,0.42857142857142855,0.7428571428571428
0.12820512820512822,0.21794871794871792,0.48717948717948717,0.3717948717948718,0.42307692307692313,1.0,0.3205128205128205,0.8461538461538463,0.9743589743589743,0.782051282051282,0.30769230769230776
0.029411764705882408,0.676470588235294,0.9411764705882352,0.35294117647058826,0.2647058823529412,0.9999999999999999,0.3235294117647059,0.9411764705882351,0.8823529411764706,0.6176470588235293,0.8823529411764706
0.029411764705882408,0.7058823529411764,0.9411764705882352,0.3823529411764706,0.2647058823529412,0.9999999999999999,0.058823529411764774,0.9411764705882351,0.9117647058823528,0.8235294117647058,0.1176470588235295
0.29487179487179493,0.43589743589743596,0.5,0.39743589743589736,0.42307692307692313,1.0,0.6282051282051282,0.8461538461538463,0.9743589743589743,0.8717948717948718,0.5128205128205129
0.05555555555555559,0.861111111111111,0.9444444444444443,0.3333333333333333,0.19444444444444442,0.9999999999999999,0.5833333333333333,0.9166666666666666,0.6666666666666666,0.7499999999999999,0.9166666666666666
0.3170731707317073,0.4268292682926829,0.6951219512195123,0.2926829268292684,0.4146341463414635,1.0,0.2926829268292683,0.8292682926829269,0.8292682926829269,0.8170731707317074,0.3170731707317073
0.11250000000000002,0.4250000000000001,0.47500000000000003,0.30000000000000004,0.3374999999999999,1.0,0.32499999999999996,0.8250000000000001,0.8625,0.95,0.4000000000000001
0.12499999999999997,0.638888888888889,0.45833333333333337,0.23611111111111108,0.3611111111111111,1.0,0.16666666666666666,0.9166666666666666,0.875,0.9166666666666666,0.7777777777777778
0.513888888888889,0.638888888888889,0.4722222222222222,0.23611111111111108,0.3611111111111111,1.0,0.5555555555555556,0.9166666666666666,0.875,0.9444444444444445,0.26388888888888895
0.10810810810810814,0.44594594594594594,0.48648648648648646,0.1756756756756757,0.3648648648648649,1.0000000000000002,0.5945945945945945,0.8918918918918919,0.9459459459459459,1.0,0.6216216216216217
0.02631578947368427,0.894736842105263,0.9210526315789473,0.3421052631578948,0.3421052631578948,1.0,0.5789473684210525,0.894736842105263,0.9736842105263157,0.9999999999999999,0.7894736842105262
0.25,0.5263157894736841,0.4736842105263158,0.42105263157894735,0.4473684210526316,1.0,0.5789473684210525,0.868421052631579,0.9736842105263158,0.9736842105263158,0.26315789473684204
0.02777777777777775,0.8888888888888888,0.9444444444444443,0.3055555555555555,0.16666666666666669,0.9999999999999999,0.5833333333333333,0.9166666666666666,0.9166666666666666,0.8055555555555555,0.6666666666666666
0.02631578947368427,0.894736842105263,0.9473684210526315,0.2894736842105263,0.2631578947368421,1.0,0.2894736842105263,0.8684210526315789,0.9210526315789473,0.9999999999999999,0.39473684210526316
0.22222222222222224,0.861111111111111,0.9166666666666666,2.852656382717416e-17,0.24999999999999994,0.9999999999999999,0.611111111111111,0.8888888888888888,0.5555555555555556,1.0,0.05555555555555559
0.027027027027026956,0.891891891891892,0.945945945945946,0.2702702702702703,0.29729729729729726,1.0000000000000002,0.5135135135135136,0.891891891891892,0.4594594594594594,1.0000000000000002,0.027027027027026956
0.027027027027026956,0.891891891891892,0.918918918918919,0.3243243243243243,0.24324324324324317,1.0000000000000002,0.8378378378378379,0.891891891891892,0.918918918918919,1.0000000000000002,0.027027027027026956
0.027027027027026956,0.891891891891892,0.945945945945946,0.29729729729729726,0.18918918918918917,1.0000000000000002,0.5675675675675675,0.891891891891892,1.0000000000000002,1.0000000000000002,0.7297297297297298
0.027027027027026956,0.7027027027027027,0.945945945945946,0.29729729729729726,0.21621621621621617,1.0000000000000002,0.3783783783783784,0.891891891891892,0.945945945945946,1.0000000000000002,0.05405405405405407
0.027027027027026956,0.891891891891892,0.945945945945946,0.29729729729729726,0.24324324324324317,1.0000000000000002,0.9729729729729731,0.891891891891892,0.9729729729729731,1.0000000000000002,0.6756756756756758
0.027027027027026956,0.891891891891892,0.945945945945946,0.29729729729729726,0.2702702702702703,1.0000000000000002,1.0000000000000002,0.891891891891892,0.945945945945946,0.945945945945946,0.8108108108108109
0.027027027027026956,0.7027027027027027,0.945945945945946,0.29729729729729726,0.18918918918918917,1.0000000000000002,0.3783783783783784,0.891891891891892,0.945945945945946,1.0000000000000002,0.6216216216216217
0.524390243902439,0.43902439024390244,0.6951219512195123,0.5975609756097562,0.36585365853658536,1.0,0.23170731707317066,0.8414634146341464,0.5609756097560977,0.9756097560975611,0.45121951219512196
0.15789473684210537,0.6447368421052632,0.618421052631579,0.23684210526315794,0.4078947368421052,1.0,0.11842105263157894,0.8947368421052632,0.4736842105263158,1.0,0.34210526315789475
0.11904761904761905,0.33333333333333337,0.6428571428571428,0.3452380952380951,0.39285714285714285,0.9999999999999999,0.21428571428571433,0.8095238095238094,0.4642857142857143,1.0,0.6904761904761905
0.11904761904761905,0.42857142857142855,0.6309523809523809,0.29761904761904756,0.35714285714285715,0.9999999999999999,0.3095238095238095,0.8095238095238094,0.7261904761904762,1.0,0.4642857142857143
0.3815789473684211,0.5263157894736841,0.4736842105263158,0.25,0.34210526315789475,1.0,0.5789473684210525,0.8947368421052632,0.7894736842105262,1.0,0.34210526315789475
0.30000000000000004,0.51,0.44000000000000006,0.25,0.41000000000000003,1.0000000000000002,0.04999999999999997,0.8200000000000001,0.7899999999999999,0.8099999999999999,0.44000000000000006
-2.1312316990572203e-17,0.9047619047619048,0.8571428571428571,0.2619047619047619,0.11904761904761901,1.0,0.19047619047619047,0.738095238095238,0.738095238095238,1.0,0.6666666666666667
0.0,1.0,0.8571428571428571,0.14285714285714285,0.14285714285714285,1.0,0.2857142857142857,0.5714285714285714,0.7142857142857143,1.0,0.8571428571428571
4.080542721899989e-17,0.909090909090909,0.8636363636363635,0.2045454545454545,0.13636363636363635,0.9999999999999999,0.22727272727272727,0.7045454545454545,0.7272727272727273,0.9999999999999999,0.0227272727272728
0.0699999999999999,0.42,0.61,0.32999999999999996,0.3399999999999999,1.0000000000000002,0.6799999999999999,0.6799999999999999,0.85,1.0,0.6599999999999999
0.0227272727272728,0.909090909090909,0.8636363636363635,0.2727272727272728,0.18181818181818188,0.9999999999999999,0.04545454545454545,0.7272727272727273,0.7045454545454545,0.9999999999999999,0.7272727272727273
0.4583333333333333,0.43750000000000006,0.6354166666666666,0.28125000000000006,0.40625000000000006,1.0,0.4583333333333333,0.71875,0.8229166666666667,0.9375000000000001,0.09374999999999996
0.1666666666666666,0.6458333333333334,0.5833333333333334,0.23958333333333331,0.3645833333333333,1.0,0.3854166666666667,0.71875,0.8541666666666666,1.0,0.3645833333333333
4.080542721899989e-17,0.909090909090909,0.8863636363636364,0.29545454545454547,0.13636363636363635,0.9999999999999999,0.5681818181818181,0.75,0.7045454545454545,0.9999999999999999,0.5454545454545454
0.27777777777777785,0.5555555555555556,0.6444444444444444,0.22222222222222213,0.3888888888888889,1.0000000000000002,0.5888888888888889,0.7888888888888889,0.9,1.0,0.03333333333333326
0.05102040816326527,0.3469387755102041,0.6428571428571428,0.25510204081632654,0.32653061224489793,1.0000000000000002,0.3775510204081633,0.7040816326530612,0.8877551020408164,1.0,0.3775510204081633
0.1568627450980393,0.411764705882353,0.5882352941176471,0.2450980392156862,0.35294117647058826,0.9999999999999999,0.5490196078431372,0.6764705882352942,0.8039215686274509,1.0,0.5784313725490196
0.15555555555555547,0.45555555555555555,0.45555555555555555,0.22222222222222213,0.4333333333333333,1.0000000000000002,0.35555555555555557,0.7666666666666667,0.7888888888888889,1.0,0.9111111111111111
-4.965164082351395e-17,0.9111111111111112,0.888888888888889,0.2888888888888889,0.24444444444444435,1.0000000000000002,0.17777777777777773,0.7333333333333335,0.6444444444444445,1.0000000000000002,0.8222222222222223
0.02222222222222216,0.9111111111111112,0.888888888888889,0.2888888888888889,0.15555555555555553,1.0000000000000002,0.17777777777777773,0.7333333333333335,0.7333333333333335,1.0000000000000002,0.2888888888888889
3.720428220818343e-17,0.8936170212765957,0.8936170212765957,0.27659574468085113,0.23404255319148934,0.9999999999999998,0.10638297872340426,0.702127659574468,0.5319148936170212,0.9999999999999999,0.8085106382978723
-4.965164082351395e-17,0.7333333333333335,0.888888888888889,0.26666666666666666,0.1111111111111111,1.0000000000000002,0.4666666666666667,0.7333333333333335,0.9777777777777779,1.0000000000000002,0.04444444444444437
0.2916666666666667,0.5520833333333334,0.6458333333333334,0.5104166666666666,0.4166666666666666,1.0,0.6145833333333334,0.71875,0.625,1.0,0.1666666666666667
0.18367346938775508,0.23469387755102042,0.4591836734693877,0.18367346938775508,0.3877551020408163,1.0000000000000002,0.10204081632653052,0.7040816326530612,0.9897959183673469,1.0,0.33673469387755106
0.1568627450980393,0.43137254901960786,0.47058823529411764,0.25490196078431376,0.34313725490196073,0.9999999999999999,0.22549019607843132,0.6666666666666666,0.7156862745098039,1.0,0.4607843137254902
4.076600168545496e-17,0.9130434782608694,0.9130434782608694,0.2826086956521739,0.2391304347826087,1.0,0.21739130434782608,0.6956521739130435,0.9782608695652174,0.9999999999999999,0.608695652173913
0.5098039215686274,0.23529411764705888,0.6764705882352942,0.284313725490196,0.5294117647058824,0.9999999999999999,0.19607843137254896,0.6666666666666666,0.9117647058823529,1.0,0.36274509803921573
4.076600168545496e-17,0.4782608695652174,0.9130434782608694,0.2826086956521739,0.2391304347826087,1.0,0.02173913043478268,0.6956521739130435,0.9565217391304347,0.9999999999999999,0.26086956521739135
0.1960784313725491,0.43137254901960786,0.6764705882352942,0.303921568627451,0.3921568627450981,0.9999999999999999,0.6470588235294117,0.6666666666666666,0.9803921568627451,1.0,0.22549019607843132
0.25,0.6847826086956522,0.46739130434782616,0.1956521739130434,0.4021739130434783,1.0,0.4347826086956522,0.7391304347826086,0.8152173913043478,1.0,0.5
3.7848512203130334e-17,0.9999999999999999,0.9090909090909091,0.3636363636363637,0.3636363636363637,0.9999999999999998,0.3636363636363637,0.36363636363636365,0.9999999999999999,0.9999999999999999,0.7272727272727273
0.04761904761904757,0.9285714285714287,0.9047619047619048,0.07142857142857141,0.42857142857142855,1.0,0.04761904761904757,0.6904761904761905,0.9761904761904763,1.0,0.7857142857142858
4.076600168545496e-17,0.717391304347826,0.9130434782608694,0.30434782608695654,0.4130434782608696,1.0,0.391304347826087,0.6739130434782608,0.9782608695652174,0.9999999999999999,0.5217391304347826
4.076600168545496e-17,0.9130434782608694,0.9130434782608694,0.30434782608695654,0.3260869565217392,1.0,0.5652173913043478,0.6956521739130435,0.9782608695652174,0.9999999999999999,0.5
0.11111111111111104,1.0000000000000002,0.8888888888888891,0.6666666666666667,0.11111111111111104,1.0,0.5555555555555556,0.11111111111111098,1.0000000000000002,1.0000000000000002,0.11111111111111104
0.04444444444444437,0.9111111111111112,0.9555555555555557,0.24444444444444435,0.1111111111111111,1.0000000000000002,0.7333333333333335,0.6444444444444445,1.0000000000000002,1.0000000000000002,0.9333333333333335
0.5104166666666666,0.4583333333333333,0.6666666666666667,0.6145833333333334,0.3333333333333333,1.0,0.35416666666666663,0.6770833333333333,0.5208333333333334,1.0,0.6770833333333333
0.10256410256410257,0.923076923076923,0.9487179487179487,0.4102564102564103,0.12820512820512825,1.0,0.30769230769230776,0.7692307692307692,0.8717948717948717,0.9999999999999999,0.25641025641025644
0.5212765957446809,0.6808510638297872,0.6382978723404256,0.351063829787234,0.3297872340425532,1.0000000000000002,0.4680851063829787,0.7659574468085107,0.946808510638298,1.0,0.5319148936170213
-4.965164082351395e-17,0.9111111111111112,0.9555555555555557,0.42222222222222217,0.1333333333333333,1.0000000000000002,0.39999999999999997,0.6666666666666667,0.888888888888889,1.0000000000000002,0.22222222222222215
0.08510638297872347,0.9148936170212766,0.9574468085106382,0.425531914893617,0.148936170212766,0.9999999999999998,0.36170212765957444,0.702127659574468,0.9148936170212766,0.9999999999999999,0.702127659574468
0.029411764705882346,0.6078431372549019,0.6176470588235295,0.43137254901960786,0.3137254901960785,0.9999999999999999,0.2745098039215687,0.6764705882352942,0.9509803921568628,1.0,0.6960784313725491
0.21874999999999997,0.5520833333333334,0.6041666666666667,0.3333333333333333,0.32291666666666663,1.0,0.35416666666666663,0.6770833333333333,0.9270833333333334,1.0,0.19791666666666663
3.720428220818343e-17,0.9148936170212766,0.9574468085106382,0.425531914893617,0.10638297872340426,0.9999999999999998,0.1914893617021277,0.4042553191489362,0.9787234042553191,0.9999999999999999,0.12765957446808512
0.0319148936170213,0.5957446808510639,0.6702127659574469,0.351063829787234,0.3297872340425532,0.9893617021276596,0.34042553191489366,0.6382978723404256,0.8829787234042554,1.0,0.36170212765957444
4.076600168545496e-17,0.9347826086956521,0.9565217391304347,0.391304347826087,0.08695652173913049,1.0,0.21739130434782608,0.3695652173913043,0.9565217391304347,0.9999999999999999,0.391304347826087
4.076600168545496e-17,0.9347826086956521,0.9565217391304347,0.391304347826087,0.06521739130434784,1.0,0.608695652173913,0.3695652173913043,0.9999999999999999,0.9999999999999999,0.34782608695652184
0.010638297872340424,0.574468085106383,0.6808510638297872,0.4042553191489362,0.28723404255319146,1.0000000000000002,0.5638297872340425,0.6382978723404256,0.8617021276595745,1.0,0.425531914893617
3.720428220818343e-17,0.7446808510638298,0.9574468085106382,0.40425531914893625,0.08510638297872347,0.9999999999999998,0.21276595744680857,0.4468085106382979,0.9999999999999999,0.9999999999999999,0.4680851063829788
3.720428220818343e-17,0.9361702127659574,0.9574468085106382,0.40425531914893625,0.10638297872340426,0.9999999999999998,0.4680851063829788,0.48936170212765956,0.9787234042553191,0.9999999999999999,0.5319148936170212
0.19298245614035084,0.23684210526315796,0.6315789473684209,0.38596491228070184,0.2982456140350877,0.9999999999999999,0.7894736842105262,0.6666666666666666,0.9561403508771928,0.9999999999999999,0.41228070175438597
0.25,0.5576923076923077,0.45192307692307687,0.40384615384615385,0.26923076923076933,1.0000000000000002,0.38461538461538464,0.7596153846153846,0.9807692307692308,1.0,0.27884615384615385
0.2604166666666667,0.5625000000000001,0.5833333333333334,0.3645833333333334,0.32291666666666663,1.0,0.23958333333333331,0.8020833333333334,1.0,1.0,0.25
0.22115384615384615,0.45192307692307687,0.44230769230769235,0.40384615384615385,0.31730769230769224,1.0000000000000002,0.20192307692307696,0.7499999999999999,1.0,1.0,0.423076923076923
0.49999999999999994,0.4326923076923077,0.6153846153846154,0.40384615384615385,0.3076923076923077,1.0000000000000002,0.3269230769230769,0.7499999999999999,0.9711538461538461,1.0,0.2980769230769231
3.720428220818343e-17,0.48936170212765956,0.9361702127659574,0.40425531914893625,0.08510638297872347,0.9999999999999998,0.34042553191489366,0.6808510638297872,0.9999999999999999,0.9999999999999999,0.425531914893617
0.0681818181818182,0.9545454545454545,0.9318181818181818,0.38636363636363635,0.04545454545454545,0.9999999999999999,0.4318181818181819,0.7045454545454545,0.909090909090909,0.9999999999999999,0.4090909090909091
-2.1312316990572203e-17,0.738095238095238,0.9285714285714287,0.4047619047619048,0.04761904761904757,1.0,0.4761904761904763,0.6904761904761905,0.9047619047619048,1.0,0.761904761904762
-6.12062811335213e-17,0.43396226415094336,0.6509433962264151,0.4622641509433963,0.26415094339622647,1.0,0.24528301886792456,0.7169811320754716,0.8962264150943396,1.0,0.6698113207547169
0.2547169811320756,0.3490566037735849,0.4716981132075472,0.4150943396226416,0.3207547169811321,1.0,0.20754716981132076,0.7264150943396226,0.9811320754716981,1.0,0.8490566037735848
0.07317073170731708,0.7317073170731707,0.9268292682926829,0.41463414634146345,0.09756097560975613,0.9999999999999999,0.7560975609756098,0.7317073170731707,0.9999999999999999,0.9999999999999999,0.7317073170731707
0.22115384615384615,0.6442307692307693,0.6634615384615384,0.4134615384615385,0.2980769230769231,0.9903846153846155,0.6730769230769231,0.7692307692307693,0.9615384615384616,1.0,0.6923076923076923
0.2884615384615384,0.5384615384615385,0.5961538461538461,0.40384615384615385,0.31730769230769224,0.9903846153846155,0.38461538461538464,0.778846153846154,0.9134615384615384,1.0,0.4326923076923077
0.3829787234042553,0.6063829787234043,0.5957446808510638,0.351063829787234,0.3191489361702128,1.0000000000000002,0.851063829787234,0.8829787234042554,0.9361702127659575,1.0,0.5531914893617021
0.22115384615384615,0.5576923076923077,0.5865384615384616,0.40384615384615385,0.2884615384615385,1.0000000000000002,0.6730769230769231,0.8365384615384617,0.8942307692307693,1.0,0.2884615384615385
0.19791666666666663,0.5625000000000001,0.5937500000000001,0.3437500000000001,0.31250000000000006,1.0,0.28125000000000006,0.8958333333333334,0.8854166666666666,1.0,0.30208333333333337
0.276595744680851,0.574468085106383,0.6276595744680852,0.351063829787234,0.34042553191489366,1.0000000000000002,0.36170212765957444,0.925531914893617,0.8617021276595745,1.0,0.18085106382978722
0.22115384615384615,0.5576923076923077,0.46153846153846156,0.3557692307692308,0.2884615384615384,0.9903846153846155,0.3076923076923077,0.8365384615384617,0.8846153846153847,1.0,0.7307692307692308
4.076600168545496e-17,0.7391304347826085,0.9565217391304347,0.4130434782608696,0.08695652173913049,1.0,0.06521739130434784,0.9130434782608693,0.8913043478260869,0.9999999999999999,0.9347826086956521
0.08163265306122447,0.4591836734693878,0.6428571428571428,0.3775510204081633,0.26530612244897955,1.0000000000000002,0.6836734693877552,0.9081632653061225,0.9387755102040816,1.0,0.17346938775510204
-1.2396044838750935e-17,0.9375,0.9583333333333334,0.4166666666666667,0.0833333333333333,0.9999999999999999,0.33333333333333337,0.7916666666666666,0.9166666666666667,1.0,0.8750000000000001
0.062499999999999944,0.7083333333333334,0.9583333333333334,0.4166666666666667,0.10416666666666666,0.9999999999999999,0.37499999999999994,0.8958333333333334,0.9791666666666666,1.0,0.35416666666666674
-1.2396044838750935e-17,0.9166666666666667,0.9583333333333334,0.4166666666666667,0.0833333333333333,0.9999999999999999,0.4166666666666667,0.8958333333333334,0.9583333333333334,1.0,0.25000000000000006
-6.12062811335213e-17,0.4150943396226415,0.6886792452830188,0.44339622641509435,0.3113207547169811,1.0,0.28301886792452835,0.8490566037735848,0.8584905660377359,1.0,0.23584905660377356
-1.2396044838750935e-17,0.9166666666666667,0.9583333333333334,0.4166666666666667,0.062499999999999944,0.9999999999999999,0.25000000000000006,0.8958333333333334,0.9583333333333334,1.0,0.25000000000000006
0.03773584905660373,0.4528301886792453,0.6792452830188678,0.43396226415094336,0.3207547169811321,1.0,0.5566037735849055,0.8396226415094339,0.8207547169811321,1.0,0.8018867924528302
0.20754716981132076,0.3584905660377358,0.6226415094339622,0.4150943396226416,0.3113207547169811,1.0,0.3773584905660377,0.8490566037735848,0.9339622641509433,1.0,0.09433962264150941
0.22641509433962267,0.4056603773584906,0.4528301886792453,0.4150943396226416,0.29245283018867924,1.0,0.44339622641509435,0.8584905660377359,0.9245283018867925,1.0,0.7924528301886792
0.18867924528301888,0.4528301886792453,0.6037735849056602,0.4150943396226416,0.28301886792452835,0.9905660377358491,0.3773584905660377,0.8584905660377359,0.8584905660377359,1.0,0.4622641509433963
-1.2396044838750935e-17,0.9166666666666667,0.9583333333333334,0.4166666666666667,0.0833333333333333,0.9999999999999999,0.47916666666666663,0.9166666666666665,0.9375,1.0,0.16666666666666663
0.22641509433962267,0.42452830188679247,0.660377358490566,0.43396226415094336,0.3207547169811321,1.0,0.4622641509433963,0.8584905660377359,0.8113207547169811,1.0,0.3113207547169811
0.22641509433962267,0.3584905660377358,0.4528301886792453,0.4150943396226416,0.3207547169811321,1.0,0.4528301886792453,0.8584905660377359,0.9716981132075471,1.0,0.42452830188679247
-1.2396044838750935e-17,0.9166666666666667,0.9583333333333334,0.4166666666666667,0.0833333333333333,0.9999999999999999,0.47916666666666663,0.9166666666666665,0.8125,1.0,0.8958333333333334
0.20754716981132076,0.3490566037735849,0.660377358490566,0.43396226415094336,0.30188679245283023,1.0,0.4811320754716982,0.8584905660377359,0.9150943396226414,1.0,0.43396226415094336
4.264881131182003e-17,0.7317073170731707,0.9512195121951219,0.41463414634146345,0.04878048780487814,0.9999999999999999,0.9512195121951219,0.9512195121951218,0.7560975609756098,0.9999999999999999,0.8048780487804877
0.20754716981132076,0.4528301886792453,0.6320754716981132,0.42452830188679247,0.29245283018867924,1.0,0.42452830188679247,0.8396226415094339,0.8962264150943396,1.0,0.44339622641509435
-1.2396044838750935e-17,0.9166666666666667,0.9583333333333334,0.4166666666666667,0.10416666666666666,0.9999999999999999,0.3958333333333333,0.7083333333333334,0.9375,1.0,0.4166666666666667
0.32291666666666674,0.5625000000000001,0.6666666666666667,0.3854166666666667,0.30208333333333337,1.0,0.11458333333333333,0.9583333333333333,0.9479166666666667,1.0,0.25
0.27083333333333337,0.5625000000000001,0.6145833333333334,0.3854166666666667,0.3333333333333333,1.0,0.7083333333333333,0.8854166666666666,0.9583333333333333,1.0,0.39583333333333337
0.2448979591836735,0.5510204081632653,0.6020408163265306,0.3571428571428571,0.33673469387755095,1.0000000000000002,0.3673469387755103,0.8673469387755102,0.9795918367346939,1.0,0.13265306122448972
0.21428571428571427,0.6836734693877552,0.4489795918367347,0.3673469387755103,0.3571428571428572,0.9897959183673469,0.5306122448979591,0.8877551020408164,0.9795918367346939,1.0,0.2857142857142857
0.1964285714285714,0.6160714285714285,0.6071428571428571,0.33928571428571436,0.29464285714285715,0.9910714285714286,0.7321428571428571,0.7678571428571428,0.9821428571428571,1.0,0.33035714285714285
0.020408163265306135,0.9183673469387755,0.8979591836734694,0.4285714285714286,0.10204081632653057,1.0,0.12244897959183673,0.8979591836734694,0.9591836734693877,1.0,0.4285714285714286
0.10204081632653057,0.7142857142857143,0.9591836734693877,0.4285714285714286,0.10204081632653057,1.0,0.5102040816326531,0.9387755102040817,0.9591836734693877,1.0,0.5510204081632654
4.264881131182003e-17,0.9512195121951219,0.9512195121951219,0.41463414634146345,0.14634146341463425,0.9999999999999999,0.6097560975609756,0.9024390243902438,0.9756097560975608,0.9999999999999999,0.7317073170731707
0.45454545454545464,0.35454545454545455,0.6363636363636365,0.48181818181818187,0.3181818181818182,0.990909090909091,0.3727272727272728,0.8454545454545456,0.8636363636363636,1.0000000000000002,0.5545454545454546
-1.2396044838750935e-17,0.9166666666666667,0.9375,0.43750000000000006,0.1458333333333334,0.9999999999999999,0.8958333333333334,0.9375,1.0,1.0,0.8541666666666667
-1.2396044838750935e-17,0.9166666666666667,0.9375,0.43750000000000006,0.12500000000000003,0.9999999999999999,0.4166666666666667,0.9375,1.0,1.0,0.8125
0.08888888888888889,0.9333333333333335,0.9333333333333335,0.4444444444444445,0.1111111111111111,1.0000000000000002,0.5111111111111112,0.9333333333333335,0.9777777777777779,1.0000000000000002,0.39999999999999997
0.037037037037037056,0.4444444444444445,0.6574074074074073,0.47222222222222227,0.26851851851851843,0.9907407407407407,0.5833333333333333,0.8518518518518517,0.9351851851851852,1.0,0.6388888888888888
3.720428220818343e-17,0.9361702127659574,0.9361702127659574,0.425531914893617,0.06382978723404259,0.9999999999999998,0.8936170212765957,0.9361702127659572,0.8936170212765957,0.9999999999999999,0.8085106382978723
3.720428220818343e-17,0.9148936170212766,0.9361702127659574,0.425531914893617,0.10638297872340426,0.9999999999999998,0.5531914893617021,0.9361702127659572,0.8723404255319148,0.9999999999999999,0.6382978723404255
-1.2396044838750935e-17,0.7291666666666667,0.9375,0.4166666666666667,0.10416666666666666,0.9999999999999999,0.4166666666666667,0.9375,0.9166666666666667,1.0,0.2291666666666667
-1.2396044838750935e-17,0.9375,0.9375,0.4166666666666667,0.12500000000000003,0.9999999999999999,0.1458333333333334,0.9375,0.8125,1.0,0.5416666666666666
0.26415094339622647,0.4150943396226415,0.7264150943396226,0.5094339622641509,0.339622641509434,1.0,0.5094339622641509,0.8584905660377359,0.8867924528301886,0.9245283018867925,0.3396226415094339
3.720428220818343e-17,0.7234042553191488,0.9361702127659574,0.40425531914893625,0.12765957446808512,0.9999999999999998,0.48936170212765956,0.9361702127659572,0.9787234042553191,0.9999999999999999,0.34042553191489366
0.31111111111111117,0.6888888888888889,0.6777777777777777,0.3777777777777778,0.32222222222222224,0.988888888888889,0.21111111111111105,0.9555555555555555,0.9777777777777777,1.0,0.3444444444444445
0.7,0.8999999999999998,0.5999999999999999,0.3,0.7999999999999999,0.9999999999999998,0.19999999999999998,0.9999999999999998,0.8999999999999998,0.9999999999999999,4.5796699765787705e-17
-1.2396044838750935e-17,0.9375,0.9375,0.47916666666666663,0.1458333333333334,0.9999999999999999,0.33333333333333337,0.9375,0.9791666666666666,1.0,0.7291666666666667
-1.2396044838750935e-17,0.7291666666666667,0.8958333333333334,0.4166666666666667,0.12500000000000003,0.9999999999999999,0.20833333333333334,0.9375,1.0,1.0,0.9583333333333334
-1.2396044838750935e-17,0.47916666666666663,0.8958333333333334,0.4166666666666667,0.12500000000000003,0.9999999999999999,0.5833333333333333,0.9166666666666665,1.0,1.0,0.5833333333333333
-1.2396044838750935e-17,0.9166666666666667,0.8958333333333334,0.4166666666666667,0.10416666666666666,0.9999999999999999,0.6041666666666666,0.9375,1.0,1.0,0.6875000000000001
-1.2396044838750935e-17,0.9166666666666667,0.9375,0.4166666666666667,0.062499999999999944,0.9999999999999999,0.7916666666666666,0.9375,0.9791666666666666,1.0,0.9583333333333334
-1.2396044838750935e-17,0.7083333333333334,0.9375,0.4166666666666667,0.062499999999999944,0.9999999999999999,0.5833333333333333,0.9375,0.8958333333333334,1.0,0.37499999999999994
1.0,0.42857142857142855,0.8095238095238094,0.8571428571428571,0.33333333333333337,0.8571428571428571,0.8095238095238094,0.8095238095238094,0.19047619047619044,0.14285714285714288,0.38095238095238093
1.0,0.5,1.0,0.8500000000000001,0.65,0.5,0.09999999999999996,0.8,0.8,0.65,0.9000000000000001
1.0,2.882309775469156e-17,0.8846153846153846,0.6923076923076923,0.30769230769230765,0.6923076923076923,0.03846153846153855,0.6153846153846153,0.4615384615384615,0.2692307692307693,0.03846153846153855
1.0,0.7887323943661971,1.0,0.676056338028169,0.4366197183098592,0.5070422535211268,0.9859154929577464,0.08450704225352118,0.22535211267605634,0.8169014084507042,0.9577464788732394
1.0,0.7887323943661971,1.0,0.6619718309859155,0.45070422535211263,-2.0230296311391495e-17,0.3380281690140845,0.08450704225352118,0.704225352112676,0.9014084507042253,0.6338028169014084
0.9999999999999999,0.8644067796610169,0.9999999999999999,0.6440677966101694,0.5593220338983051,0.5084745762711864,0.5932203389830507,0.08474576271186447,0.6779661016949153,0.8305084745762711,0.3559322033898305
1.0000000000000002,0.7837837837837839,1.0000000000000002,0.6756756756756758,0.3783783783783783,0.9189189189189189,0.5945945945945946,0.0675675675675675,0.972972972972973,0.7027027027027027,0.9594594594594595
1.0000000000000002,0.7837837837837839,1.0000000000000002,0.6756756756756758,0.49999999999999994,0.8783783783783785,0.3648648648648648,0.0675675675675675,1.0000000000000002,0.6486486486486487,0.891891891891892
1.0000000000000002,0.7837837837837839,1.0000000000000002,0.6756756756756758,0.4594594594594595,0.891891891891892,0.4459459459459459,0.0675675675675675,1.0000000000000002,0.6891891891891891,0.945945945945946
1.0000000000000002,0.7837837837837839,1.0000000000000002,0.6756756756756758,0.5540540540540541,0.8783783783783785,0.29729729729729726,0.08108108108108097,0.891891891891892,1.0000000000000002,0.6486486486486487
0.29166666666666674,0.020833333333333332,0.43749999999999994,0.4583333333333333,0.18749999999999997,0.9375000000000001,0.7291666666666666,0.12499999999999997,0.06249999999999997,0.06249999999999997,1.0
0.9545454545454546,0.27272727272727276,0.9545454545454546,0.9090909090909091,1.0,0.9545454545454546,0.6363636363636364,0.6363636363636364,0.045454545454545435,1.4508596344533295e-17,0.9090909090909091
1.0000000000000002,0.35540838852097123,1.0000000000000002,0.3162251655629139,0.9070088300220751,0.9873068432671083,0.43791390728476826,0.5383554083885209,0.712748344370861,1.0000000000000002,0.5496688741721855
1.0000000000000002,0.36689189189189164,1.0000000000000002,0.5479729729729729,0.8763513513513514,0.9885135135135136,0.4668918918918919,0.9520270270270271,0.6918918918918919,1.0000000000000002,0.49999999999999994
1.0,0.3620352250489234,1.0,0.544031311154599,0.8819308545335942,0.969341161121983,0.6157860404435748,0.9067188519243313,0.7788649706457926,0.9960861056751468,0.528375733855186
1.0000000000000002,0.36689189189189164,1.0000000000000002,0.5479729729729729,0.8837837837837839,0.9871621621621622,0.42162162162162165,0.9391891891891894,0.75,1.0000000000000002,0.4668918918918919
1.0,0.3630136986301368,1.0,0.5499999999999999,0.8801369863013698,0.986986301369863,0.5397260273972604,0.952054794520548,0.7,1.0,0.5047945205479453
1.0,0.36266666666666664,1.0,0.536,0.8899999999999999,1.0,0.534,0.9266666666666667,0.7706666666666667,0.9920000000000001,0.5073333333333334
1.0,0.3680069930069929,1.0,0.4344405594405593,0.9047202797202797,0.972465034965035,0.7041083916083916,0.7071678321678322,0.8146853146853147,0.9659090909090909,0.5218531468531469
1.0,0.3455,1.0,0.4165,0.899,0.9810000000000001,0.6049999999999999,0.7050000000000001,0.9285,1.0,0.5509999999999999
1.0000000000000002,0.36689189189189164,1.0000000000000002,0.5500000000000002,0.8756756756756757,0.9871621621621622,0.4966216216216216,0.9391891891891894,0.8432432432432433,1.0000000000000002,0.5033783783783785
1.0,0.37105263157894736,1.0,0.5335526315789474,0.8861842105263158,0.9881578947368421,0.5947368421052632,0.9144736842105263,0.8453947368421052,1.0,0.5894736842105264
1.0000000000000002,0.3520270270270268,1.0000000000000002,0.5466216216216215,0.8810810810810812,1.0000000000000002,0.652027027027027,0.9391891891891894,0.7966216216216216,1.0000000000000002,0.5222972972972973
1.0000000000000002,0.36689189189189164,1.0000000000000002,0.5567567567567567,0.8925675675675677,1.0000000000000002,0.43378378378378374,0.9391891891891894,0.7317567567567568,1.0000000000000002,0.6027027027027029
0.9999999999999999,0.3668831168831171,0.9999999999999999,0.5285714285714287,0.8857142857142857,0.9999999999999999,0.4603896103896104,0.9025974025974025,0.6266233766233766,0.9999999999999999,0.4980519480519481
1.0,0.3685583822570121,0.9647749510763209,0.5896934116112198,0.8610567514677104,0.9836921069797783,0.41422048271363343,0.8995433789954338,0.730593607305936,0.9960861056751468,0.4305283757338552
1.0,0.3685583822570121,1.0,0.573385518590998,0.858447488584475,1.0,0.4670580560991519,0.908675799086758,0.7442922374429225,0.9615133724722766,0.4911937377690802
1.0000000000000002,0.36689189189189164,1.0000000000000002,0.5540540540540542,0.8871621621621621,0.9736486486486488,0.4925675675675676,0.9391891891891894,0.7871621621621622,0.9824324324324325,0.479054054054054
1.0000000000000002,0.36689189189189164,1.0000000000000002,0.5472972972972971,0.8851351351351352,0.9743243243243245,0.45540540540540536,0.9391891891891894,0.764864864864865,0.995945945945946,0.7317567567567568
1.0000000000000002,0.36689189189189164,1.0000000000000002,0.5486486486486487,0.8824324324324324,0.9628378378378379,0.5331081081081082,0.9391891891891894,0.716891891891892,1.0000000000000002,0.6243243243243244
0.9999999999999999,0.7999999999999999,0.9999999999999999,3.885780586188047e-17,0.9999999999999999,0.7999999999999998,0.7999999999999998,0.9999999999999999,0.5,0.9999999999999999,0.7999999999999998
1.0,0.3780207134637513,1.0,0.5310701956271577,0.9090909090909091,0.9879171461449942,0.6449942462600691,0.8906789413118527,0.831415420023015,1.0,0.5558112773302647
1.0,0.37105263157894736,1.0,0.5328947368421052,0.8921052631578947,0.9875,0.5769736842105263,0.9144736842105263,0.7802631578947369,0.9513157894736842,0.4059210526315789
1.0,0.3871753246753247,1.0,0.3693181818181819,0.898538961038961,0.9914772727272727,0.6907467532467533,0.6298701298701298,0.6948051948051949,0.9346590909090909,0.6935876623376623
1.0,0.36749571183533447,1.0,0.4356775300171527,0.8842195540308747,0.9777015437392796,0.5536020583190395,0.6655231560891939,0.7341337907375642,1.0,0.6003430531732418
1.0,0.37950257289879935,1.0,0.4472555746140652,0.8919382504288165,0.9905660377358491,0.5021440823327616,0.6655231560891939,0.7075471698113207,1.0,0.531303602058319
1.0,0.36749571183533447,1.0,0.4425385934819897,0.8927958833619212,0.9909948542024014,0.6102058319039452,0.6655231560891939,0.7182675814751286,1.0,0.42967409948542024
1.0,0.3980458793542906,1.0,0.4451996601529311,0.9001699235344095,0.9910790144435004,0.5395072217502125,0.659303313508921,0.7319456244689889,1.0,0.5730671197960917
1.0,0.3889365351629503,1.0,0.4498284734133791,0.8979416809605489,0.9824185248713551,0.4618353344768439,0.6655231560891939,0.701114922813036,1.0,0.5673241852487134
1.0,0.38507718696397936,1.0,0.4481132075471698,0.8979416809605489,0.9819897084048028,0.4305317324185249,0.6655231560891939,0.7362778730703259,1.0,0.5368782161234991
1.0,0.36749571183533447,1.0,0.4541166380789023,0.9009433962264151,0.9841337907375642,0.5098627787307033,0.6655231560891939,0.7838765008576329,1.0,0.5051457975986278
1.0000000000000002,0.36689189189189164,1.0000000000000002,0.5493243243243244,0.9,0.9945945945945948,0.5797297297297298,0.9391891891891894,0.7709459459459461,1.0000000000000002,0.48648648648648646
1.0,0.37105263157894736,1.0,0.5532894736842104,0.8875,1.0,0.5651315789473685,0.9407894736842105,0.7546052631578947,1.0,0.5986842105263159
0.9999999999999999,0.37801932367149765,0.9999999999999999,0.4412238325281803,0.9001610305958131,0.9605475040257648,0.5619967793880836,0.6763285024154588,0.75402576489533,0.9999999999999999,0.6630434782608694
0.9999999999999999,0.3564102564102564,0.9999999999999999,0.5249999999999999,0.8679487179487179,0.9897435897435898,0.44102564102564107,0.891025641025641,0.6711538461538462,1.0,0.4564102564102564
1.0,0.42735042735042733,1.0,0.5714285714285713,0.8095238095238094,0.9853479853479852,0.32844932844932845,0.7973137973137974,0.746031746031746,0.9389499389499388,0.33333333333333337
1.0,0.3763955342902712,1.0,0.40111642743221687,0.8987240829346093,0.9916267942583733,0.5123604465709729,0.49362041467304624,0.7129186602870814,0.9051036682615631,0.529505582137161
1.0,0.42857142857142844,1.0,0.5576441102756892,0.8546365914786967,1.0,0.5225563909774437,0.637844611528822,0.694235588972431,0.9661654135338346,0.46115288220551376
1.0,0.3752913752913752,1.0,0.4254079254079253,0.9001554001554,0.9685314685314685,0.4358974358974359,0.4634809634809634,0.7455322455322455,0.9347319347319347,0.668997668997669
1.0,0.3955555555555555,1.0,0.563809523809524,0.8819047619047619,0.9777777777777779,0.38920634920634917,0.6679365079365079,0.6298412698412699,0.9682539682539683,0.47936507936507927
1.0,0.3589743589743588,1.0,0.44871794871794857,0.8846153846153845,0.9999999999999998,0.5384615384615383,0.6955128205128204,0.7403846153846153,0.9999999999999998,0.6057692307692307
1.0,0.4385964912280701,1.0,0.4574898785425101,0.8232118758434548,1.0000000000000002,0.5654520917678812,0.3225371120107961,0.6207827260458839,1.0,0.4345479082321187
0.9999999999999999,0.3849557522123894,0.9999999999999999,0.4179404666130331,0.9058728881737731,0.9589702333065165,0.5164923572003218,0.3648431214802895,0.6673370876910699,0.995172968624296,0.5269509251810137
0.9999999999999999,0.7999999999999999,0.9999999999999999,3.885780586188047e-17,0.9999999999999999,0.7999999999999998,0.5,0.5,0.6999999999999998,0.9999999999999999,0.6999999999999998
1.0,0.40197368421052637,1.0,0.5638157894736843,0.8907894736842106,0.975,0.5296052631578949,0.49407894736842106,0.6861842105263158,1.0,0.4605263157894736
1.0,0.37105263157894736,1.0,0.5381578947368422,0.8730263157894737,0.9875,0.5282894736842106,0.49407894736842106,0.8039473684210525,0.9598684210526316,0.5006578947368422
1.0,0.4126262626262626,1.0,0.498989898989899,0.8904040404040403,0.9893939393939394,0.5323232323232323,0.4696969696969696,0.6762626262626262,0.9641414141414141,0.5984848484848485
0.9999999999999999,0.3603896103896106,0.9999999999999999,0.5324675324675326,0.8811688311688312,0.9999999999999999,0.5448051948051947,0.5149350649350649,0.7668831168831167,0.9999999999999999,0.43376623376623374
1.0,0.39051383399209505,1.0,0.42134387351778674,0.8960474308300396,0.9553359683794467,0.4379446640316205,0.500395256916996,0.724901185770751,1.0,0.5699604743083004
1.0,0.38241010689990285,1.0,0.46015549076773565,0.8819241982507289,0.9999999999999999,0.4630709426627793,0.5490767735665695,0.6399416909620991,0.8347910592808552,0.4222546161321671
1.0,0.3924103419516264,1.0,0.48540450375312755,0.8899082568807339,0.9912427022518764,0.42326939115929946,0.48790658882402,0.7051709758131776,0.9424520433694745,0.4883236030025021
1.0,0.37747035573122534,1.0,0.43557312252964436,0.8932806324110673,0.991699604743083,0.5379446640316206,0.5047430830039525,0.7988142292490118,0.9727272727272728,0.43913043478260877
0.9999999999999999,0.3668831168831171,0.9999999999999999,0.544805194805195,0.8733766233766233,0.9999999999999999,0.6525974025974026,0.6584415584415584,0.824025974025974,0.9389610389610389,0.47337662337662334
1.0,0.3824733824733826,1.0,0.40745290745290763,0.8902538902538903,0.9823914823914823,0.506961506961507,0.4791154791154792,0.7686322686322686,0.9582309582309582,0.5565110565110565
1.0,0.4030969030969032,1.0,0.486013986013986,0.8856143856143857,0.9895104895104896,0.5559440559440559,0.5844155844155844,0.7737262737262738,0.8771228771228772,0.6003996003996004
1.0,0.40259740259740273,1.0,0.489010989010989,0.8891108891108892,0.9895104895104896,0.5984015984015985,0.5844155844155844,0.8246753246753248,0.9365634365634365,0.476023976023976
1.0,0.390742285237698,1.0,0.4474562135112594,0.8869891576313593,0.9912427022518764,0.6505421184320266,0.48790658882402,0.793160967472894,0.9428690575479566,0.6192660550458715
1.0,0.39115929941618005,1.0,0.48957464553794816,0.8807339449541284,1.0,0.4457881567973311,0.48790658882402,0.7664720600500416,1.0,0.5633861551292744
1.0,0.38864838864838863,1.0,0.5209235209235209,0.874939874939875,1.0,0.5723905723905724,0.5233285233285232,0.9047619047619047,1.0,0.5262145262145261
1.0,0.35617283950617284,1.0,0.5246913580246914,0.8808641975308642,0.9648148148148148,0.44999999999999996,0.632716049382716,0.8481481481481482,1.0,0.4432098765432098
0.9999999999999999,0.3668831168831171,0.9999999999999999,0.5441558441558443,0.8805194805194805,0.9999999999999999,0.5642857142857143,0.6655844155844155,0.8844155844155844,0.9999999999999999,0.4590909090909091
0.9999999999999999,0.3603896103896106,0.9999999999999999,0.5441558441558443,0.8766233766233765,0.9999999999999999,0.48181818181818176,0.6655844155844155,0.7662337662337662,0.9999999999999999,0.4032467532467532
0.9999999999999999,0.34166666666666673,0.9999999999999999,0.5397435897435897,0.8852564102564102,1.0,0.48205128205128206,0.657051282051282,0.8339743589743589,1.0,0.5346153846153846
0.9999999999999999,0.34166666666666673,0.9999999999999999,0.5416666666666666,0.8788461538461538,1.0,0.4775641025641026,0.657051282051282,0.735897435897436,1.0,0.42051282051282046
1.0,0.3525316455696203,1.0,0.5398734177215191,0.8822784810126583,0.989240506329114,0.4158227848101266,0.6487341772151899,0.8278481012658228,1.0,0.5544303797468355
1.0,0.3525316455696203,1.0,0.5367088607594936,0.8835443037974683,1.0,0.3398734177215189,0.6487341772151899,0.8265822784810126,1.0,0.5227848101265823
0.9999999999999999,0.3668831168831171,0.9999999999999999,0.5441558441558443,0.8714285714285713,0.9999999999999999,0.4993506493506494,0.6662337662337662,0.7324675324675325,0.9999999999999999,0.5292207792207791
0.9999999999999999,0.37087691069991974,0.9999999999999999,0.40426387771520517,0.8938053097345132,0.9742558326629122,0.5953338696701528,0.4762670957361222,0.8081255028157682,1.0,0.6234915526950925
1.0,0.38947368421052636,0.992797783933518,0.41994459833795017,0.9113573407202217,0.9457063711911358,0.49861495844875353,0.6121883656509695,0.8725761772853186,0.9922437673130194,0.5562326869806095
0.9999999999999999,0.3668831168831171,0.9999999999999999,0.5155844155844157,0.8792207792207792,0.9889610389610388,0.5032467532467533,0.6733766233766233,0.8272727272727272,0.9999999999999999,0.45000000000000007
0.9999999999999999,0.3934030571198712,0.9999999999999999,0.39782783588093323,0.8885760257441673,0.9758648431214803,0.5418342719227675,0.48109412711182625,0.8572003218020916,0.829847144006436,0.41110217216411904
0.9999999999999999,0.3603896103896106,0.9999999999999999,0.5168831168831169,0.872077922077922,0.9999999999999999,0.5233766233766233,0.7766233766233765,0.814935064935065,0.9999999999999999,0.6649350649350649
0.9999999999999999,0.3603896103896106,0.9999999999999999,0.5149350649350649,0.8727272727272727,0.9999999999999999,0.5214285714285714,0.8948051948051947,0.8012987012987013,0.9999999999999999,0.5168831168831168
1.0,0.36455696202531634,1.0,0.5050632911392406,0.8746835443037975,1.0,0.610759493670886,0.8791139240506329,0.8734177215189873,1.0,0.4094936708860759
1.0,0.3804403481822837,1.0,0.48847926267281117,0.8832565284178188,0.9999999999999999,0.5586277521761392,0.7501280081925242,0.9221710189452125,1.0,0.49257552483358935
0.9999999999999999,0.3841512469831055,0.9999999999999999,0.3990345937248591,0.8901850362027353,0.9762670957361222,0.5510860820595332,0.6230893000804504,0.9046661303298471,1.0,0.5249396621078036
0.9999999999999999,0.3603896103896106,0.9999999999999999,0.5240259740259741,0.8805194805194805,0.9876623376623376,0.6058441558441557,0.9019480519480518,0.8370129870129869,0.9999999999999999,0.6129870129870129
1.0,0.36455696202531634,1.0,0.5031645569620254,0.881012658227848,1.0,0.5158227848101267,0.8791139240506329,0.8424050632911393,1.0,0.5303797468354431
1.0,0.3615160349854227,1.0,0.45772594752186585,0.8785228377065112,0.9999999999999999,0.46355685131195334,0.7118561710398444,0.9504373177842567,0.9990281827016521,0.5685131195335277
1.0,0.8333333333333334,1.0,0.08333333333333333,1.0,0.8333333333333334,0.16666666666666666,0.4166666666666667,0.8333333333333334,1.0,0.3333333333333333
1.0,0.3639291465378421,1.0,0.4192163177670424,0.8982823403113258,0.9938271604938271,0.479602791196994,0.5410628019323671,0.8923778851315084,0.9965110037573806,0.4822866344605475
1.0,0.3859649122807018,1.0,0.4045828857858933,0.886501969208736,0.9924812030075186,0.41424991049051196,0.5141424991049052,0.7880415324024346,1.0,0.5345506623702113
1.0,0.7457627118644068,0.42372881355932196,0.016949152542372947,0.19491525423728814,0.788135593220339,0.7457627118644068,0.05084745762711866,0.05932203389830511,0.24576271186440682,0.7288135593220338
1.0000000000000002,0.7352941176470589,1.0000000000000002,0.985294117647059,1.0000000000000002,0.9117647058823529,0.9705882352941178,0.9558823529411765,0.13970588235294118,0.7205882352941178,0.5514705882352942
1.0000000000000002,0.9264705882352942,1.0000000000000002,0.985294117647059,1.0000000000000002,0.9852941176470591,0.9411764705882354,0.9632352941176473,0.007352941176470527,0.25735294117647056,0.9264705882352942
1.0000000000000002,0.7448979591836735,0.6938775510204082,1.0000000000000002,0.163265306122449,0.9081632653061225,0.14285714285714285,1.0000000000000002,0.163265306122449,0.49999999999999994,0.18367346938775503
1.0000000000000002,0.989795918367347,1.0000000000000002,0.989795918367347,-3.241985761481145e-17,0.979591836734694,0.1122448979591837,1.0000000000000002,0.163265306122449,0.3775510204081632,0.4795918367346938
1.0,0.854014598540146,1.0,0.9854014598540146,1.0,0.7956204379562044,0.5255474452554745,0.9635036496350367,0.21167883211678834,0.7226277372262775,0.7299270072992701
1.0,0.41358024691358025,1.0,0.962962962962963,0.28395061728395055,0.006172839506172727,0.5987654320987654,0.5432098765432098,0.4567901234567901,0.7530864197530864,0.5
0.9634920634920636,0.6095238095238096,0.996825396825397,0.788888888888889,0.5190476190476191,0.5666666666666668,0.7079365079365081,0.38730158730158726,0.5555555555555556,0.7952380952380952,0.6015873015873017
1.0,0.6120527306967983,0.9962335216572504,0.9792843691148775,0.414312617702448,0.4387947269303201,0.4538606403013182,0.36723163841807904,0.8154425612052729,1.0,0.6101694915254238
0.9083333333333333,0.3194444444444444,0.9916666666666667,0.8555555555555556,0.38055555555555565,0.4305555555555556,0.5499999999999999,0.4277777777777777,0.6055555555555556,0.8805555555555555,0.5833333333333333
1.0,0.3490196078431374,0.9980392156862745,0.9901960784313726,0.3686274509803922,-9.95935360325508e-17,0.5843137254901961,0.4098039215686275,0.7980392156862746,0.9294117647058823,0.3980392156862746
1.0,0.7500000000000001,1.0,1.0,0.05000000000000003,0.8500000000000001,0.09999999999999996,-0.02500000000000003,1.0,1.0,0.35000000000000003
1.0,0.42857142857142855,1.0,1.0,0.380952380952381,0.3015873015873015,0.42857142857142855,0.5555555555555555,0.8333333333333333,1.0,0.5
1.0,0.3428571428571429,1.0,1.0,0.4514285714285714,0.0,0.4571428571428571,0.52,0.9657142857142857,1.0,0.42285714285714293
1.0,0.476923076923077,1.0,0.9615384615384616,0.34615384615384615,-1.6546593155471086e-17,0.4153846153846154,0.43076923076923074,0.8846153846153846,1.0,0.6923076923076923
1.0,0.4692307692307693,1.0,0.9615384615384616,0.246153846153846,-1.6546593155471086e-17,0.34615384615384615,0.4846153846153845,0.876923076923077,1.0,0.3384615384615384
0.9708994708994709,0.32275132275132284,0.9973544973544973,1.0,0.4100529100529101,0.21693121693121695,0.5952380952380951,0.4470899470899471,0.9867724867724867,1.0,0.48412698412698413
1.0,0.3745098039215686,0.9980392156862745,0.9901960784313726,0.3823529411764706,-9.95935360325508e-17,0.5647058823529412,0.42352941176470593,0.9549019607843138,1.0,0.46862745098039216
1.0,0.431174089068826,0.9989878542510121,0.9908906882591093,0.4321862348178137,0.0,0.4969635627530364,0.41902834008097173,0.9271255060728745,1.0,0.5850202429149798
0.9989878542510121,0.4746963562753037,0.9989878542510121,0.9908906882591093,0.42105263157894746,0.0,0.38360323886639675,0.4230769230769231,0.9018218623481781,1.0,0.5840080971659919
0.9975308641975309,0.2962962962962962,0.9975308641975309,1.0000000000000002,0.3185185185185184,-8.326672684688675e-17,0.6641975308641975,0.4913580246913579,0.8962962962962964,1.0000000000000002,0.4567901234567901
0.9974747474747474,0.21212121212121207,0.9974747474747474,1.0,0.3611111111111112,-8.358213111524616e-17,0.6994949494949495,0.43181818181818177,0.9722222222222221,1.0,0.4065656565656565
1.0,0.9285714285714286,1.0,1.0,7.434529182757744e-18,0.9285714285714286,0.07142857142857141,-2.973811673103098e-17,1.0,1.0,1.0
1.0,0.9285714285714286,1.0,1.0,7.434529182757744e-18,0.9285714285714286,0.5714285714285714,-2.973811673103098e-17,1.0,1.0,1.0
1.0,0.7333333333333333,1.0,1.0,0.13333333333333333,0.6666666666666666,1.0,0.0,1.0,1.0,0.8666666666666667
1.0,0.9615384615384616,1.0,1.0,0.4230769230769231,0.38461538461538464,0.7307692307692308,0.2307692307692307,0.846153846153846,1.0,0.6923076923076923
1.0,1.0,1.0,1.0,0.8333333333333333,-3.7585675312830816e-17,0.16666666666666669,0.33333333333333326,1.0,1.0,0.41666666666666663
1.0,0.5499999999999999,1.0,0.9772727272727273,0.3772727272727273,5.409183202364043e-17,0.24545454545454554,0.25681818181818183,0.9363636363636364,1.0,0.5772727272727273
0.9999999999999999,0.4709677419354839,0.9999999999999999,0.9677419354838708,0.28387096774193554,-1.6116140680042593e-17,0.19999999999999998,0.367741935483871,0.9999999999999999,0.9999999999999999,0.3741935483870968
1.0000000000000002,0.5583333333333333,0.9916666666666668,0.9583333333333334,0.37499999999999994,-1.1738295520776395e-16,0.4083333333333333,0.4833333333333333,1.0000000000000002,1.0000000000000002,0.39166666666666666
0.96996996996997,0.32132132132132113,0.993993993993994,1.0,0.4264264264264264,-3.450693184645757e-17,0.4444444444444444,0.5180180180180181,1.0,1.0,0.3693693693693694
1.0,0.27327327327327333,0.993993993993994,1.0,0.3843843843843844,-3.450693184645757e-17,0.4444444444444444,0.5045045045045046,1.0,1.0,0.5525525525525525
0.9896640826873385,0.2144702842377261,0.9948320413436693,1.0,0.3126614987080104,-2.013892928389819e-16,0.49612403100775204,0.49741602067183455,0.9948320413436693,1.0,0.545219638242894
1.0,0.3978494623655914,1.0,0.967741935483871,0.4301075268817203,-1.6563811254488225e-16,0.5053763440860215,0.5,0.9838709677419355,1.0,0.5860215053763441
1.0,0.3978494623655914,1.0,0.967741935483871,0.33333333333333315,-1.6563811254488225e-16,0.3763440860215053,0.4731182795698925,0.9946236559139785,1.0,0.510752688172043
1.0,0.39795918367346933,0.9982993197278912,0.9914965986394558,0.4863945578231292,-7.009698943743016e-17,0.38095238095238093,0.3154761904761904,0.9931972789115646,1.0,0.38775510204081637
1.0,0.4321428571428571,0.9982142857142857,0.9857142857142858,0.5017857142857143,-1.39174386301225e-16,0.5803571428571428,0.21874999999999992,0.9946428571428572,1.0,0.33928571428571425
1.0000000000000002,0.3802083333333334,0.9982638888888888,0.9921875,0.5416666666666667,-9.367506770274758e-17,0.40798611111111105,0.3272569444444444,0.9939236111111112,1.0,0.3506944444444444
1.0,0.40123456790123463,1.0,0.962962962962963,0.35185185185185186,-5.0885221961986346e-17,0.462962962962963,0.537037037037037,1.0,1.0,0.6419753086419753
1.0,0.6666666666666666,1.0,1.0,2.929755203871941e-17,0.5555555555555556,0.5,0.05555555555555555,1.0,1.0,0.4444444444444444
1.0,0.6666666666666666,1.0,1.0,0.22222222222222224,0.7222222222222222,0.611111111111111,1.831097002419963e-17,1.0,1.0,0.3333333333333333
1.0,0.5196428571428571,0.9982142857142857,0.9857142857142858,0.5660714285714286,-1.39174386301225e-16,0.5071428571428571,0.22321428571428567,1.0,1.0,0.6875
0.9999999999999999,0.3951612903225805,0.9973118279569891,0.9838709677419354,0.4274193548387096,1.522079953115134e-17,0.3655913978494624,0.18279569892473121,0.9999999999999999,0.9999999999999999,0.6424731182795699
1.0,0.6956521739130435,1.0,1.0,0.47826086956521735,0.0869565217391303,0.8260869565217392,0.13043478260869562,1.0,1.0,0.1956521739130434
1.0,0.288095238095238,0.9976190476190476,1.0,0.4476190476190476,-5.435466891393996e-17,0.48690476190476184,0.38928571428571423,1.0,1.0,0.49404761904761907
1.0,0.6842105263157895,1.0,0.9736842105263158,0.4736842105263158,0.4868421052631579,0.3947368421052631,0.13157894736842093,1.0,1.0,0.5921052631578947
1.0,0.6833333333333333,1.0,0.9666666666666667,0.4666666666666667,0.48333333333333334,0.21666666666666667,0.13333333333333333,1.0,1.0,0.85
1.0,0.3928571428571429,1.0,1.0,0.49404761904761907,-3.5850951836854015e-17,0.48809523809523814,0.5476190476190477,1.0,1.0,0.5952380952380951
1.0,0.8750000000000001,1.0,1.0,0.06250000000000001,0.062499999999999965,0.6562500000000001,0.43749999999999994,0.96875,1.0,0.28125
1.0000000000000002,0.6206896551724138,1.0000000000000002,1.0000000000000002,-5.383624580617678e-17,0.9655172413793104,0.1724137931034482,0.06896551724137923,0.9655172413793105,1.0000000000000002,0.8620689655172415
1.0,0.3520408163265307,0.9948979591836734,1.0,0.3673469387755102,-6.75480080033418e-17,0.4540816326530612,0.1377551020408163,1.0,1.0,0.27040816326530615
1.0,0.40434782608695663,0.9978260869565218,0.9880434782608696,0.4706521739130435,0.010869565217391243,0.5293478260869564,0.3456521739130433,0.9891304347826088,1.0,0.5065217391304347
1.0,0.3411111111111112,0.9977777777777778,0.99,0.4722222222222222,-4.625929269271486e-17,0.20999999999999996,0.35444444444444445,0.9800000000000001,1.0,0.4544444444444444
1.0,0.40740740740740733,1.0,0.962962962962963,0.35185185185185186,-5.0885221961986346e-17,0.6296296296296295,0.5555555555555555,0.9382716049382717,1.0,0.5246913580246912
1.0,1.0,1.0,0.9473684210526316,1.0,-2.1912296538654406e-17,0.3684210526315789,0.0526315789473684,1.0,1.0,0.1052631578947368
1.0,0.6666666666666666,1.0,1.0,0.0833333333333333,0.6666666666666666,0.24999999999999994,-3.7585675312830816e-17,0.8333333333333333,1.0,0.41666666666666663
1.0,0.5833333333333333,1.0,1.0,0.16666666666666669,0.6666666666666666,0.24999999999999994,-0.04166666666666664,0.8333333333333333,1.0,0.0833333333333333
1.0,1.0,1.0,1.0,0.8333333333333333,-3.7585675312830816e-17,0.5833333333333333,0.33333333333333326,1.0,1.0,0.5
1.0,0.5833333333333333,1.0,1.0,0.16666666666666669,0.6666666666666666,0.3333333333333333,-3.7585675312830816e-17,0.7499999999999999,1.0,0.24999999999999994
1.0,0.6153846153846153,1.0,1.0,0.15384615384615388,0.6923076923076922,0.46153846153846156,-0.03846153846153844,0.9230769230769231,1.0,1.4945309946877107e-17
1.0000000000000002,1.0000000000000002,1.0000000000000002,1.0000000000000002,0.6000000000000001,0.4,1.0000000000000002,-0.10000000000000005,1.0000000000000002,1.0000000000000002,1.0000000000000002
1.0000000000000002,1.0000000000000002,1.0000000000000002,1.0000000000000002,0.6000000000000001,0.4,1.0000000000000002,-8.326672684688675e-17,1.0000000000000002,1.0000000000000002,1.0000000000000002
1.0,0.39777777777777773,1.0,0.9888888888888888,0.4888888888888889,-1.6961740653995449e-16,0.35777777777777775,0.542222222222222,0.9755555555555555,1.0,0.49333333333333335
0.9923076923076923,0.3884615384615385,1.0,0.9903846153846154,0.37115384615384617,-1.6546593155471086e-17,0.18269230769230768,0.4788461538461538,1.0,1.0,0.5076923076923077
1.0000000000000002,1.0000000000000002,1.0000000000000002,1.0000000000000002,0.6000000000000001,0.4,1.0000000000000002,-0.10000000000000005,1.0000000000000002,1.0000000000000002,0.1999999999999999
1.0,0.34920634920634924,0.9968253968253968,1.0,0.4000000000000001,1.7446361815538174e-17,0.5079365079365079,0.5714285714285714,1.0,1.0,0.6634920634920636
1.0,0.34013605442176875,0.9829931972789115,0.9591836734693877,0.29591836734693877,0.030612244897959082,0.6870748299319728,0.40306122448979587,0.9625850340136055,0.9625850340136055,0.47619047619047616
1.0000000000000002,1.0000000000000002,1.0000000000000002,1.0000000000000002,0.6000000000000001,0.4,0.1999999999999999,-0.10000000000000005,1.0000000000000002,1.0000000000000002,0.8000000000000002
1.0,0.6666666666666666,1.0,1.0,0.0476190476190476,-7.269317423140906e-18,0.6666666666666666,-0.023809523809523787,0.9523809523809523,1.0,0.33333333333333337
0.914071510957324,0.3846597462514416,0.756632064590542,0.8269896193771625,0.3690888119953864,0.40080738177623987,0.43829296424452135,0.546712802768166,0.6228373702422145,0.8206459054209918,0.40657439446366783
0.6171171171171171,0.4887387387387387,0.7162162162162161,0.6418918918918919,0.5585585585585585,0.7297297297297298,0.48648648648648646,0.295045045045045,0.6193693693693694,0.7612612612612613,0.27927927927927926
1.0,0.9354838709677419,1.0,0.8064516129032258,0.5483870967741935,0.03225806451612903,0.7419354838709677,0.2903225806451613,0.6451612903225806,1.0,0.3225806451612903
0.9999999999999999,0.41203703703703703,0.9999999999999999,0.8379629629629629,0.38888888888888895,0.7314814814814814,0.7592592592592593,0.6296296296296295,0.7268518518518517,0.7407407407407406,0.3101851851851853
0.875,0.5043103448275862,1.0,0.8232758620689655,0.27586206896551724,0.017241379310344803,0.5689655172413792,0.646551724137931,0.5991379310344828,1.0,0.36637931034482757
1.0,0.355072463768116,1.0,1.0,0.47101449275362317,-1.847857615714425e-17,0.6231884057971014,0.7898550724637681,0.7898550724637681,1.0,0.44202898550724645
1.0,0.35833333333333345,1.0,1.0,0.14166666666666664,9.69710423071035e-17,0.5916666666666667,0.8,0.8749999999999999,1.0,0.6833333333333333
0.8379629629629629,0.5092592592592592,0.9999999999999999,0.9583333333333333,0.29166666666666674,-1.4905772089874785e-17,0.5138888888888888,0.6435185185185185,0.7916666666666666,0.9999999999999999,0.5046296296296297
0.8379629629629629,0.41203703703703703,0.9999999999999999,0.9583333333333333,0.27314814814814814,-1.4905772089874785e-17,0.7777777777777777,0.6435185185185185,0.8472222222222222,0.9999999999999999,0.46296296296296297
0.8773584905660378,0.37499999999999994,1.0,0.9575471698113208,0.6179245283018868,0.00943396226415086,0.4599056603773584,0.5141509433962264,0.47877358490566035,1.0,0.5896226415094339
0.8519417475728155,0.39563106796116515,1.0,0.9587378640776699,0.5970873786407765,-1.3695894472469317e-16,0.3155339805825243,0.5097087378640777,0.6359223300970873,0.953883495145631,0.6116504854368932
0.8555045871559633,0.378440366972477,1.0,0.9587155963302753,0.5229357798165138,-1.4387064424614987e-17,0.3279816513761468,0.48623853211009166,0.658256880733945,1.0,0.32339449541284404
0.7993197278911565,0.36054421768707484,1.0,1.0,0.4863945578231292,-6.614960846658498e-17,0.435374149659864,0.6258503401360545,0.7959183673469388,1.0,0.4591836734693877
0.8034188034188035,0.40170940170940167,0.9999999999999999,0.9999999999999999,0.5384615384615383,0.0,0.5726495726495726,0.7948717948717948,0.8803418803418803,0.9999999999999999,0.5213675213675213
1.0,0.9032258064516129,1.0,0.7096774193548387,0.9032258064516129,0.0,0.41935483870967744,0.3548387096774194,0.8387096774193549,1.0,0.8064516129032258
1.0,0.9032258064516129,1.0,0.7096774193548387,0.8709677419354839,0.0,0.7419354838709677,0.3225806451612903,0.8064516129032258,1.0,0.6774193548387096
0.9999999999999999,0.6170212765957447,0.9999999999999999,0.9999999999999999,0.6170212765957447,0.9787234042553191,0.702127659574468,0.8085106382978723,0.9999999999999999,0.9999999999999999,0.6808510638297872
0.9999999999999999,0.6170212765957447,0.9999999999999999,0.9999999999999999,3.720428220818343e-17,0.9574468085106382,0.08510638297872347,0.8085106382978723,0.9999999999999999,0.9999999999999999,0.5744680851063829
0.9999999999999999,0.6170212765957447,0.9999999999999999,0.9999999999999999,0.021276595744680923,0.9574468085106382,0.2978723404255319,0.8085106382978723,0.9999999999999999,0.9999999999999999,0.10638297872340426
0.9999999999999999,0.425531914893617,0.9999999999999999,0.9999999999999999,0.021276595744680923,0.9787234042553191,0.34042553191489366,0.8085106382978723,0.9999999999999999,0.9999999999999999,0.34042553191489366
0.8458333333333332,0.2625000000000001,1.0,1.0,0.48750000000000004,-1.0798653637955624e-17,0.42500000000000004,0.75,0.8541666666666666,1.0,0.5249999999999999
0.8333333333333334,0.33333333333333337,1.0,1.0,0.4625000000000001,-1.0798653637955624e-17,0.42083333333333334,0.7458333333333332,0.9708333333333333,1.0,0.26249999999999996
0.8412698412698413,0.3492063492063493,1.0,1.0,0.3809523809523811,-2.973811673103098e-17,0.761904761904762,0.7539682539682538,0.6984126984126984,1.0,0.30952380952380953
1.0,0.306122448979592,1.0,1.0,0.14285714285714285,-5.890979314337566e-17,0.673469387755102,0.7074829931972789,0.673469387755102,1.0,0.6530612244897959
0.9947368421052633,0.5736842105263158,1.0,0.9605263157894737,0.5657894736842105,-1.265435125107292e-16,0.30789473684210517,0.5973684210526317,0.7552631578947369,1.0,0.4578947368421053
0.9999999999999999,0.9393939393939392,0.9999999999999999,0.7272727272727272,0.909090909090909,-2.502207195651394e-17,0.1818181818181819,0.4545454545454545,0.6363636363636364,0.9999999999999999,0.6969696969696969
1.0,0.7686567164179104,0.7835820895522387,0.582089552238806,0.7910447761194029,0.08208955223880607,0.582089552238806,0.6567164179104478,0.7164179104477613,0.9402985074626865,0.5223880597014926
1.0000000000000002,0.9178082191780822,1.0000000000000002,0.7945205479452055,0.8767123287671235,-1.0023374824205717e-16,0.36986301369863017,0.34246575342465746,0.9863013698630139,1.0000000000000002,0.6712328767123288
