cycle_id,num_testsuite,NORMALIZED_FPA,accuracy,total_failures_in_cycle,exec_time,optimal_failures_25%,failures_in_25%_ordered,optimal_exec_time_25%,exec_time_25%,optimal_failures_50%,failures_in_50%_ordered,optimal_exec_time_50%,exec_time_50%,optimal_failures_75%,failures_in_75%_ordered,optimal_exec_time_75%,exec_time_75%,prediction_time,learning_time,failure_metric
4475a0022d22d7a0433983546f89e7f58c713382,8,0.7941176470588235,0.125,0,46.444,0,0,0.021,13.617,0,0,5.5169999999999995,19.419,0,0,16.799,40.943,0.0011229515075683594,0.018930673599243164,0.45227249874308695
43e1ab6e21b76f08526fb926a71d6dd70aaec5ae,8,0.7892156862745099,0.625,0,46.70400000000001,0,0,0.027,16.068,0,0,5.554,29.67,0,0,17.061,41.177,0.0011396408081054688,0.6573944091796875,0.45227249874308695
12f80ff3ac3d7d5b2dccf4f3ec4f9c93ec21c37d,9,0.831578947368421,0.4444444444444444,0,31.939000000000004,0,0,0.0,6.5120000000000005,0,0,0.015000000000000001,6.521000000000001,0,0,4.579,27.375,0.0012755393981933594,0.017071247100830078,0.45227249874308695
3ba4695aa9c2e39a26ebc83bdf5452a5351f10bf,9,0.7894736842105263,0.8888888888888888,0,19.142,0,0,0.001,4.4719999999999995,0,0,0.013,4.473,0,0,0.069,11.054,0.0011110305786132812,0.6775689125061035,0.45227249874308695
6bcbadcc35c5f78cc04d6916beab6c5e10a1a016,20,0.7494773519163764,0.9,0,59.67999999999999,0,0,0.003,24.957,0,0,0.23900000000000002,25.192,0,0,11.985,49.741,0.0011484622955322266,0.6937751770019531,0.45227249874308695
0b5b1be810baf881d835ef2a96d55f54f537a6a5,15,0.7637096774193549,1.0,0,55.659000000000006,0,0,0.003,8.792,0,0,0.257,9.216000000000001,0,0,6.0760000000000005,27.903000000000006,0.0011336803436279297,0.7323698997497559,0.45227249874308695
8a1c1118558c8a4ec4d0b972d0c58906eaa3dd87,15,0.7024193548387098,0.9333333333333333,0,56.32599999999999,0,0,0.003,30.201999999999998,0,0,0.256,38.926,0,0,6.285,41.867,0.0013196468353271484,0.6546826362609863,0.45227249874308695
e6543480ad73e45c7f02710b0ee15352664e118a,11,0.8181818181818182,0.9090909090909091,0,28.299000000000003,0,0,0.008,2.864,0,0,0.032,3.102,0,0,0.465,6.162,0.0012314319610595703,0.731781005859375,0.45227249874308695
861879edc67cdf244d1f7d1ea927f7c1a9399263,14,0.7852216748768472,0.9285714285714286,0,55.269999999999996,0,0,0.020999999999999998,3.0699999999999994,0,0,0.494,14.394,0,0,8.942,22.713,0.0011096000671386719,0.9624612331390381,0.45227249874308695
6641cc08d9568fcd6a291cab8cb0a7c4860e43b6,8,0.8480392156862744,1.0,0,46.861000000000004,0,0,0.024,0.055,0,0,5.436,21.593,0,0,16.901,27.45,0.0012557506561279297,0.06972789764404297,0.45227249874308695
8408716a7f2909eab4618ac2ab6e9a1565a993d0,8,0.7352941176470587,0.875,0,46.829,0,0,0.02,16.167,0,0,5.462,29.869,0,0,17.012,41.363,0.00128173828125,1.0637927055358887,0.45227249874308695
6a6504247671ee1c36f35b24f5a87d75d92b79b1,11,0.7094861660079052,0.9090909090909091,0,28.583000000000002,0,0,0.017,5.869,0,0,0.059000000000000004,6.0889999999999995,0,0,0.46599999999999997,11.777,0.0012784004211425781,1.0218086242675781,0.45227249874308695
ab2c8a8865efb483ff898dd2bf82ad21eb494e00,9,0.8807017543859648,1.0,0,36.866,0,0,0.0,13.706,0,0,0.013000000000000001,13.706,0,0,0.199,13.796999999999999,0.0012788772583007812,0.03716015815734863,0.45227249874308695
712a207bfc7ea809c112fa22c44481332a8a822d,8,0.9117647058823529,0.625,0,46.688,0,0,0.006,0.006,0,0,5.413,21.657,0,0,16.903,27.686,0.0012526512145996094,0.9319541454315186,0.45227249874308695
6c5e19846659d824908ee3aeb57391e97ffed145,30,0.7194077207826549,0.9666666666666667,0,84.0,0,0,0.0,38.046,0,0,0.022000000000000002,40.92,0,0,9.112,71.846,0.0018265247344970703,1.0273261070251465,0.45227249874308695
7dd3b68cce4a731b635b766f745d76ab4b009eec,28,0.745268343271973,0.9642857142857143,0,75.83299999999998,0,0,0.01,20.490999999999996,0,0,0.277,39.157,0,0,16.991,64.47399999999999,0.0013773441314697266,0.3485724925994873,0.45227249874308695
20692f7ac8fb3d6ae500dacaa637dcddc93ce564,28,0.7558983666061706,1.0,0,83.20400000000001,0,0,0.006,22.724000000000004,0,0,0.08900000000000001,50.14500000000001,0,0,16.372,66.43900000000001,0.0018138885498046875,0.7164616584777832,0.45227249874308695
a9ab11f616f298ac1dc9f1e065369eee598d4416,11,0.8221343873517788,0.9090909090909091,0,28.313,0,0,0.008,8.447,0,0,0.049,8.469,0,0,0.498,8.713,0.0016925334930419922,0.5412724018096924,0.45227249874308695
845c820c03b613236e603a86d2ca91836abdc30a,17,0.661624649859944,1.0,0,55.458,0,0,0.005,27.275999999999996,0,0,0.28500000000000003,41.28,0,0,9.041,49.714,0.0012781620025634766,0.7027153968811035,0.45227249874308695
12d010b54e8c58fd6ce323b00b6259d43d34db33,11,0.8201581027667985,1.0,0,28.426,0,0,0.01,0.037000000000000005,0,0,0.057,3.203,0,0,0.483,11.543,0.0012755393981933594,0.7077779769897461,0.45227249874308695
a27d7746e1d7ee7fe55276e57b9aaca33e4612a1,19,0.7663967611336031,0.9473684210526315,0,59.991,0,0,0.007,11.087000000000002,0,0,0.063,17.091,0,0,6.0920000000000005,33.978,0.0012559890747070312,1.25130295753479,0.45227249874308695
91edebfed2377e4d5d39335538a53f029c3ddc50,15,0.6870967741935484,0.9333333333333333,0,55.82299999999999,0,0,0.003,32.64,0,0,0.26,35.825,0,0,6.293,38.895999999999994,0.0014171600341796875,1.0000720024108887,0.45227249874308695
7b9fba0be5f9ae7daf55d995b980646838f8975e,8,0.8480392156862744,0.375,5,44.306,2,2,10.253,18.622999999999998,4,3,28.875999999999998,34.052,5,4,44.305,39.055,0.0017898082733154297,0.7549228668212891,0.45227249874308695
c96a7ad5ab1d8c3ee722e5895f57f54e02e39ec8,8,0.8088235294117646,1.0,0,46.668000000000006,0,0,0.006,5.897,0,0,5.46,19.649,0,0,16.919,41.10000000000001,0.0012335777282714844,0.5082111358642578,0.45227249874308695
487523a34d2930dd5367963467184314f8cd0199,15,0.854032258064516,0.9333333333333333,0,55.72000000000001,0,0,0.002,2.817,0,0,0.22199999999999998,8.52,0,0,6.144,27.898000000000003,0.0012958049774169922,1.1196057796478271,0.45227249874308695
9bc78d88aeb12b5b8bd5d39e4dd9a81c72b3664d,15,0.7830645161290324,0.9333333333333333,0,55.994,0,0,0.003,19.191000000000003,0,0,0.21599999999999997,22.277000000000005,0,0,6.048,30.96,0.0013976097106933594,0.8822834491729736,0.45227249874308695
c19d7950cbc59f03865225865b44048dfa193080,15,0.7516129032258064,0.5333333333333333,7,20.355999999999998,3,2,0.714,3.294,7,2,14.139,6.402,7,5,14.139999999999999,19.567,0.0012853145599365234,0.728630781173706,0.45227249874308695
d88698772e13dddaa279343595f57e41d26f0ace,15,0.7314516129032257,0.6,7,20.355,3,0,0.622,2.9930000000000003,7,1,14.16,6.257,7,4,14.16,6.899,0.0013015270233154297,0.31628918647766113,0.45227249874308695
d8e760bd13b8a5c9ddd2029f2ddec3fbadc280a2,15,0.7677419354838709,1.0,0,55.650999999999996,0,0,0.003,11.381000000000002,0,0,0.206,27.456000000000003,0,0,5.963,33.555,0.0012717247009277344,0.25054383277893066,0.45227249874308695
624cdb14f819ec4ce5a5c02df0293f317cf9737a,6,0.8131868131868132,0.8333333333333334,0,19.118,0,0,0.0,0.0,0,0,0.0,8.346,0,0,0.001,8.347,0.0012371540069580078,0.43671607971191406,0.45227249874308695
a6feb941e5ff8fde22865f981d912c6d5f48546e,10,0.8545454545454545,0.9,0,26.147000000000002,0,0,0.0,0.232,0,0,0.001,5.929,0,0,3.339,12.133,0.0018146038055419922,0.3697018623352051,0.45227249874308695
cf032314f935892a8cc5ca7a43bcf1c9011f3242,10,0.8649350649350649,0.9,0,26.669999999999998,0,0,0.0,0.001,0,0,0.002,6.477,0,0,3.2630000000000003,9.483,0.0014166831970214844,0.7227137088775635,0.45227249874308695
f675cbc93ee4bf7395befd90303cfdc79265cee2,6,0.8021978021978022,1.0,0,16.978000000000005,0,0,0.001,0.001,0,0,0.002,4.2700000000000005,0,0,0.003,10.607000000000003,0.0022690296173095703,0.3998982906341553,0.45227249874308695
72c543a15fafdf8345881f631d4e99bfaf814eda,6,0.8131868131868132,1.0,0,17.989,0,0,0.0,6.9620000000000015,0,0,0.001,6.963000000000002,0,0,0.002,6.963000000000002,0.0014214515686035156,0.48105788230895996,0.45227249874308695
61116129bf45a797552a4154efbb06c9b4c3cfc1,6,0.7692307692307692,1.0,0,18.047000000000004,0,0,0.0,6.5020000000000024,0,0,0.0,6.503000000000003,0,0,0.001,6.503000000000003,0.001268625259399414,0.7326796054840088,0.45227249874308695
71841bce6f67b8e58b26caaa49b5c0b1f7269534,6,0.6483516483516483,1.0,0,18.110999999999997,0,0,0.0,7.15,0,0,0.001,13.734,0,0,0.002,13.735,0.0012500286102294922,0.7194633483886719,0.45227249874308695
1a5b367ebabe8dfc3b37481472dca48f115cd261,16,0.8135026737967915,1.0,0,51.037,0,0,0.001,8.491,0,0,0.033,14.210999999999999,0,0,8.918,27.942999999999998,0.0012536048889160156,0.7870388031005859,0.45227249874308695
377dd0a46189c53b9af1f89c7e4e9e1bc7698646,6,0.7802197802197802,0.6666666666666666,0,29.856000000000005,0,0,0.001,0.25,0,0,0.251,5.859,0,0,3.161,8.769,0.0013909339904785156,1.1028547286987305,0.45227249874308695
79a242ec3ec8208a9187777cb40d8c269f3cdffb,6,0.8241758241758241,1.0,0,17.604000000000003,0,0,0.0,0.0,0,0,0.0,4.283,0,0,0.001,10.718,0.0012459754943847656,0.8006296157836914,0.45227249874308695
dec0bde1bc4b4283bd8b9c42f7bdc5145aeb9ada,6,0.7912087912087912,1.0,0,18.188000000000002,0,0,0.001,6.867000000000001,0,0,0.002,6.868000000000001,0,0,0.005,6.871000000000001,0.0012853145599365234,0.4146578311920166,0.45227249874308695
dd2c56855c75f55dc7bf718f8f04b91600c396ce,6,0.7802197802197802,1.0,0,18.168,0,0,0.001,0.002,0,0,0.002,7.234999999999999,0,0,0.004,11.518,0.0012638568878173828,0.8006622791290283,0.45227249874308695
45ce66540a365d766987c7e2d7a680acadfd82df,24,0.6973469387755102,0.9583333333333334,0,95.81,0,0,0.002,43.592,0,0,0.41200000000000003,62.494,0,0,25.697000000000003,87.244,0.0012922286987304688,0.34580087661743164,0.45227249874308695
3e65ff983dcaba073337d3a15b21dfbee2eee4c7,11,0.774703557312253,0.9090909090909091,0,28.45,0,0,0.004,16.375,0,0,0.032,16.384,0,0,0.516,16.868000000000002,0.0013740062713623047,0.4196755886077881,0.45227249874308695
6441942c325fa63301bc0ebd1d43f6a430da8885,11,0.8873517786561266,0.9090909090909091,0,28.663,0,0,0.001,2.734,0,0,0.012,3.0589999999999997,0,0,0.509,3.0639999999999996,0.0012624263763427734,0.33904337882995605,0.45227249874308695
f61244c48d22b86a9c6de16fc4805f10d8d4777b,11,0.8122529644268773,0.9090909090909091,0,28.043999999999997,0,0,0.003,5.679,0,0,0.025,5.701,0,0,0.422,8.451,0.0012428760528564453,0.8428544998168945,0.45227249874308695
89d2eb8fab09847c42ca1eb32c62e0d4ef7699e6,12,0.8184615384615381,0.9166666666666666,0,28.589000000000002,0,0,0.004,0.028999999999999998,0,0,0.199,5.982,0,0,6.3180000000000005,22.762,0.0013842582702636719,0.4475245475769043,0.45227249874308695
661fb0c9c01c87410cdf1abda41d78906656c7e5,6,0.934065934065934,1.0,0,18.23,0,0,0.0,0.0,0,0,0.0,0.001,0,0,0.001,0.001,0.00127410888671875,0.42740583419799805,0.45227249874308695
b3654dbd3f21b6d7863eb491faf33a02bbcc9100,6,0.7252747252747254,0.8333333333333334,0,30.286999999999995,0,0,0.0,15.405,0,0,0.29,15.694999999999999,0,0,3.306,18.711,0.0012388229370117188,0.9351811408996582,0.45227249874308695
735d9a839110590ff1c82ff619cbd7facb34d078,24,0.7351020408163267,1.0,0,64.759,0,0,0.004,22.924000000000003,0,0,0.035,35.862,0,0,11.89,44.607,0.0017881393432617188,0.5052063465118408,0.45227249874308695
b8a36ca915ba99c9d4d7151b409b3cb883420a93,8,0.7549019607843138,1.0,0,19.104999999999997,0,0,0.0,6.5829999999999975,0,0,0.0,10.975999999999997,0,0,4.395,19.104999999999997,0.0012698173522949219,0.45595693588256836,0.45227249874308695
31dac7eb1e2c3683987adf686b0f151925d51b94,7,0.8571428571428571,1.0,0,17.401,0,0,0.001,0.001,0,0,0.002,0.017,0,0,0.003,0.018000000000000002,0.0012507438659667969,0.4499361515045166,0.45227249874308695
1f06856824ecb1896e15059704510455938372ea,6,0.7692307692307692,1.0,0,14.988,0,0,0.001,0.001,0,0,0.002,7.734,0,0,0.003,14.934000000000001,0.0012557506561279297,0.4161972999572754,0.45227249874308695
41157e7a305acd42d820b0dee0dc6cee228142b9,8,0.6862745098039216,1.0,0,18.874,0,0,0.0,14.748999999999999,0,0,0.002,14.749999999999998,0,0,4.125,18.865,0.00128173828125,0.9444844722747803,0.45227249874308695
b68e9f59ce4516dca88ed66d7cd6642b4187b074,6,0.9560439560439559,1.0,0,16.225,0,0,0.001,0.001,0,0,0.002,0.002,0,0,0.003,0.003,0.0012521743774414062,0.9400615692138672,0.45227249874308695
43b203c81c7d6d6deadce5c25e815c82fe74ec49,6,0.9780219780219781,1.0,0,18.480999999999998,0,0,0.0,0.0,0,0,0.0,0.0,0,0,0.001,4.401,0.001421213150024414,0.963641881942749,0.45227249874308695
845fca72fb3736ba07f9f35b138295d77530e500,22,0.8102766798418972,1.0,0,78.177,0,0,0.003,0.010000000000000002,0,0,0.013000000000000001,34.295,0,0,9.134,42.774,0.0012679100036621094,0.5956614017486572,0.45227249874308695
e27d6a7dd7378a6d1906dae54cdce8468d53ca55,9,0.7754385964912281,1.0,0,62.812000000000005,0,0,0.013000000000000001,19.901,0,0,5.493,19.922,0,0,17.181,42.04,0.0012710094451904297,0.5256917476654053,0.45227249874308695
62e139bfbcbb1c70bd622081932b133d09aa4a62,24,0.68,0.9583333333333334,0,81.963,0,0,0.002,20.976,0,0,0.201,51.605000000000004,0,0,17.582,73.20000000000002,0.0012807846069335938,0.8828742504119873,0.45227249874308695
acfc0522471e13d5fd18c827a76be95560d9eb21,21,0.7414678344910904,1.0,0,59.306,0,0,0.0,19.351000000000003,0,0,0.059000000000000004,27.842000000000002,0,0,8.702,53.247,0.00139617919921875,0.5822768211364746,0.45227249874308695
2705bf0392ea800b8adcc0758f3b08179034b02f,8,0.75,1.0,0,19.722,0,0,0.001,4.423,0,0,0.004,11.883,0,0,4.449,11.883999999999999,0.0012516975402832031,0.9540114402770996,0.45227249874308695
2f92ec1b0fa868d2c59270abd6630a3cdf2d02d0,8,0.8725490196078431,1.0,0,18.564,0,0,0.0,7.568,0,0,0.001,7.568,0,0,4.296,11.839999999999998,0.0012679100036621094,0.6983969211578369,0.45227249874308695
beb266a7c1a91bea734bebcfcf0768790055e8ce,9,0.8561403508771931,1.0,0,62.656000000000006,0,0,0.001,13.922,0,0,5.428,13.923,0,0,16.933,35.107,0.0012404918670654297,0.9137380123138428,0.45227249874308695
b7abcb964368bacd245ab07cf2647b078e491ddc,9,0.9192982456140351,1.0,0,63.571,0,0,0.005,5.515,0,0,5.4670000000000005,11.649999999999999,0,0,17.093000000000004,17.092999999999996,0.0012776851654052734,0.7344493865966797,0.45227249874308695
80287ea5dcec5dc0fe8903fd94a51fcd7252dade,16,0.627005347593583,1.0,0,82.607,0,0,0.001,42.589000000000006,0,0,4.401,56.251,0,0,28.231,75.68700000000001,0.0014009475708007812,0.6089465618133545,0.45227249874308695
bc71c883eec9865f626a77e668f610f1624be43a,10,0.7454545454545454,0.9,0,20.251,0,0,0.012,3.085,0,0,0.053000000000000005,8.812,0,0,3.138,14.634999999999998,0.0014612674713134766,0.7779853343963623,0.45227249874308695
93b0d6b3acb2d3be277ca8c2799badb005686429,19,0.7570850202429148,1.0,0,70.27499999999999,0,0,0.0,24.543999999999997,0,0,0.024999999999999998,38.721,0,0,5.861000000000001,49.99499999999999,0.0012748241424560547,0.7690253257751465,0.45227249874308695
6b436a0dc1c32095698fa777ea1365f5bbfc672f,6,0.7032967032967032,1.0,0,17.804000000000002,0,0,0.0,6.593,0,0,0.001,13.521,0,0,0.002,13.522,0.001283407211303711,0.9448254108428955,0.45227249874308695
7dfe5908c0fc4db3332cd78d977821b19e2e1824,6,0.7032967032967032,1.0,0,17.588,0,0,0.0,6.74,0,0,0.0,6.7410000000000005,0,0,0.001,13.283000000000003,0.0012564659118652344,0.5267343521118164,0.45227249874308695
1d049600404981120633155a69a2effa10b26cfb,6,0.7582417582417582,1.0,0,17.342999999999996,0,0,0.0,6.5489999999999995,0,0,0.0,6.5489999999999995,0,0,0.001,10.803999999999998,0.0014045238494873047,0.6660971641540527,0.45227249874308695
85b9998862274e41ce4fcba21c637fd743432272,7,0.8642857142857142,1.0,0,18.336,0,0,0.0,0.0,0,0,0.001,6.816,0,0,0.002,6.851999999999999,0.0012345314025878906,1.1496272087097168,0.45227249874308695
b4d173d3519854993014731e8b8c1e73a137379b,7,0.8285714285714284,1.0,0,18.106,0,0,0.001,0.001,0,0,0.002,6.597,0,0,0.003,6.609,0.0014133453369140625,1.0710296630859375,0.45227249874308695
87266fdb96e7b98dbf4fd2198ed3b8f245726203,30,0.7414066631411954,0.9666666666666667,0,91.95599999999999,0,0,0.003,36.245,0,0,0.013000000000000001,50.78799999999999,0,0,11.835,66.223,0.0014452934265136719,1.0680115222930908,0.45227249874308695
efedfb04fc0756603de3763b10110beebed8b9ba,31,0.6962365591397853,0.967741935483871,0,93.05600000000001,0,0,0.001,52.108000000000004,0,0,0.008,57.586,0,0,8.905999999999999,63.767,0.0013751983642578125,0.9531855583190918,0.45227249874308695
982141d68997d48524ac4f0b9616f06ff5cfbebb,16,0.7941176470588235,1.0,0,72.03999999999999,0,0,0.02,17.970000000000002,0,0,3.2529999999999997,28.854000000000003,0,0,19.963,37.68000000000001,0.0014979839324951172,1.2597055435180664,0.45227249874308695
8fb9b82b186fcf137854e60f48f84bef664f10c1,8,0.7549019607843137,1.0,0,19.281,0,0,0.0,0.02,0,0,0.006,11.953,0,0,4.406,19.276,0.0014216899871826172,0.6287956237792969,0.45227249874308695
fe71bba6f74ce54fd2581af15db777772d7d7be2,8,0.7843137254901961,1.0,0,19.126,0,0,0.0,4.337000000000001,0,0,0.003,4.340000000000001,0,0,4.34,11.039000000000001,0.0013885498046875,0.6633024215698242,0.45227249874308695
63379962669775afdacb14cda8a40cf9c4c9a043,8,0.7794117647058824,1.0,0,18.319,0,0,0.0,0.001,0,0,0.001,10.332,0,0,4.3660000000000005,18.319,0.0012662410736083984,0.7764487266540527,0.45227249874308695
9540122871676a511867c3d2ba54bf76401c8a91,6,0.8241758241758241,1.0,0,14.390999999999998,0,0,0.0,0.001,0,0,0.0,0.001,0,0,0.001,0.076,0.0016176700592041016,1.8142766952514648,0.45227249874308695
064c814833c50fe1f3f87771e6e85dd6b1dfa42a,8,0.696078431372549,1.0,0,18.429000000000002,0,0,0.001,7.8660000000000005,0,0,0.003,14.145,0,0,4.285,18.415000000000003,0.0012700557708740234,1.4897198677062988,0.45227249874308695
3f28c60b2ccbd4d3965eddfc2e652eb0027b10c9,7,0.9500000000000001,1.0,0,16.906,0,0,0.0,0.0,0,0,0.001,4.245,0,0,0.002,4.246,0.0014269351959228516,1.128587245941162,0.45227249874308695
57132135b269f9cf76870ac08b558fd80c861d49,31,0.7391513056835639,1.0,0,97.74799999999998,0,0,0.0,40.507,0,0,0.01,43.61399999999999,0,0,9.024000000000001,61.692,0.0012900829315185547,1.1209545135498047,0.45227249874308695
5d98623c312b7639c84f1d73e5bb3d4b8487fd8a,22,0.6787878787878788,0.9545454545454546,0,90.52300000000001,0,0,0.002,28.663999999999998,0,0,0.45699999999999996,45.455,0,0,18.712,75.649,0.0012614727020263672,0.6084606647491455,0.45227249874308695
75965fd2aaa2ee1c5f34a0ea92b0a444be2cfc85,8,0.7205882352941178,1.0,0,18.773,0,0,0.001,12.001000000000001,0,0,0.003,12.002,0,0,4.252999999999999,18.771,0.0013430118560791016,0.7953710556030273,0.45227249874308695
16f001b4ed6a2507861a50f73f5deed8e86bc6ce,8,0.8137254901960783,1.0,0,18.093,0,0,0.0,0.002,0,0,0.002,10.558999999999997,0,0,4.366999999999999,10.579999999999998,0.001481771469116211,0.8187592029571533,0.45227249874308695
25ec584b09d87581f1844181d1ae3165613dd6d7,13,0.761904761904762,0.9230769230769231,0,28.223000000000003,0,0,0.002,5.538,0,0,0.006,8.752,0,0,3.107,25.396,0.001455545425415039,1.2799124717712402,0.45227249874308695
cfb613652c7f36694fc3084cae6f93dfc8fa9049,13,0.6654456654456654,1.0,0,28.113999999999997,0,0,0.0,16.588,0,0,0.002,25.14,0,0,3.0199999999999996,25.156,0.0014314651489257812,0.9583821296691895,0.45227249874308695
273bc3ec55764934d54006945edffd73cbc4592a,13,0.7680097680097682,0.9230769230769231,0,28.796,0,0,0.002,3.1060000000000003,0,0,0.006,20.002000000000002,0,0,3.1170000000000004,23.053,0.0014493465423583984,0.8198690414428711,0.45227249874308695
c13bf71d3a1e8eebb624e8a113363998d1664263,13,0.7570207570207571,0.9230769230769231,0,27.848,0,0,0.001,5.823,0,0,0.007,8.677000000000001,0,0,3.077,25.067,0.0013346672058105469,0.7317154407501221,0.45227249874308695
cc70e908fcd9b309187789fdbc20249ee3eede3b,13,0.7289377289377289,0.9230769230769231,0,28.451000000000004,0,0,0.002,8.584,0,0,0.007,11.665,0,0,3.096,14.593,0.0012865066528320312,0.5203619003295898,0.45227249874308695
dad21d73ccb1890e741d98f2ba227c4a81dfc359,15,0.7564516129032258,0.9333333333333333,0,70.95299999999999,0,0,0.013000000000000001,29.15,0,0,0.445,34.657000000000004,0,0,9.049,46.083999999999996,0.001840829849243164,0.84891676902771,0.45227249874308695
25d9407086393ee46fd5c981d8deaa9da2c17be6,15,0.7782258064516131,0.9333333333333333,0,71.256,0,0,0.008,20.919,0,0,0.472,36.984,0,0,9.162999999999998,40.366,0.0014486312866210938,0.9381957054138184,0.45227249874308695
2ce7b2c3d10c6ae928b975705db26d969453913d,15,0.8411290322580647,1.0,0,71.85900000000001,0,0,0.001,8.375,0,0,0.39699999999999996,22.883,0,0,9.006,36.731,0.0012996196746826172,0.9417452812194824,0.45227249874308695
0d4bfa919943d2053868ac7a48c2757502c5cdec,15,0.8137096774193551,0.9333333333333333,0,71.487,0,0,0.009000000000000001,8.561,0,0,0.482,22.64,0,0,8.870000000000001,41.711999999999996,0.0013773441314697266,1.1778748035430908,0.45227249874308695
126cfb02df7942aa8a699fe10c2837e3617470d1,8,0.8186274509803921,1.0,0,18.841,0,0,0.001,6.808,0,0,0.007,11.202,0,0,4.401000000000001,11.203999999999999,0.0013320446014404297,0.685802698135376,0.45227249874308695
b899784ff00b4926ea33c9fc693786205c16cf84,12,0.8261538461538461,0.9166666666666666,0,28.368,0,0,0.005,3.0729999999999995,0,0,0.205,8.772999999999998,0,0,6.1129999999999995,8.972,0.001432657241821289,0.5218029022216797,0.45227249874308695
88bc781f326d51424680a3fa6955632a7883b7e8,12,0.8015384615384614,1.0,0,28.602999999999998,0,0,0.007,8.623999999999999,0,0,0.21300000000000002,8.882,0,0,6.269,25.551,0.001291036605834961,1.0588624477386475,0.45227249874308695
8bcd036741fad3864b785cd424405cc7da6150ce,23,0.8330249768732653,0.9565217391304348,0,70.116,0,0,0.0,3.003,0,0,0.006,27.413,0,0,6.101000000000001,30.497000000000003,0.0012850761413574219,0.4959554672241211,0.45227249874308695
e9c984fdc9fa6d35744038685698ebc5114df676,23,0.7569380203515261,0.9565217391304348,0,65.606,0,0,0.0,7.16,0,0,0.02,20.449,0,0,6.281000000000001,23.450000000000003,0.0012824535369873047,1.1643354892730713,0.45227249874308695
94c5e33b98f2c2578a55d88e528e1b10faee54c8,16,0.8522727272727273,0.9375,0,50.769000000000005,0,0,0.001,2.836,0,0,0.026000000000000002,16.532999999999998,0,0,8.852,40.75599999999999,0.001455545425415039,0.6586713790893555,0.45227249874308695
56a4b2ae7539c2feb5f1a049634f07f2da082494,16,0.8656417112299465,0.9375,0,51.424,0,0,0.001,2.847,0,0,0.028999999999999998,16.632,0,0,9.027999999999999,25.432,0.0018205642700195312,1.051919937133789,0.45227249874308695
53d100817e07683df4932f3dffb94873d3c72602,12,0.7292307692307691,0.9166666666666666,0,28.576000000000004,0,0,0.002,8.742000000000003,0,0,0.18899999999999997,8.910000000000002,0,0,6.205,25.650000000000002,0.0012674331665039062,0.524075984954834,0.45227249874308695
b8427a3d11414ef27186069845087397093c13e6,12,0.8353846153846154,0.9166666666666666,0,28.965000000000003,0,0,0.006,0.492,0,0,0.205,3.441,0,0,6.395,12.104000000000001,0.0012755393981933594,0.7988090515136719,0.45227249874308695
4627678be12a3b25fae317b2f30a4b31a2e80634,23,0.6972710453283997,1.0,0,90.97099999999999,0,0,0.0,29.202,0,0,0.18,44.035000000000004,0,0,13.420000000000002,82.192,0.0012776851654052734,0.7887883186340332,0.45227249874308695
ad403802e0a705e215b46cfaf4634bd674f6a3ce,16,0.7413101604278076,1.0,0,71.78999999999999,0,0,0.011,18.819,0,0,3.2980000000000005,44.397999999999996,0,0,19.955,63.245999999999995,0.0014431476593017578,1.188333511352539,0.45227249874308695
773a012cf8b1f125f6a128481bbe2b531beaa023,16,0.7332887700534759,1.0,0,71.33,0,0,0.009,30.339,0,0,3.404,47.357,0,0,20.304,62.910000000000004,0.0013434886932373047,0.5866069793701172,0.45227249874308695
55965e964deb71b11758bf7e8abdf698ed7dd26d,16,0.7974598930481283,0.9375,0,73.351,0,0,0.020999999999999998,5.753,0,0,3.1839999999999997,31.076999999999998,0,0,20.131999999999998,51.86,0.0018186569213867188,0.982388973236084,0.45227249874308695
1418982774ff0aa5bd9c55d045de49affdbdbbae,16,0.7132352941176471,0.9375,0,71.27099999999999,0,0,0.016,24.74,0,0,3.173,33.066,0,0,19.809,55.61099999999999,0.0012707710266113281,1.1283695697784424,0.45227249874308695
0bc25b8c73cf0ba7ee5e727cfb34ad4b78e5bf08,25,0.8076018099547511,1.0,0,81.42399999999999,0,0,0.0,3.138,0,0,0.049,43.973,0,0,12.207999999999998,52.62700000000001,0.0013897418975830078,0.9441821575164795,0.45227249874308695
3a6ecf9260606c9f6073517ff0bf63266afa99ad,31,0.7338709677419356,0.9354838709677419,0,92.95300000000002,0,0,0.0,36.368,0,0,0.007,44.857,0,0,9.097,48.12399999999999,0.0013043880462646484,1.1569149494171143,0.45227249874308695
646b853a66c8b3ab98e1a650dc40688abdd94341,9,0.6982456140350877,1.0,0,62.545,0,0,0.0,21.591,0,0,5.366,27.509,0,0,16.668,57.139,0.0015447139739990234,0.7351548671722412,0.45227249874308695
180ff5a3c5618fcfba4ed5ac1608917a9d412a08,12,0.8184615384615384,1.0,0,50.916999999999994,0,0,0.01,18.994999999999997,0,0,2.964,19.032,0,0,14.443000000000001,27.333,0.001413583755493164,1.1127605438232422,0.45227249874308695
31d3f3456ca68f29b98ce5650dee94e1127dc805,6,0.7362637362637363,1.0,0,17.738,0,0,0.001,6.695,0,0,0.002,6.696000000000001,0,0,0.003,6.697000000000001,0.0012288093566894531,0.643787145614624,0.45227249874308695
0431fef427b0ccbc8220cc7d90e03b543fb1e98d,6,0.8571428571428572,1.0,0,17.918,0,0,0.0,0.0,0,0,0.001,4.271,0,0,0.004,11.357,0.001775979995727539,1.504286527633667,0.45227249874308695
23977d0e561b71060b00060ca4d18cf0791ee77e,6,0.8681318681318682,1.0,0,18.008,0,0,0.001,0.001,0,0,0.002,6.436,0,0,0.003,10.612,0.001991748809814453,0.8417890071868896,0.45227249874308695
2c555d3f34cc96ac8d6f6cca07b69ac79cea57f1,6,0.7362637362637363,1.0,0,18.353,0,0,0.0,6.858,0,0,0.0,6.859,0,0,0.001,6.859,0.0012545585632324219,1.2572643756866455,0.45227249874308695
4ec59528d797732538a1155ec6c5c170fa90b0fd,6,0.8351648351648353,1.0,0,18.181,0,0,0.0,0.0,0,0,0.001,7.301,0,0,0.002,11.498000000000001,0.0014483928680419922,0.9297332763671875,0.45227249874308695
de80253102670072f7a4f7e1fbb64b69cd53dd64,6,0.6263736263736264,1.0,0,17.688000000000006,0,0,0.001,6.8660000000000005,0,0,0.002,11.068000000000001,0,0,0.003,17.685000000000002,0.0012469291687011719,0.4752185344696045,0.45227249874308695
4858db950be1536b0645ac6b183a20196cf01770,6,0.6813186813186813,1.0,0,18.450000000000003,0,0,0.001,7.222,0,0,0.002,14.176,0,0,0.003,14.177,0.0012481212615966797,0.547238826751709,0.45227249874308695
10784b87b548683a5fd37819ec490f8272b7c806,6,0.9560439560439559,1.0,0,18.455,0,0,0.0,0.001,0,0,0.001,0.002,0,0,0.002,0.002,0.0014023780822753906,0.7899684906005859,0.45227249874308695
8bcb17d2e99f7dd4bdd81a103dbf839589635c3c,6,0.7362637362637363,1.0,0,17.144000000000002,0,0,0.001,6.7139999999999995,0,0,0.002,6.715,0,0,0.003,6.716,0.0012352466583251953,0.9727299213409424,0.45227249874308695
980dfe178ee24578a8ac1c717f82afd2cd2d44ce,6,0.7362637362637363,1.0,0,16.320000000000004,0,0,0.001,0.001,0,0,0.002,5.5,0,0,0.003,12.037,0.0012629032135009766,0.916935920715332,0.45227249874308695
040cc81c32c269fdb4a972db04251c4691f5389d,12,0.8199999999999998,1.0,0,28.634,0,0,0.001,0.41000000000000003,0,0,0.20099999999999998,3.1679999999999997,0,0,6.1850000000000005,14.857000000000001,0.0012691020965576172,0.750619649887085,0.45227249874308695
9f6fd35b16cdd19bf5fa3e8abaed17852bc1dbd8,12,0.7199999999999999,0.8333333333333334,0,28.445999999999994,0,0,0.003,3.082,0,0,0.198,19.799,0,0,6.2620000000000005,28.211999999999996,0.0014057159423828125,0.4427495002746582,0.45227249874308695
75c6369189b4ae60c08b21178d0798355b8fa281,23,0.8179925994449584,0.9565217391304348,0,64.354,0,0,0.001,2.9979999999999998,0,0,0.006,21.91,0,0,6.03,30.501000000000005,0.0012965202331542969,1.0344531536102295,0.45227249874308695
cd326abd88b3ef686f566e0b1735b53383c627dc,23,0.711840888066605,1.0,0,72.268,0,0,0.0,13.081000000000001,0,0,0.008,43.628,0,0,6.037,63.686,0.0012853145599365234,0.7932262420654297,0.45227249874308695
b3f1cc30d4e1d9627ffe73e0394048dad5af651b,23,0.7805272895467158,0.9565217391304348,0,70.56400000000001,0,0,0.0,21.545,0,0,0.006,24.503000000000004,0,0,6.241,39.051,0.0012941360473632812,0.5248498916625977,0.45227249874308695
c432a075e7c1bca79a63eb2a8f9d9ef5495c0e48,14,0.876847290640394,0.8571428571428571,0,28.21,0,0,0.001,0.007,0,0,0.004,0.026000000000000002,0,0,0.261,16.598000000000003,0.0012922286987304688,1.257871389389038,0.45227249874308695
8672c3560a180a36f854458724ab7b40ee8b9d54,14,0.8305418719211821,1.0,0,28.318,0,0,0.0,8.713999999999999,0,0,0.001,8.714999999999998,0,0,0.234,8.918,0.0014243125915527344,0.9962942600250244,0.45227249874308695
a3ff0a8f0f2859169af38424d9f061fecd1e3a93,14,0.843349753694581,0.9285714285714286,0,27.96,0,0,0.0,2.74,0,0,0.001,8.488,0,0,0.251,24.984,0.0012755393981933594,1.3761558532714844,0.45227249874308695
c2999dfde9d33635ce8d9fc5ade5ae19d7f32c22,9,0.8175438596491228,1.0,0,36.585,0,0,0.001,6.5809999999999995,0,0,0.003,6.582,0,0,0.202,22.773000000000003,0.0012836456298828125,1.9306111335754395,0.45227249874308695
15a5cf8860bf16f2b7cb00ac06f3b57618e8fcc0,21,0.7686499546964664,0.9523809523809523,0,59.703,0,0,0.003,22.075,0,0,0.056999999999999995,25.047,0,0,9.028,41.73499999999999,0.001425027847290039,0.7499022483825684,0.45227249874308695
e7ee9481ed978b1571fab43fde8da46439e9d503,8,0.9656862745098039,1.0,0,18.005999999999997,0,0,0.001,0.001,0,0,0.003,0.003,0,0,4.589,10.383,0.0012471675872802734,0.8679153919219971,0.45227249874308695
8e1b54f21160ccfdac07039b05f6a4050114b965,6,0.9780219780219781,1.0,0,17.745,0,0,0.0,0.0,0,0,0.0,0.001,0,0,0.001,0.001,0.0012698173522949219,0.4981081485748291,0.45227249874308695
6a612f3c67cc92929c236c69e70b0131726c6808,6,0.7912087912087913,1.0,0,17.916000000000004,0,0,0.001,0.001,0,0,0.002,6.836,0,0,0.003,11.243,0.0014071464538574219,1.1307106018066406,0.45227249874308695
cc7f070063cbecf7289918e63150696ede9efeb9,6,0.7582417582417582,1.0,0,17.389000000000003,0,0,0.0,6.695,0,0,0.001,6.696000000000001,0,0,0.002,6.697000000000001,0.0012691020965576172,1.1371443271636963,0.45227249874308695
0a928ca2b7a16fd49b49223bba4cd778207d0fcb,6,0.7912087912087912,0.8333333333333334,0,30.084000000000003,0,0,0.001,15.572000000000001,0,0,0.244,18.487000000000002,0,0,3.159,18.73,0.0012781620025634766,1.2220900058746338,0.45227249874308695
f433a99608baf7ce378478ad212754e9a386d5b5,6,0.7142857142857144,1.0,0,29.493000000000002,0,0,0.0,2.918,0,0,0.253,8.620000000000001,0,0,3.1710000000000003,23.782000000000004,0.0014069080352783203,1.236116886138916,0.45227249874308695
437d4d653a1eb5e4a7261998f1bbd0bbc558a6fa,6,0.6923076923076923,0.8333333333333334,0,29.921999999999997,0,0,0.0,5.619,0,0,0.214,8.419,0,0,3.014,24.364,0.0013713836669921875,0.7718057632446289,0.45227249874308695
5cc5624a22fd441ac2ec9a31e8d955993c1ef72d,6,0.8241758241758241,1.0,0,29.965,0,0,0.001,5.659,0,0,0.231,5.889,0,0,3.041,8.699,0.0012927055358886719,1.316542387008667,0.45227249874308695
b572ad1e3f956edc958b0142c0e6d296a9d24c6b,21,0.7840531561461795,1.0,0,59.29,0,0,0.002,14.110999999999999,0,0,0.037,14.116999999999997,0,0,8.848,34.961,0.0014202594757080078,0.8044850826263428,0.45227249874308695
95b6b99a4828cdedd8b2dbed51b71eefa5d498e1,21,0.7701600724856541,0.9523809523809523,0,59.510999999999996,0,0,0.004,13.932,0,0,0.052000000000000005,23.658,0,0,9.186,39.714,0.0014231204986572266,0.7840301990509033,0.45227249874308695
00354024c64400dfaba80873e55fa365d45b1f9f,14,0.7862068965517239,1.0,0,72.30900000000001,0,0,0.003,18.706,0,0,3.0020000000000002,29.963,0,0,14.249,35.446000000000005,0.0017821788787841797,1.5758113861083984,0.45227249874308695
75199a4d3244bf3f97979024ac15a55728cb0860,14,0.7467980295566501,1.0,0,70.86100000000002,0,0,0.008,8.567,0,0,3.065,30.391000000000002,0,0,14.381999999999998,51.01500000000001,0.0014243125915527344,1.398256778717041,0.45227249874308695
0eca91ae405f281e734337024bf499bc2e90c8dc,16,0.7372994652406416,0.9375,0,71.287,0,0,0.012,11.091,0,0,3.238,38.65,0,0,20.075999999999997,56.901999999999994,0.0014312267303466797,1.0767934322357178,0.45227249874308695
738aecefacef32fbf53c5932022a5c4157eb1133,16,0.8596256684491977,1.0,0,71.218,0,0,0.009000000000000001,8.408000000000001,0,0,3.1830000000000003,14.246000000000002,0,0,19.967000000000002,45.947,0.0014467239379882812,0.7793090343475342,0.45227249874308695
5ccf73a33230857f217a8e456301c2a0e59d148b,9,0.7929824561403509,1.0,0,36.52600000000001,0,0,0.0,16.093,0,0,0.001,16.187,0,0,0.182,29.965000000000003,0.0014078617095947266,1.0693316459655762,0.45227249874308695
f20a569806d5cb3f5ccaf1cfb54946867b78cc91,16,0.7941176470588235,0.9375,0,71.714,0,0,0.019000000000000003,2.8579999999999997,0,0,3.303,43.049,0,0,20.279,62.969,0.0014379024505615234,1.5607349872589111,0.45227249874308695
6aa057ff95f0c14a7fcb562020d71bde571c2e87,23,0.753931544865865,1.0,0,95.87700000000001,0,0,0.0,27.615,0,0,0.18,41.972,0,0,14.594000000000001,65.909,0.0014405250549316406,1.4683489799499512,0.45227249874308695
16626a9b8fdecf3fa80876a244ff74dd171b06cd,18,0.7430061640587957,1.0,0,46.174,0,0,0.002,9.52,0,0,0.020999999999999998,30.653,0,0,6.355,33.831,0.0014197826385498047,1.5837750434875488,0.45227249874308695
91dc9948fcd4d6b2c5e5223d6030c4855d337b60,31,0.661194316436252,0.967741935483871,0,99.62000000000002,0,0,0.002,30.964000000000002,0,0,0.009000000000000001,52.865,0,0,8.782,99.598,0.0014357566833496094,1.5235111713409424,0.45227249874308695
8856608a047f389a40f6d1f409983de139b35850,16,0.8676470588235293,1.0,0,51.020999999999994,0,0,0.001,2.8749999999999996,0,0,0.027000000000000003,11.576999999999998,0,0,8.904,14.294999999999998,0.002025127410888672,2.5220353603363037,0.45227249874308695
18e6a973234edce2e46a5c4fd99ab890e8594b31,16,0.8562834224598931,0.9375,0,50.944,0,0,0.0,2.7399999999999998,0,0,0.027000000000000003,23.16,0,0,8.872,26.323,0.002004861831665039,1.7890021800994873,0.45227249874308695
55cc86aad77dace617c745575e9fec173504a56f,16,0.8215240641711229,1.0,0,51.178,0,0,0.0,2.987,0,0,0.027000000000000003,12.878,0,0,9.046000000000001,26.765,0.0014433860778808594,1.1315064430236816,0.45227249874308695
9b7cc8b38d7d2ce97ace6e7a9c904f910b7bc096,15,0.8766129032258065,0.9333333333333333,0,71.172,0,0,0.002,5.79,0,0,0.41900000000000004,14.416,0,0,9.104,17.364,0.0014312267303466797,2.5889389514923096,0.45227249874308695
c43bd771ac9af8cd23f7c6e4672e6d44523071b0,16,0.7774064171122994,0.9375,0,72.26899999999999,0,0,0.019000000000000003,19.028,0,0,3.283,30.347,0,0,20.139,52.916000000000004,0.0014553070068359375,0.8776912689208984,0.45227249874308695
d5a24430061654ac5319ba1392415e7f3958a475,26,0.7992259313014031,1.0,0,86.04399999999998,0,0,0.001,20.514000000000003,0,0,0.028,31.972,0,0,11.549,57.91,0.001478433609008789,0.8801343441009521,0.45227249874308695
0047005da62e887eb4f1784b5890e0aac6ad89b3,18,0.8814604077761975,0.9444444444444444,0,46.257,0,0,0.001,0.188,0,0,0.020999999999999998,23.641,0,0,6.215,23.872,0.001439809799194336,1.2645132541656494,0.45227249874308695
f283f4c4b6183504135a98a3e0d77eb89f391bcf,26,0.7071440090308014,1.0,0,85.349,0,0,0.001,27.091,0,0,0.047,44.165000000000006,0,0,12.315999999999999,66.78699999999999,0.0014641284942626953,1.3021259307861328,0.45227249874308695
411cf6223e17554a0cb1f2c7ea4113391ba437f1,26,0.7561683599419448,0.9615384615384616,0,84.90799999999999,0,0,0.0,29.014000000000003,0,0,0.022,34.853,0,0,11.409999999999998,58.731,0.0014510154724121094,1.280837059020996,0.45227249874308695
1edcd55fc5b2627f4eb52111f955af589a47adc7,6,0.6593406593406594,0.8333333333333334,0,31.009999999999994,0,0,0.0,5.718999999999999,0,0,0.22399999999999998,22.309999999999995,0,0,3.2270000000000003,22.533999999999995,0.0014216899871826172,1.424450159072876,0.45227249874308695
e45c8fbc3e119e5044bd0143ba253380ec45ecbf,13,0.8717948717948719,0.9230769230769231,0,28.400000000000006,0,0,0.001,0.001,0,0,0.004,5.818999999999999,0,0,3.114,22.627000000000002,0.001439809799194336,0.8910846710205078,0.45227249874308695
f4bc7cb026b668257dcd5b083282fc6c2f70f2e9,13,0.851037851037851,1.0,0,28.296,0,0,0.001,0.001,0,0,0.004,16.531,0,0,3.1590000000000003,25.302999999999997,0.0014412403106689453,1.552534818649292,0.45227249874308695
11dca5f8746e7b7d43cd62635497946d309fcb60,16,0.8295454545454546,0.9375,0,51.092,0,0,0.001,20.589,0,0,0.025,20.839,0,0,9.107999999999999,26.671999999999997,0.0014619827270507812,0.6492571830749512,0.45227249874308695
f05518d99227ade0b7928592c28a67ff1f0b3bf3,16,0.81951871657754,1.0,0,51.119,0,0,0.004,16.764000000000003,0,0,0.030000000000000002,19.608000000000004,0,0,8.806999999999999,34.846000000000004,0.0014965534210205078,0.7913446426391602,0.45227249874308695
812121b8e36f8588973c7ed4deb44838a5616d61,16,0.8589572192513368,1.0,0,53.477000000000004,0,0,0.001,19.076,0,0,0.033,19.328,0,0,8.838,38.19599999999999,0.0014553070068359375,2.367187023162842,0.45227249874308695
e176d65e03aee3135bf91691c0a43f0ef7f24b02,14,0.896551724137931,1.0,0,30.9,0,0,0.001,2.924,0,0,0.004,2.9269999999999996,0,0,0.28700000000000003,5.68,0.0014312267303466797,1.0154294967651367,0.45227249874308695
c510b94ad8905d4346980c68af1dec143c0f4813,14,0.6935960591133004,0.9285714285714286,0,30.894000000000005,0,0,0.0,5.763,0,0,0.004,11.469,0,0,0.238,27.963,0.0014297962188720703,1.7073330879211426,0.45227249874308695
21d75a867ed4659b6796406ea26510f683f3ee42,23,0.8508325624421833,1.0,0,71.34700000000001,0,0,0.001,3.033,0,0,0.01,10.369,0,0,5.933999999999999,16.857999999999997,0.001432180404663086,0.9292173385620117,0.45227249874308695
358509bd7f7553356ad086ff93bbf5e9aaaf7753,23,0.7146160962072154,1.0,0,72.96900000000002,0,0,0.0,17.519,0,0,0.006,36.398,0,0,6.0,67.379,0.0015099048614501953,1.7187371253967285,0.45227249874308695
c5dc98d98d8b1d06585b9e23e04418532a6cb3d8,14,0.8098522167487684,1.0,0,31.13200000000001,0,0,0.0,0.002,0,0,0.003,3.192,0,0,0.23400000000000004,25.166000000000004,0.0014345645904541016,1.2766368389129639,0.45227249874308695
b7df9811bf66d7f8ae855a82572fc8472b206c5b,9,0.8456140350877194,1.0,0,39.425000000000004,0,0,0.0,16.139,0,0,0.002,16.139,0,0,0.161,23.058999999999997,0.0014569759368896484,1.5663836002349854,0.45227249874308695
155eac83dbf06ca184a49e35577aca1c0f295299,9,0.7228070175438597,1.0,0,39.625,0,0,0.002,16.169,0,0,0.004,22.977,0,0,0.20800000000000002,23.077,0.0020999908447265625,2.032938241958618,0.45227249874308695
35a456bb612cdf33cf84a92098ce58ee9a298137,9,0.9228070175438596,1.0,0,39.43600000000001,0,0,0.0,0.0,0,0,0.002,0.165,0,0,0.167,16.243000000000002,0.0014297962188720703,0.7647092342376709,0.45227249874308695
a0c48c1e155462c2851b41eb7aa707f310516411,16,0.8141711229946523,1.0,0,73.819,0,0,0.012,2.8619999999999997,0,0,3.2070000000000003,46.80100000000001,0,0,20.161,52.83200000000001,0.0014488697052001953,0.8646130561828613,0.45227249874308695
b53521ba1a104bb725b63f5d11c551447b78ea59,16,0.7560160427807486,0.9375,0,74.463,0,0,0.008,19.014,0,0,3.215,44.445,0,0,20.024,65.802,0.001428365707397461,1.757573127746582,0.45227249874308695
ea82ea44b4d9e1578d479a5ba5bbd539e15f8d54,23,0.6801572617946345,1.0,0,93.28300000000002,0,0,0.002,40.342,0,0,0.188,51.650000000000006,0,0,13.315000000000001,69.05800000000002,0.0014197826385498047,2.3485805988311768,0.45227249874308695
a78ebb040a841a14fa0ab8260977f9d2b92623a9,18,0.7633949739212896,1.0,0,54.78399999999999,0,0,0.003,9.583,0,0,0.012,19.249000000000002,0,0,6.109,38.672999999999995,0.0014309883117675781,1.0637531280517578,0.45227249874308695
8e4a56526f342b5ebaf36ea2003a614ddb7e4059,12,0.8876923076923077,0.9166666666666666,0,30.817,0,0,0.002,2.753,0,0,0.196,5.495,0,0,5.899,21.903,0.0014400482177734375,0.7396125793457031,0.45227249874308695
bc4cd88aa7d8343dbb031c65d141f4b021a95d0a,18,0.6789947842579421,1.0,0,50.015,0,0,0.0,12.388000000000002,0,0,0.013000000000000001,31.887,0,0,6.09,47.175000000000004,0.0014867782592773438,0.9864163398742676,0.45227249874308695
bba1b111e213523054d467c3fe477d0722437a2d,12,0.786153846153846,1.0,0,31.336,0,0,0.006,3.259,0,0,0.2,8.853,0,0,6.388,28.04,0.0013751983642578125,1.4576897621154785,0.45227249874308695
e5707c51408626d40bc07c70e337494386343feb,16,0.7760695187165774,1.0,0,75.02199999999999,0,0,0.009000000000000001,30.085,0,0,3.166,30.29,0,0,19.845000000000002,55.980999999999995,0.0014200210571289062,1.0830919742584229,0.45227249874308695
8c2c5f6b0bf96c162bd98eae595f06b5ba990bc9,18,0.8933143669985777,1.0,0,48.391000000000005,0,0,0.003,0.003,0,0,0.038000000000000006,10.92,0,0,6.047,25.854999999999997,0.0015001296997070312,0.9788589477539062,0.45227249874308695
76c80ad2819c85f71977e584bd1bfb3704ae6fa1,18,0.8771929824561404,0.9444444444444444,0,54.245999999999995,0,0,0.003,0.01,0,0,0.029,7.234,0,0,5.997999999999999,16.77,0.0012536048889160156,0.687077522277832,0.45227249874308695
64a13ee391894a1aa8b9c0d40d91783d5804377d,11,0.9268774703557313,0.6363636363636364,0,20.507,0,0,0.001,0.069,0,0,0.07,0.246,0,0,0.44099999999999995,1.4369999999999998,0.0016224384307861328,0.6279757022857666,0.45227249874308695
f76767876fd6ba07b4005c9a77b772ad1edfd663,19,0.7311740890688259,0.8947368421052632,0,53.381,0,0,0.0,14.409999999999997,0,0,0.006,31.282999999999998,0,0,3.316,34.349999999999994,0.0012400150299072266,1.188877820968628,0.45227249874308695
329acd8cdd3c7b8c2475ba2fa4fe94c53b6e8b88,19,0.7842105263157892,0.8947368421052632,0,56.22999999999999,0,0,0.001,13.411000000000001,0,0,0.006,34.394,0,0,3.3710000000000004,47.113,0.0014867782592773438,1.050231695175171,0.45227249874308695
ff6400238181b6d4ceda00c1eec79da6877bb171,24,0.7275510204081633,0.9583333333333334,0,64.39000000000001,0,0,0.012,30.27,0,0,0.639,36.403999999999996,0,0,11.009999999999998,47.597,0.00125885009765625,1.0022401809692383,0.45227249874308695
d815c27f7652dce234403fd95b55278a0423b5b6,6,0.8241758241758241,1.0,0,18.281,0,0,0.001,0.001,0,0,0.002,7.022,0,0,0.011000000000000001,7.023000000000001,0.0012593269348144531,1.0833747386932373,0.45227249874308695
adece42b0228e45f0fd0b131db25080b9a926611,22,0.7209486166007907,1.0,0,89.42200000000001,0,0,0.007,21.806,0,0,0.263,59.49999999999999,0,0,14.344000000000001,73.473,0.0014698505401611328,0.52644944190979,0.45227249874308695
5dd2debd744ac8d57570e05070ad742bd9c82af2,9,0.7473684210526316,1.0,0,66.862,0,0,0.039,11.354,0,0,5.62,33.04,0,0,17.043,49.104,0.0012669563293457031,1.6215949058532715,0.45227249874308695
82dc4a18c2118323e4b43cc36a77114d0427f5e6,35,0.7010731052984573,0.9428571428571428,0,80.61900000000001,0,0,0.003,43.438,0,0,0.037000000000000005,52.992,0,0,2.283,70.534,0.0014257431030273438,1.3501811027526855,0.45227249874308695
70822f11d1a290a74f91fa688d73cf76650e3b4b,9,0.8807017543859648,0.7777777777777778,0,29.685000000000002,0,0,0.001,0.019,0,0,0.028,5.683,0,0,3.173,11.368,0.0013775825500488281,0.323718786239624,0.45227249874308695
d7969ac934e752e7a7b258fa5a5af9a563c40a13,27,0.7907647907647908,0.9629629629629629,0,93.282,0,0,0.004,15.192000000000002,0,0,0.063,15.414,0,0,9.414,65.54799999999999,0.0012557506561279297,0.5196807384490967,0.45227249874308695
bc7a3969c039f179d5a73c8aff19cfe19d511503,6,0.9560439560439559,0.8333333333333334,0,11.813,0,0,0.0,0.0,0,0,0.001,0.258,0,0,0.259,0.259,0.0012407302856445312,0.569042444229126,0.45227249874308695
af598460ac9990c2a02823b3cfbdaf9f5429ad5e,6,0.7252747252747254,0.8333333333333334,0,11.627,0,0,0.001,2.883,0,0,0.025,2.907,0,0,0.275,5.745,0.0012669563293457031,0.4419369697570801,0.45227249874308695
171528a88cca65f5b192be643c2425458d1edfbb,13,0.7655677655677655,0.9230769230769231,0,35.91,0,0,0.008,5.795,0,0,0.249,24.259,0,0,6.023,27.287000000000003,0.0012538433074951172,0.9015336036682129,0.45227249874308695
81aea944160608838cb2d7cdfb0d9b6893a655d9,36,0.6994940145625076,0.8888888888888888,0,97.29500000000002,0,0,0.005,21.398,0,0,0.29400000000000004,33.344,0,0,14.729000000000001,73.237,0.0013666152954101562,0.9536194801330566,0.45227249874308695
3449a42bbaeed0ff5b0d07998169ff2896bf45c7,36,0.6929532271998023,0.9444444444444444,0,102.769,0,0,0.005,37.789,0,0,0.35400000000000004,49.90100000000001,0,0,14.883,81.16999999999999,0.001275777816772461,0.48517942428588867,0.45227249874308695
91f7e267e61047614751763f6c5968a1ff65f82c,23,0.7150786308973173,0.782608695652174,0,58.655,0,0,0.021,19.292,0,0,0.29400000000000004,44.647000000000006,0,0,2.178,45.76499999999999,0.0012660026550292969,0.8290636539459229,0.45227249874308695
5bac43f7b775c9c876af614e745f80ccb495f01f,9,0.6947368421052632,1.0,0,20.001,0,0,0.0,0.011,0,0,0.008,12.388,0,0,0.042,19.994000000000003,0.0014166831970214844,0.7344586849212646,0.45227249874308695
16c46bdb4330287fa64cbb2b71014c76852e5c8b,6,0.8791208791208791,1.0,0,17.663,0,0,0.001,0.001,0,0,0.003,0.008,0,0,0.009999999999999998,4.206,0.001245260238647461,0.6308069229125977,0.45227249874308695
749e5b3918721a1143905e1482916d8674128a5e,6,0.7582417582417582,1.0,0,18.958,0,0,0.002,4.284,0,0,0.005,12.331,0,0,0.013000000000000001,12.334,0.0013875961303710938,0.7211503982543945,0.45227249874308695
04e3fe1d2cfd176784f164413010d87a01f1e5c2,7,0.7857142857142858,1.0,0,17.970999999999997,0,0,0.001,0.001,0,0,0.003,6.7620000000000005,0,0,0.011,13.532,0.0012297630310058594,0.4093313217163086,0.45227249874308695
3fe15786c11fdcf1808aacc05b8b15d61f7ce23e,32,0.6744755244755246,0.875,0,76.90799999999999,0,0,0.008,24.938,0,0,0.33199999999999996,63.519999999999996,0,0,11.334,73.65899999999999,0.001291513442993164,0.5774013996124268,0.45227249874308695
8215e0c44341bd27d453be77f5258205470792b0,8,0.8480392156862744,1.0,0,19.407999999999998,0,0,0.002,4.315,0,0,0.016,11.456,0,0,4.361000000000001,19.366,0.0013856887817382812,1.2152667045593262,0.45227249874308695
6b54375904329efb89c1e1bd2791c5f621608502,28,0.7369717396940626,0.8571428571428571,0,75.36800000000001,0,0,0.019000000000000003,31.307000000000002,0,0,0.587,37.459999999999994,0,0,11.349,66.31900000000002,0.0014226436614990234,0.5960536003112793,0.45227249874308695
258371be0c31e424ad2392313f15fd126830996c,14,0.8246305418719212,1.0,0,29.683999999999997,0,0,0.0,0.009000000000000001,0,0,0.01,12.908999999999999,0,0,3.07,15.863999999999999,0.0013661384582519531,0.7943210601806641,0.45227249874308695
fa10cfda08c3e12c5c187c1880f52f89284eb0e6,18,0.8093883357041253,0.8888888888888888,0,79.252,0,0,0.014000000000000002,21.888,0,0,2.656,30.337000000000003,0,0,14.198,36.61300000000001,0.0013053417205810547,0.3585212230682373,0.45227249874308695
15e3ba0f7bbf0adec8ca93d6acaf5f488582c949,19,0.826720647773279,0.9473684210526315,0,76.09599999999999,0,0,0.009000000000000001,9.728999999999997,0,0,0.28400000000000003,14.798999999999998,0,0,8.201,31.959,0.0013682842254638672,0.6067967414855957,0.45227249874308695
a43ae9596574fc686113f10db3c620e2430e76ec,7,0.7857142857142856,1.0,0,28.822,0,0,0.002,2.8560000000000003,0,0,0.020999999999999998,9.638,0,0,0.263,9.879999999999999,0.001322031021118164,0.7306027412414551,0.45227249874308695
01d5d9ec40923e93e80c5cde15aea60df5465ffb,11,0.875494071146245,0.9090909090909091,0,66.843,0,0,0.013000000000000001,2.079,0,0,0.062,2.093,0,0,7.813000000000002,25.427000000000003,0.0013082027435302734,0.9943592548370361,0.45227249874308695
b92a3885ad0eade44d5eb10e8815547633a93b63,11,0.7687747035573123,0.9090909090909091,0,67.28900000000002,0,0,0.012,16.110000000000003,0,0,0.056,31.945,0,0,8.027000000000001,38.473,0.0014157295227050781,0.9727048873901367,0.45227249874308695
f40aeaeaa0baec1b8b83dd53433b28d1c107047c,45,0.8142060837713011,0.9555555555555556,0,121.701,0,0,0.005,11.153000000000002,0,0,0.077,32.727999999999994,0,0,7.002000000000001,75.918,0.0013103485107421875,1.0009722709655762,0.45227249874308695
7337960cd67e3222855ed2b9ed24d591df6a608e,9,0.7929824561403509,1.0,0,49.164,0,0,0.0,14.193999999999999,0,0,0.037000000000000005,21.166999999999998,0,0,11.737,27.102999999999998,0.0012505054473876953,0.7461583614349365,0.45227249874308695
66d70b10e324d0ff75c837a6798c8c19975b0e4a,20,0.7770034843205574,0.95,0,79.846,0,0,0.015,19.607,0,0,2.529,45.415,0,0,20.046999999999997,56.607,0.0014209747314453125,0.7912731170654297,0.45227249874308695
b137fda65be70c4431a7a09ca379e40a300760e1,6,0.8901098901098901,1.0,0,17.918,0,0,0.0,0.012,0,0,0.012,0.012,0,0,0.028,6.8549999999999995,0.0012805461883544922,0.7714614868164062,0.45227249874308695
8a579d304595853012ccf8c2bc93022c383a35bb,11,0.774703557312253,0.9090909090909091,0,67.248,0,0,0.013000000000000001,23.066000000000003,0,0,0.06,36.467,0,0,7.819000000000001,36.51,0.0012764930725097656,1.1619863510131836,0.45227249874308695
6a80bb8910244fce92165887ff9dbf3fcce8beda,13,0.8156288156288157,1.0,0,70.828,0,0,0.031,6.671999999999999,0,0,2.307,25.669999999999998,0,0,16.847,45.297000000000004,0.0012621879577636719,0.865492582321167,0.45227249874308695
6269141ad08dd618701432dd6729f8bc898ec0e2,11,0.8162055335968381,0.9090909090909091,0,68.078,0,0,0.015,16.601,0,0,0.07300000000000001,18.661,0,0,7.699999999999999,35.521,0.001394033432006836,0.6196737289428711,0.45227249874308695
91c30237317a31cfc56224ce63e34636add62c0c,11,0.7648221343873518,1.0,0,66.746,0,0,0.014000000000000002,16.306,0,0,0.062000000000000006,24.002000000000002,0,0,7.758,43.757000000000005,0.0012595653533935547,0.43256139755249023,0.45227249874308695
d603fc52f548b5e50985b0c6c09e1357bef8aafa,11,0.7391304347826088,1.0,0,67.02,0,0,0.007,15.549,0,0,0.052000000000000005,15.594,0,0,7.699,27.769,0.0018041133880615234,0.8382408618927002,0.45227249874308695
f6c1c4be33054ec634edf10f16bec71b6f85e3cd,11,0.7786561264822136,1.0,0,67.392,0,0,0.014000000000000002,16.201,0,0,0.062,16.245,0,0,7.739999999999998,39.169,0.0014009475708007812,0.71280837059021,0.45227249874308695
dabd348acf5e9ea732d2e1395a22aa27ef23b048,11,0.6837944664031621,0.9090909090909091,0,67.295,0,0,0.013000000000000001,30.025999999999996,0,0,0.059000000000000004,32.004999999999995,0,0,7.4559999999999995,43.757999999999996,0.0012488365173339844,1.594175100326538,0.45227249874308695
e6893e4580338bc657da41b66efe4be41275de69,11,0.8537549407114624,1.0,0,68.88099999999999,0,0,0.017,0.044,0,0,0.062,6.122,0,0,7.779,26.773999999999997,0.0014145374298095703,0.8701992034912109,0.45227249874308695
5b43bc7347ba68a4d5831060b8198266470c38ee,18,0.7719298245614037,1.0,0,76.184,0,0,0.004,36.236,0,0,0.254,44.244,0,0,11.119,44.47,0.001895904541015625,1.3217053413391113,0.45227249874308695
c419630e2342f6acc2109fb0773c55f1a96d9f67,36,0.7286807355300503,0.9166666666666666,0,99.126,0,0,0.007,45.749,0,0,0.492,61.13699999999999,0,0,16.201999999999998,88.121,0.0017943382263183594,0.9969897270202637,0.45227249874308695
6caf93beaf7e4207ef72c9ca17be75a1244d3470,30,0.7696456901110527,0.9,0,87.99199999999999,0,0,0.007,24.121,0,0,0.42700000000000005,52.451,0,0,10.242,53.07699999999999,0.0013585090637207031,0.834972620010376,0.45227249874308695
ea10f56889a623370c68ead9fd95bdea5c95e3b9,30,0.7369645690111054,0.9333333333333333,0,86.474,0,0,0.002,32.649,0,0,0.39,41.52,0,0,10.015,58.23700000000001,0.0012576580047607422,0.8131706714630127,0.45227249874308695
ab2dc9d0488b701b2e2cf239e288a9f8a860cce6,36,0.7378748611625323,0.9722222222222222,0,99.25399999999998,0,0,0.005,23.174999999999997,0,0,0.42800000000000005,51.924,0,0,16.531,79.563,0.0018155574798583984,0.6247882843017578,0.45227249874308695
183310f751a8fff3a2069abc5d92970be40bec46,18,0.7961119013750594,0.8888888888888888,0,75.95,0,0,0.004,19.057,0,0,0.28400000000000003,39.643,0,0,10.921,58.569,0.001600503921508789,0.5760786533355713,0.45227249874308695
cb6724137f9e00f33ea8cea44f11b92da8b8bd48,11,0.74901185770751,1.0,0,67.729,0,0,0.017,13.848999999999998,0,0,0.07100000000000001,32.955,0,0,7.806000000000001,54.876999999999995,0.0014662742614746094,0.6568105220794678,0.45227249874308695
18eb0421549efa1993202856d785a89d568017be,11,0.8873517786561266,1.0,0,68.525,0,0,0.016,0.016,0,0,0.063,12.545000000000002,0,0,7.656000000000001,32.438,0.0013892650604248047,0.7262434959411621,0.45227249874308695
9dd869bf46cce155793963b290b5d0520bcf433f,11,0.7944664031620555,0.9090909090909091,0,67.647,0,0,0.02,14.224,0,0,0.060000000000000005,20.297,0,0,7.823,36.993,0.0015239715576171875,0.8940927982330322,0.45227249874308695
de5634102df26580a0e63831fcb58d9fbf161ee6,11,0.7134387351778656,1.0,0,67.28399999999999,0,0,0.013000000000000001,17.048000000000002,0,0,0.06,23.586000000000002,0,0,7.940000000000001,42.911,0.0013778209686279297,1.576317548751831,0.45227249874308695
46a8ba44c524af92a48a184fc4142268b89fc198,11,0.8300395256916996,1.0,0,67.602,0,0,0.010000000000000002,6.161000000000002,0,0,0.054000000000000006,11.782000000000004,0,0,7.654,28.606000000000005,0.0013420581817626953,2.6245546340942383,0.45227249874308695
8431c21d408f67e0f95f8bf0d9ce5a17eaa7ebf9,18,0.7027027027027027,1.0,0,76.206,0,0,0.006,28.593,0,0,0.20800000000000002,62.391999999999996,0,0,10.86,62.428999999999995,0.0012657642364501953,0.47329092025756836,0.45227249874308695
bdc56975dc63401fa40e2d645ad57ddf32c5230b,8,0.6862745098039216,1.0,0,17.471,0,0,0.002,13.165000000000001,0,0,0.026000000000000002,13.191,0,0,4.306,17.447,0.0012373924255371094,0.9325871467590332,0.45227249874308695
43ec6a924be1fb22b21c40b82f1a4ddc101313a8,25,0.7008144796380091,0.96,0,65.596,0,0,0.006,15.422999999999998,0,0,0.45399999999999996,34.812,0,0,8.046,44.910000000000004,0.0017917156219482422,0.963970422744751,0.45227249874308695
dba0844dd214171031faeb53713630a012a731a7,18,0.7690848743480324,1.0,0,77.43299999999999,0,0,0.009,11.52,0,0,0.275,11.754,0,0,11.012,40.741,0.00125885009765625,0.9265236854553223,0.45227249874308695
578129fd06bf2898df66771bb1f50bf9798210d2,8,0.7647058823529412,1.0,0,19.177,0,0,0.004,6.794000000000001,0,0,0.037000000000000005,14.549000000000001,0,0,4.6610000000000005,19.146,0.0014019012451171875,0.5222909450531006,0.45227249874308695
34cb96a0af2a61489324366472e096580249f29a,18,0.7396870554765292,0.9444444444444444,0,77.582,0,0,0.007,22.244000000000003,0,0,0.21100000000000002,56.848,0,0,11.070999999999998,59.108000000000004,0.0012354850769042969,0.4265885353088379,0.45227249874308695
cf295bd593a68963d4711f0fbe6d8032cbbf6999,25,0.7375565610859727,0.92,0,66.53900000000002,0,0,0.013000000000000001,10.303,0,0,0.466,50.25299999999999,0,0,8.123000000000001,60.111000000000004,0.0012400150299072266,1.0578880310058594,0.45227249874308695
fdc855e5ded81631c89c9b9142e64bde8507216e,18,0.800379326695116,1.0,0,77.644,0,0,0.008,11.91,0,0,0.256,24.082,0,0,11.219,40.61,0.0012478828430175781,0.7840640544891357,0.45227249874308695
a26c248749b5d1a7e606671203077cd7630fd657,19,0.7340080971659918,0.8947368421052632,0,57.218,0,0,0.025,18.048000000000002,0,0,0.261,26.883000000000003,0,0,2.351,33.053000000000004,0.0012385845184326172,1.2695841789245605,0.45227249874308695
ba4ab03b1363182062b07d9f66083d38bd82edbf,23,0.769195189639223,0.9565217391304348,0,60.452999999999996,0,0,0.033,7.403,0,0,0.374,49.358,0,0,2.5919999999999996,55.31199999999999,0.001413583755493164,0.491286039352417,0.45227249874308695
66ac91c60cc45825b3d3a10eb83c404e5bc88a76,11,0.6541501976284585,1.0,0,67.49,0,0,0.013000000000000001,16.59,0,0,0.073,46.837,0,0,7.787,58.662000000000006,0.0012257099151611328,0.9533975124359131,0.45227249874308695
133e9410920c558e21b4f2471cedc856f0c1c214,6,0.7472527472527473,1.0,0,18.14,0,0,0.004,0.011000000000000001,0,0,0.015000000000000001,7.022,0,0,0.034,13.936,0.0012197494506835938,0.538956880569458,0.45227249874308695
b6b253e4a4b4dce3eec7dfcff5089407462843a2,6,0.8131868131868132,1.0,0,18.110999999999997,0,0,0.0,6.7139999999999995,0,0,0.003,6.72,0,0,0.009000000000000001,6.723,0.001230001449584961,0.5507595539093018,0.45227249874308695
6e86e0de00af300293d2182e5395e17f4447f1ab,25,0.7350226244343893,0.96,0,66.61299999999999,0,0,0.008,22.534000000000006,0,0,0.481,49.063,0,0,8.029,62.846000000000004,0.0014069080352783203,0.563309907913208,0.45227249874308695
f84bf38c0170f6b6b723293306a3a11df16d2d36,36,0.7002961865975563,0.9444444444444444,0,120.73900000000002,0,0,0.008,57.229,0,0,0.499,86.64399999999999,0,0,15.763000000000002,90.211,0.0012469291687011719,0.41145801544189453,0.45227249874308695
580083315e87d7ba320640d14f58075f059496f5,30,0.703225806451613,0.8666666666666667,0,77.636,0,0,0.009000000000000001,22.275000000000002,0,0,0.361,46.82000000000001,0,0,8.145,54.17100000000001,0.0017664432525634766,0.6939568519592285,0.45227249874308695
459b4b84b92cb20499b091a6dd70e795c66eb674,19,0.826315789473684,0.8947368421052632,0,56.877,0,0,0.053,0.29900000000000004,0,0,0.278,19.951999999999998,0,0,2.347,38.117,0.0012481212615966797,0.9242751598358154,0.45227249874308695
0f30edc467a2ba03e7f2786e1088df624e0c3cf0,19,0.7894736842105261,0.8947368421052632,0,56.832,0,0,0.055,5.969,0,0,0.28200000000000003,11.792000000000002,0,0,2.265,29.861000000000004,0.0012369155883789062,1.0610065460205078,0.45227249874308695
4813b7f5456c1f4fecc4f701ac731a71f57db249,25,0.7026244343891402,0.96,0,66.53399999999999,0,0,0.027000000000000003,20.067,0,0,0.5519999999999999,38.966,0,0,8.238,65.263,0.0013937950134277344,0.5363845825195312,0.45227249874308695
ed85c0411dffeb96af4760b5b5c269a21b98c392,18,0.8733997155049787,0.8888888888888888,0,56.394,0,0,0.042,3.109,0,0,0.518,8.997,0,0,4.846,18.938999999999997,0.0012309551239013672,0.5447111129760742,0.45227249874308695
07d3e3147834ef4e091e21f42d0897ac0755eaa6,29,0.6758620689655174,1.0,0,86.25200000000001,0,0,0.026000000000000002,46.49,0,0,0.43,55.800000000000004,0,0,10.887,58.963,0.001252889633178711,0.5602777004241943,0.45227249874308695
1474ba327798ebfabbcf5ab1db01330851f3377c,9,0.7543859649122807,1.0,0,29.885,0,0,0.002,13.693,0,0,0.039,19.829,0,0,3.0770000000000004,26.824,0.001238107681274414,0.6174428462982178,0.45227249874308695
9480a5da8f553d351f744ac3d98287cbd97e1b85,9,0.8736842105263157,1.0,0,29.524,0,0,0.001,0.22699999999999998,0,0,0.035,6.2520000000000024,0,0,3.137,19.867000000000004,0.00124359130859375,0.6713800430297852,0.45227249874308695
ebb1474b9d752644855a158fefb21c136b941631,6,0.8791208791208791,1.0,0,17.856,0,0,0.003,0.021,0,0,0.013000000000000001,6.756,0,0,0.034,6.759,0.0013475418090820312,0.6671755313873291,0.45227249874308695
05cf6c32b2b82f21cfca6239933c8670649f08d8,30,0.7819143310417772,0.9666666666666667,0,96.29400000000001,0,0,0.006,23.701000000000004,0,0,0.093,46.844,0,0,14.142,54.958000000000006,0.0012433528900146484,1.0215156078338623,0.45227249874308695
2ac2a27e37c4e2beacca6a4df93e09ea364af966,18,0.7050734945471787,1.0,0,85.218,0,0,0.014000000000000002,25.91,0,0,0.079,38.039,0,0,17.865000000000002,80.994,0.0012497901916503906,1.6013524532318115,0.45227249874308695
79422dc193221b745617984d30c321436c2a849c,25,0.6798190045248867,0.96,0,67.06,0,0,0.016,29.716,0,0,0.41200000000000003,50.716,0,0,7.832000000000001,60.918,0.0014121532440185547,0.6579487323760986,0.45227249874308695
5486da670e385646e7e45bdb495dff726870fd69,17,0.7490196078431374,1.0,0,96.166,0,0,0.037,7.930999999999999,0,0,2.166,49.263,0,0,25.604999999999997,89.30199999999999,0.001239776611328125,0.5751798152923584,0.45227249874308695
5770324f8af51f54ecd46979b804b6c9d5fdfb42,17,0.7322128851540616,1.0,0,96.218,0,0,0.028999999999999998,29.157,0,0,2.133,51.175,0,0,25.602999999999998,73.17,0.0012378692626953125,0.809973955154419,0.45227249874308695
63ab089fbd4d408b04d5fe893581088b0ac2b4bc,16,0.7045454545454546,0.9375,0,48.878,0,0,0.015000000000000001,5.969,0,0,0.16599999999999998,42.377,0,0,6.378,48.550000000000004,0.001245737075805664,0.28950047492980957,0.45227249874308695
798e2c5e67e59d9132ee747077998e0b1e7ee7b0,16,0.7058823529411765,0.9375,0,48.688,0,0,0.009000000000000001,6.002000000000001,0,0,0.13,42.379000000000005,0,0,6.439,42.594,0.0012409687042236328,0.5965063571929932,0.45227249874308695
50d33ac186e8b32aaf49c7651ba30d70bb5bde64,16,0.7546791443850267,1.0,0,48.963,0,0,0.009000000000000001,22.843000000000004,0,0,0.11699999999999999,42.49600000000001,0,0,6.4990000000000006,45.46300000000001,0.0022125244140625,0.7961175441741943,0.45227249874308695
bfb738b0489fc1265e1bcc060fd0a5043775b564,16,0.7152406417112299,1.0,0,48.748000000000005,0,0,0.013000000000000001,16.799000000000003,0,0,0.14800000000000002,36.581,0,0,6.58,45.513000000000005,0.00122833251953125,0.41164183616638184,0.45227249874308695
0d585e3ee8efa99063f01b3b05d3f6ce20615f1c,6,0.9120879120879121,1.0,0,18.148,0,0,0.004,0.013000000000000001,0,0,0.012,0.021,0,0,0.025,0.025,0.001234292984008789,1.3418831825256348,0.45227249874308695
6d232e547d5725e419832fc514fc0348aa897e7c,8,0.7549019607843138,1.0,0,19.584,0,0,0.004,7.936,0,0,0.032,15.01,0,0,4.595,15.071,0.0012140274047851562,0.5344886779785156,0.45227249874308695
618721c0a5eb92fd54b9c1f960e52cbd927c0b6e,17,0.7977591036414567,1.0,0,98.472,0,0,0.025,41.223,0,0,2.169,41.248,0,0,26.610999999999997,59.745,0.001232147216796875,0.6407489776611328,0.45227249874308695
1d63534368672acce341a6a79a9d1dffbbe0d03a,17,0.8218487394957983,1.0,0,98.30600000000001,0,0,0.033,9.075,0,0,2.138,31.761000000000003,0,0,26.474,57.35399999999999,0.0013949871063232422,0.7662367820739746,0.45227249874308695
c230a113e31b0f6d32630a88e10a1d29c8e9bf43,17,0.8492997198879549,0.9411764705882353,1,117.75899999999997,1,1,5.872999999999999,7.955,1,1,5.936,60.427,1,1,28.142,67.565,0.0012362003326416016,1.038879632949829,0.45227249874308695
b4a0c6cf985440545bd48c5739bd41ea052b0d7f,24,0.789387755102041,1.0,0,79.502,0,0,0.008,20.115000000000002,0,0,0.28200000000000003,54.749999999999986,0,0,14.161999999999999,67.899,0.0012822151184082031,1.1980760097503662,0.45227249874308695
72ff2333e07f9ece00c9088e496993367c1df13e,24,0.7685714285714286,0.9583333333333334,0,86.548,0,0,0.012,13.119,0,0,0.098,33.246,0,0,9.36,66.872,0.0013206005096435547,1.2030987739562988,0.45227249874308695
9103d30004447ba576c46e2bfa53836b76b755d4,12,0.7830769230769229,1.0,0,68.569,0,0,0.023000000000000003,22.877999999999997,0,0,2.133,22.924999999999997,0,0,21.309,48.494,0.0012557506561279297,1.4096932411193848,0.45227249874308695
a4c5af0da1de3a7f50c72fc7edaa1f653ca276dd,39,0.705744888023369,0.9487179487179487,0,111.392,0,0,0.003,37.759,0,0,0.098,65.90800000000002,0,0,7.281000000000001,76.57700000000001,0.0013058185577392578,0.6109130382537842,0.45227249874308695
b133be76375910f1795ff6dc2f0a72f826bbf029,24,0.726938775510204,1.0,0,95.21100000000001,0,0,0.005,11.897,0,0,0.08500000000000002,59.843999999999994,0,0,9.378,62.885,0.0012841224670410156,1.6417949199676514,0.45227249874308695
7efda36eb7751b525e25a914c8ded7bffdd10a68,25,0.7998190045248867,0.92,0,67.872,0,0,0.017,10.533999999999999,0,0,0.5449999999999999,20.708,0,0,8.229999999999999,41.83399999999999,0.0013806819915771484,0.5158026218414307,0.45227249874308695
7be1ceee675ae2fafe607e9ec34dbd2eaafe5539,27,0.7620490620490622,0.9629629629629629,0,77.696,0,0,0.01,36.626999999999995,0,0,0.189,65.741,0,0,2.35,66.007,0.0013058185577392578,0.8273758888244629,0.45227249874308695
c020acc85578720c3caa4c5363e4d695c6f6b50d,10,0.8025974025974025,1.0,0,40.49000000000001,0,0,0.015,16.754,0,0,0.062,16.786,0,0,3.477,30.373000000000005,0.0013260841369628906,1.267533302307129,0.45227249874308695
8ddf6dbcccec8f40358296c32b0daf7edfe4ebeb,39,0.6985394352482961,0.9487179487179487,0,112.30199999999999,0,0,0.007,39.38699999999999,0,0,0.157,76.09499999999998,0,0,7.497999999999999,91.455,0.0014801025390625,0.5817394256591797,0.45227249874308695
93334d5b153edbfbbf1f3b7418435c89ac59cbc3,6,0.6923076923076923,1.0,0,43.959999999999994,0,0,0.001,0.003,0,0,0.002,16.939,0,0,0.005,43.83,0.001992464065551758,1.9170773029327393,0.45227249874308695
ec6321c7b73c81dc24293710931dc6ce7c3220a4,33,0.677468273605236,0.9090909090909091,0,114.67300000000002,0,0,0.024,50.117,0,0,0.357,86.238,0,0,11.459,92.525,0.00153350830078125,0.6414687633514404,0.45227249874308695
309e204345a7b5181c883b6aa2d8497313f625ef,32,0.6786713286713287,1.0,0,79.907,0,0,0.014,16.192999999999998,0,0,0.29300000000000004,54.696999999999996,0,0,11.085,78.997,0.0016083717346191406,1.532019853591919,0.45227249874308695
3cc5fa03e5ef19f58a5e0bbe749a27cdacd5bf76,7,0.8714285714285713,1.0,0,18.074,0,0,0.004,0.004,0,0,0.019,0.027,0,0,0.041999999999999996,0.06,0.0017724037170410156,1.6849281787872314,0.45227249874308695
7fb272a93f1331eb312f994acfb5a66053a2c7b7,30,0.7951348492860921,0.9666666666666667,0,124.718,0,0,0.015000000000000001,19.238999999999997,0,0,0.11300000000000002,53.027,0,0,14.169,76.886,0.0014760494232177734,0.9726464748382568,0.45227249874308695
35da73485fcb50ee7a2a05ff326493fbb279454b,30,0.8078265468006347,0.9,0,79.401,0,0,0.027999999999999997,24.198000000000004,0,0,0.384,38.556999999999995,0,0,8.021,38.611,0.0014226436614990234,0.9715719223022461,0.45227249874308695
9ba653e8e3b92b930436d9ec4aaa0e9a4fb33675,20,0.7658536585365854,0.9,0,100.69800000000001,0,0,0.026000000000000002,32.283,0,0,2.6189999999999998,41.38399999999999,0,0,20.506,66.629,0.0014264583587646484,1.070404291152954,0.45227249874308695
d9ee969942fa0a67d4b25b7a03b877282241cd11,35,0.7256203890006704,0.8857142857142857,0,124.71700000000001,0,0,0.019000000000000003,17.07,0,0,0.342,54.209999999999994,0,0,10.997,100.24099999999999,0.0014846324920654297,0.9509735107421875,0.45227249874308695
cbf77a08b7c64c1df3e2b2d2ee5e1415c9a885a1,34,0.7741322616002922,0.9117647058823529,0,102.05600000000001,0,0,0.028999999999999998,24.683999999999997,0,0,0.5309999999999999,75.362,0,0,13.267999999999999,76.96600000000001,0.0013263225555419922,0.8251798152923584,0.45227249874308695
c11ddde8f032e660377d12bf7597c20136a0ff92,18,0.8236130867709817,1.0,0,80.542,0,0,0.036000000000000004,7.957000000000001,0,0,2.576,16.948999999999998,0,0,14.228,53.112,0.001953601837158203,0.9172012805938721,0.45227249874308695
8a0dc0273b3dfc72f3a605ce826a28098a811c79,20,0.8045296167247387,1.0,0,100.238,0,0,0.025,21.956000000000003,0,0,2.653,30.195000000000004,0,0,20.035999999999998,67.166,0.0014369487762451172,1.0922174453735352,0.45227249874308695
009939097c02c3022506df93cee6f6269514f489,20,0.7383275261324042,1.0,0,90.71600000000001,0,0,0.033,32.779999999999994,0,0,2.496,36.028,0,0,20.177,71.39099999999999,0.0020339488983154297,0.6635499000549316,0.45227249874308695
7529c2476e4a53073ebe183eebc34c49e6eadd8c,20,0.8066202090592335,0.95,0,100.801,0,0,0.019000000000000003,8.020999999999999,0,0,2.7079999999999997,27.831000000000003,0,0,20.456,83.71,0.0014171600341796875,0.8398549556732178,0.45227249874308695
ea019c89dd32de7165d0d41096e137fd6a1d848a,20,0.7655052264808362,0.95,0,80.24399999999999,0,0,0.013000000000000001,35.57899999999999,0,0,2.505,55.473,0,0,20.148000000000003,71.04699999999998,0.001392364501953125,0.580695629119873,0.45227249874308695
f3f41f604c3b6723ef8bdbc981400c9df6389e8a,20,0.8540069686411149,0.95,0,79.911,0,0,0.021,5.313,0,0,2.622,11.432,0,0,20.128999999999998,53.177,0.001977205276489258,0.7773170471191406,0.45227249874308695
6abdbf20faf48da403c730b5cacc520172aa4612,23,0.7419056429232193,0.8695652173913043,0,60.818999999999996,0,0,0.041999999999999996,17.391,0,0,0.39,27.645999999999997,0,0,2.588,30.728999999999996,0.0014574527740478516,1.7383918762207031,0.45227249874308695
d917eb7e808566fdbbf43c244e2c0fd35cb7c62d,23,0.7978723404255318,0.9130434782608695,0,81.07,0,0,0.036000000000000004,0.28700000000000003,0,0,0.327,62.702999999999996,0,0,2.677,73.14399999999998,0.0014677047729492188,0.7603387832641602,0.45227249874308695
771b14323b48396e8ad22fee8a38b265ebc36884,6,0.8791208791208791,1.0,0,18.559,0,0,0.003,0.026000000000000002,0,0,0.016999999999999998,0.04,0,0,0.043,6.862,0.001402139663696289,1.208655834197998,0.45227249874308695
fc64ac2f8692c8e52841c771bee51d8e592adc94,6,0.6813186813186813,1.0,0,18.384999999999998,0,0,0.001,6.7929999999999975,0,0,0.010000000000000002,11.246999999999996,0,0,0.028000000000000004,18.356999999999996,0.0013921260833740234,0.8625051975250244,0.45227249874308695
09d2ca0eba2ce5e5073f65bade51ae74fbfc7965,8,0.676470588235294,1.0,0,20.012,0,0,0.004,7.442,0,0,0.034,15.539000000000001,0,0,4.503,19.983,0.0014917850494384766,0.6266708374023438,0.45227249874308695
430e2f2bee470de5ca702526394d348a4561fba0,26,0.7426221577164974,0.9615384615384616,0,108.76700000000001,0,0,0.024,18.957,0,0,0.5609999999999999,66.64000000000001,0,0,18.726,94.232,0.0014183521270751953,0.8010818958282471,0.45227249874308695
2535b94a95c3a1b54b2612109e9ad1267c80ebae,7,0.7142857142857143,0.8571428571428571,0,23.204000000000004,0,0,0.0,3.065,0,0,0.0,3.065,0,0,0.028999999999999998,5.862,0.0013554096221923828,1.1456353664398193,0.45227249874308695
e34be8b2d501c1eb7f5961583c68552342edab1a,39,0.7236124634858812,0.9230769230769231,0,102.34,0,0,0.003,23.695,0,0,0.08600000000000001,71.18100000000001,0,0,7.129999999999999,71.68299999999999,0.0014522075653076172,0.9014856815338135,0.45227249874308695
782b5fc1363e24c25bfef7f8cafc1985af86509e,39,0.7538461538461538,0.8717948717948718,1,113.29299999999999,1,0,5.300999999999999,11.652,1,0,5.391,52.24199999999999,1,1,9.709000000000001,86.18299999999999,0.002051830291748047,0.8640408515930176,0.45227249874308695
5e1941ceb35062e749dbc76ec051e71c3b2a7a1a,39,0.7290652385589095,0.9743589743589743,0,121.99600000000001,0,0,0.013000000000000001,36.034,0,0,0.136,82.471,0,0,7.255,92.809,0.0014827251434326172,0.8939642906188965,0.45227249874308695
e24196a95bbbc531eb3c5f1b19e1dc42fd78a783,11,0.8221343873517788,1.0,0,32.97200000000001,0,0,0.001,6.216,0,0,0.021000000000000005,9.086,0,0,0.29500000000000004,22.796999999999997,0.0014138221740722656,1.0181965827941895,0.45227249874308695
a10231bc2d7399bf73e7d2f627c92c8056751395,17,0.7238095238095238,1.0,0,87.51500000000001,0,0,0.025,40.878,0,0,2.066,47.974000000000004,0,0,25.525,61.823,0.002044677734375,0.47918701171875,0.45227249874308695
a86d2278053157ab1564044cceb34af45d682522,21,0.7568710359408035,0.9523809523809523,0,80.18,0,0,0.019999999999999997,14.993,0,0,0.499,39.218,0,0,14.209999999999999,69.30100000000002,0.0013387203216552734,0.974773645401001,0.45227249874308695
11233ec808518d4eb8dc359eb03f57d6645e4fc5,18,0.7178757705073495,1.0,0,97.30600000000001,0,0,0.02,13.716000000000001,0,0,0.079,30.900999999999996,0,0,18.952999999999996,78.448,0.0014140605926513672,0.7585923671722412,0.45227249874308695
406aff14b5eb65b26e86a143fa69b871e49d88ff,27,0.7825396825396825,0.9629629629629629,0,108.43900000000001,0,0,0.012,38.41100000000001,0,0,0.29900000000000004,48.821,0,0,14.11,59.52,0.0014209747314453125,1.064131259918213,0.45227249874308695
192ee41c0208b4315b006f26c179ed2a9bc0dfc4,36,0.7158459829692705,0.9444444444444444,0,119.42399999999998,0,0,0.011,56.204,0,0,0.263,77.19,0,0,15.986,108.43400000000001,0.0019884109497070312,0.9047708511352539,0.45227249874308695
b1495650f558f397b630f7f36e9c6e853079e8fc,33,0.6512091946683695,0.9393939393939394,0,89.333,0,0,0.012,51.461,0,0,0.22800000000000004,81.439,0,0,8.343,83.346,0.001435995101928711,0.9248144626617432,0.45227249874308695
e89deb37d3bc681c2791b173592d16a3c7c3fdaa,18,0.7871028923660505,1.0,0,87.485,0,0,0.018000000000000002,37.541,0,0,0.09000000000000001,39.558,0,0,18.771,62.00499999999999,0.0014188289642333984,0.8149542808532715,0.45227249874308695
4131207b03b5fb2bea7ee72895ec8cc7f0b242a5,36,0.6939405158583238,0.9444444444444444,0,111.367,0,0,0.012,43.356,0,0,0.547,64.726,0,0,16.067,84.589,0.0013763904571533203,0.6788136959075928,0.45227249874308695
9457dd8c4fc6240cfd1c274ccb372d3eaf26988a,18,0.7354196301564724,0.9444444444444444,0,55.016,0,0,0.009999999999999998,9.92,0,0,0.539,18.023000000000003,0,0,10.92,43.522000000000006,0.0017044544219970703,0.9322335720062256,0.45227249874308695
86f9856c117520b51f239d09fff1e1bccef86f6f,18,0.7268847795163584,0.9444444444444444,0,65.13300000000001,0,0,0.012,7.642,0,0,0.5790000000000001,43.40500000000001,0,0,10.962,54.66000000000001,0.001378774642944336,0.5967874526977539,0.45227249874308695
45e9190503e70ed4fbf9c6c08298bd5985c926cd,26,0.7742299629092081,1.0,0,99.08299999999998,0,0,0.016,18.834000000000003,0,0,0.496,49.07,0,0,18.6,54.06,0.0023763179779052734,0.6710646152496338,0.45227249874308695
092f620af0fb01b9a533db0879d8557cd8bbb041,25,0.7857013574660633,0.96,0,108.16599999999998,0,0,0.031,26.116,0,0,2.586,38.046,0,0,24.603,51.007999999999996,0.0014009475708007812,0.31298375129699707,0.45227249874308695
bdc262055c99482800be541dfef0e4334cefbdeb,36,0.709490312230038,1.0,0,100.444,0,0,0.008,37.879999999999995,0,0,0.223,68.376,0,0,15.604999999999999,76.456,0.0013587474822998047,0.9314560890197754,0.45227249874308695
d87c0a225d4f8511305edd471d39b9c30619d9a0,12,0.8046153846153844,1.0,0,62.419999999999995,0,0,0.004,7.021,0,0,0.049,13.771,0,0,17.684,51.501,0.0013823509216308594,0.6971838474273682,0.45227249874308695
e5422efa5cf3d5a0784ce0bd182c762744a390bb,22,0.7665349143610014,1.0,0,87.10000000000001,0,0,0.011,19.82,0,0,0.104,29.669000000000004,0,0,6.462999999999999,37.088,0.001386404037475586,0.9879395961761475,0.45227249874308695
