cycle_id,num_testsuite,NORMALIZED_RPA,total_failures_in_cycle,exec_time,optimal_failures_25%,failures_in_25%_ordered,optimal_exec_time_25%,exec_time_25%,optimal_failures_50%,failures_in_50%_ordered,optimal_exec_time_50%,exec_time_50%,optimal_failures_75%,failures_in_75%_ordered,optimal_exec_time_75%,exec_time_75%
bbd778464660544e1bcacade75ca219aefd1b82e,13.0,0.9768009768009768,0.0,0.268,0.0,0.0,0.0,0.0,0.0,0.0,0.003,0.003,0.0,0.0,0.033,0.056000000000000015
82f8683129e83b2d7ad9c95efcd4777212d13762,18.0,0.8378378378378379,0.0,0.287,0.0,0.0,0.0,0.003,0.0,0.0,0.002,0.012,0.0,0.0,0.023,0.18100000000000002
009013169754d4869f3a55c27a3443fc72d1d1f1,15.0,0.9612903225806452,0.0,0.28800000000000003,0.0,0.0,0.0,0.0,0.0,0.0,0.006,0.008,0.0,0.0,0.047,0.066
8963e2ac79a97e694c388622e935a0471267e9eb,16.0,0.9799465240641712,0.0,0.43799999999999994,0.0,0.0,0.0,0.002,0.0,0.0,0.008,0.008,0.0,0.0,0.066,0.115
9b85aea847f85982b6f2d9d910e9112f771ab5a5,16.0,0.9044117647058824,0.0,0.26899999999999996,0.0,0.0,0.0,0.001,0.0,0.0,0.001,0.002,0.0,0.0,0.029,0.17300000000000001
c75e9cc85d596ff08ae858da3c61d55e717607d1,16.0,0.9298128342245988,0.0,0.387,0.0,0.0,0.001,0.003,0.0,0.0,0.006999999999999999,0.006999999999999999,0.0,0.0,0.055000000000000014,0.244
398f9cf93414253c216585efdfca3b9f73f90d74,16.0,0.9705882352941176,0.0,0.262,0.0,0.0,0.0,0.004,0.0,0.0,0.006,0.006,0.0,0.0,0.042,0.06200000000000001
a31ec08e102fd3832f3ff4449e9163440f0afb2c,18.0,0.9345661450924608,0.0,0.29,0.0,0.0,0.0,0.004,0.0,0.0,0.003,0.006999999999999999,0.0,0.0,0.029000000000000005,0.07300000000000001
05ae97865c84536a6cfe7759ca6c382eb761ecb2,19.0,0.9052631578947368,0.0,0.3680000000000001,0.0,0.0,0.0,0.005,0.0,0.0,0.002,0.008,0.0,0.0,0.043,0.08800000000000001
1e30a157667af1fa7108d985dcb858a801832887,17.0,0.8980392156862745,0.0,0.28900000000000003,0.0,0.0,0.0,0.003,0.0,0.0,0.002,0.006,0.0,0.0,0.025,0.068
77e6a1a900685c173afd5d88c9bc6123b568fc72,15.0,0.9427419354838712,4.0,30.626000000000005,4.0,0.0,30.332,0.003,4.0,0.0,30.336,0.011000000000000001,4.0,4.0,30.379,30.404000000000003
dfac9ce465ff9c988904d05014d2be2715aa1d2b,14.0,0.9339901477832512,0.0,0.281,0.0,0.0,0.0,0.003,0.0,0.0,0.003,0.003,0.0,0.0,0.035,0.059000000000000004
3cb4cee19e3cb6830735a0f89d890576c7413f2c,14.0,0.9517241379310344,0.0,0.29200000000000004,0.0,0.0,0.0,0.003,0.0,0.0,0.005,0.012,0.0,0.0,0.046,0.064
3232ff001c7c9d335e9bf5aea02ab12520cf3f01,15.0,0.931451612903226,0.0,0.29200000000000004,0.0,0.0,0.0,0.005,0.0,0.0,0.004,0.006999999999999999,0.0,0.0,0.035,0.107
615f53010b21d1c0946952e33773b885fe30440b,16.0,0.8910427807486629,0.0,0.319,0.0,0.0,0.0,0.004,0.0,0.0,0.003,0.015,0.0,0.0,0.05,0.19699999999999998
a8da2e7da25921dffd9fe6bbd53668bed08dd148,16.0,0.9512032085561498,0.0,0.379,0.0,0.0,0.001,0.005,0.0,0.0,0.010000000000000002,0.016,0.0,0.0,0.062,0.102
46cff80ed79e2cb1fc1c791c44f4213dea69d5c0,15.0,0.9370967741935482,0.0,0.28200000000000003,0.0,0.0,0.0,0.002,0.0,0.0,0.003,0.009000000000000001,0.0,0.0,0.040999999999999995,0.062
f9f37e19876202a1db257a9e59452b0f10035fbf,16.0,0.9331550802139038,0.0,0.271,0.0,0.0,0.0,0.002,0.0,0.0,0.002,0.008,0.0,0.0,0.033,0.063
e064bc4842d1412a0421435332f55908fddcc866,20.0,0.9202090592334494,0.0,0.35300000000000004,0.0,0.0,0.0,0.003,0.0,0.0,0.002,0.005,0.0,0.0,0.038,0.079
7ff15ee20c961e370837d8f96ae77886ecd910d8,17.0,0.9512605042016806,0.0,0.275,0.0,0.0,0.0,0.0,0.0,0.0,0.002,0.003,0.0,0.0,0.016,0.057000000000000016
deaf9f6a51b928dcad619fd8300ee3926345d1ea,17.0,0.9260504201680672,0.0,0.273,0.0,0.0,0.0,0.001,0.0,0.0,0.001,0.002,0.0,0.0,0.019000000000000003,0.055999999999999994
fa87a8fe2838e80ae0eeba6e2978815ef5533e91,17.0,0.8453781512605043,0.0,0.278,0.0,0.0,0.0,0.001,0.0,0.0,0.0,0.002,0.0,0.0,0.005,0.057
0e37cba87eea9d89156c144e3d4298c9c9ed04d4,17.0,0.9445378151260504,0.0,0.29000000000000004,0.0,0.0,0.0,0.0,0.0,0.0,0.001,0.002,0.0,0.0,0.024,0.066
1fd0a617cb216113997569937b43ec7c7a9c2fd2,17.0,0.938935574229692,0.0,0.33799999999999997,0.0,0.0,0.0,0.002,0.0,0.0,0.003,0.004,0.0,0.0,0.034,0.07
c2a9605b70fdae3c064b49bf2a0b633c935322cc,14.0,0.9556650246305416,0.0,0.34299999999999997,0.0,0.0,0.0,0.0,0.0,0.0,0.001,0.003,0.0,0.0,0.024,0.07400000000000001
e917ada8cc976397aa5c3e11492f108a35919e48,17.0,0.9400560224089636,0.0,0.263,0.0,0.0,0.001,0.002,0.0,0.0,0.006,0.008,0.0,0.0,0.022000000000000002,0.057999999999999996
38e20f43502027b897135e94e9119ae9341254ac,16.0,0.9037433155080214,0.0,0.28800000000000003,0.0,0.0,0.001,0.005,0.0,0.0,0.006999999999999999,0.014000000000000002,0.0,0.0,0.042,0.182
a44e18aa3c1fcd25a68a5965f9490d8f7d026509,20.0,0.9250871080139372,0.0,0.321,0.0,0.0,0.0,0.002,0.0,0.0,0.0,0.002,0.0,0.0,0.028999999999999998,0.068
3982ea1198b8d780b42587e16ace3407bf7621e1,20.0,0.7264808362369338,9.0,0.30900000000000005,9.0,0.0,0.15400000000000005,0.002,9.0,0.0,0.15400000000000005,0.004,9.0,5.0,0.15600000000000006,0.076
d94f56c25485b622ebf3b35b71868c74b9501ece,17.0,0.9193277310924368,0.0,0.29100000000000004,0.0,0.0,0.001,0.006,0.0,0.0,0.005,0.008,0.0,0.0,0.032,0.066
aa812e42a784bb551e3cda70078c2c1ed6147b20,14.0,0.9596059113300492,0.0,0.28400000000000003,0.0,0.0,0.0,0.002,0.0,0.0,0.005,0.005,0.0,0.0,0.042,0.064
9779d0dbcfab0abdfad9b81c85db43543b797683,21.0,0.9169435215946844,0.0,0.266,0.0,0.0,0.0,0.001,0.0,0.0,0.0,0.001,0.0,0.0,0.016,0.055999999999999994
43cd48ba8e4701d429c8a7c1eea503ad139aaf90,14.0,0.9635467980295568,0.0,0.31100000000000005,0.0,0.0,0.0,0.004,0.0,0.0,0.008,0.008,0.0,0.0,0.043,0.065
ae51709b8c07098fa688ec6be0b5a7dec7654178,14.0,0.9605911330049258,0.0,0.28600000000000003,0.0,0.0,0.0,0.002,0.0,0.0,0.005,0.005,0.0,0.0,0.043,0.061
a991deb4430343e8f22de5d5aa51f829bab52315,14.0,0.9576354679802956,0.0,0.33399999999999996,0.0,0.0,0.001,0.005,0.0,0.0,0.012,0.012,0.0,0.0,0.07200000000000001,0.09
dd8e832191e78a417a03c88512b1d7eeb7f486d4,16.0,0.9385026737967916,0.0,0.28900000000000003,0.0,0.0,0.0,0.004,0.0,0.0,0.006,0.044000000000000004,0.0,0.0,0.045,0.138
c5792eb641b13f8a853b6f065b6998053d106b7d,20.0,0.9076655052264808,0.0,0.3190000000000001,0.0,0.0,0.002,0.01,0.0,0.0,0.011,0.049,0.0,0.0,0.049,0.104
76903813da44b8971c9cd2beff41773376c6396c,19.0,0.8789473684210526,0.0,0.35800000000000004,0.0,0.0,0.001,0.006999999999999999,0.0,0.0,0.008,0.061,0.0,0.0,0.062,0.125
4d94c5d0f0e60e50d555178ff0ca5b8d4da5f054,19.0,0.8999999999999997,0.0,0.339,0.0,0.0,0.0,0.004,0.0,0.0,0.006,0.054000000000000006,0.0,0.0,0.045,0.118
834d3142304e0927dc659791da6a4521f271d7fd,18.0,0.9340919867235656,0.0,0.342,0.0,0.0,0.002,0.006,0.0,0.0,0.013,0.06,0.0,0.0,0.053000000000000005,0.09000000000000001
f2fe1eac288eccbb34bf048c20b0406d7db9636d,16.0,0.9518716577540108,0.0,0.35900000000000004,0.0,0.0,0.0,0.001,0.0,0.0,0.01,0.055,0.0,0.0,0.06000000000000001,0.127
1bae7a28d5991f712980e6e36e76d3002f500f47,19.0,0.917004048582996,0.0,0.361,0.0,0.0,0.0,0.002,0.0,0.0,0.004,0.051,0.0,0.0,0.047,0.115
b4fc2f243ce56618c74dd4cc9f0b2ccf4dca1bc5,17.0,0.9170868347338936,0.0,0.302,0.0,0.0,0.0,0.004,0.0,0.0,0.009000000000000001,0.05,0.0,0.0,0.044000000000000004,0.07600000000000001
ab53e91503e6c405d2b6b647751bd17dcea8028f,16.0,0.929144385026738,0.0,0.34600000000000003,0.0,0.0,0.002,0.005,0.0,0.0,0.016,0.054999999999999986,0.0,0.0,0.069,0.11800000000000001
73e26919b941be2816d60e15872ee0d9ca77c56e,18.0,0.9374110953058324,0.0,0.327,0.0,0.0,0.0,0.003,0.0,0.0,0.008,0.048000000000000015,0.0,0.0,0.052000000000000005,0.07600000000000001
d3705477a13939f5e3f15c5422d2c67611fbb8da,22.0,0.8967061923583665,0.0,0.36700000000000005,0.0,0.0,0.0,0.002,0.0,0.0,0.002,0.046,0.0,0.0,0.024,0.07200000000000001
668514d0e1be5f1dae2048b145298ce9e116e34c,16.0,0.9398395721925136,0.0,0.32,0.0,0.0,0.0,0.002,0.0,0.0,0.009000000000000001,0.051,0.0,0.0,0.055,0.10400000000000001
11185c4fc1a0bcfa15d59b23fe039bf5908a2a77,19.0,0.8732793522267206,0.0,0.363,0.0,0.0,0.0,0.005,0.0,0.0,0.006999999999999999,0.056,0.0,0.0,0.048,0.12
fc7c7f18cdbb55ca1c1fb708ae573c64e5e3ead5,17.0,0.9137254901960784,0.0,0.327,0.0,0.0,0.0,0.004,0.0,0.0,0.008,0.05199999999999999,0.0,0.0,0.047,0.08099999999999999
2c8b9ad145d3b808be19ce03a99797215e0c3ca3,21.0,0.9136212624584718,0.0,0.316,0.0,0.0,0.001,0.005,0.0,0.0,0.008,0.052000000000000005,0.0,0.0,0.034,0.077
c765b819fcb5f24373fc165a7c651f0e87a0a25a,17.0,0.9338935574229692,0.0,0.321,0.0,0.0,0.0,0.004,0.0,0.0,0.009000000000000001,0.055000000000000014,0.0,0.0,0.045,0.085
f052908ec90e12bdc6b67915ef2290aa9eefa48b,18.0,0.9032716927453772,0.0,0.3160000000000001,0.0,0.0,0.001,0.006999999999999999,0.0,0.0,0.012,0.049,0.0,0.0,0.047,0.102
20088820f17e190db7d68c13d3f1b99fc1cecc5f,16.0,0.9485294117647058,0.0,0.35800000000000004,0.0,0.0,0.0,0.004,0.0,0.0,0.012,0.048,0.0,0.0,0.064,0.11800000000000001
edcc4a00cdf6d2d7b4ea81917e48e3e9570438a3,22.0,0.8998682476943346,0.0,0.3290000000000001,0.0,0.0,0.0,0.0,0.0,0.0,0.006,0.048,0.0,0.0,0.038000000000000006,0.15100000000000002
384bf2cba16120166c5044f868096ab02599ac76,22.0,0.9085638998682476,0.0,0.3360000000000001,0.0,0.0,0.0,0.001,0.0,0.0,0.009000000000000001,0.053000000000000005,0.0,0.0,0.043,0.16600000000000004
68a1083c447f368a2f21b75589d0140f8a750e7f,16.0,0.9431818181818182,0.0,0.358,0.0,0.0,0.0,0.001,0.0,0.0,0.013999999999999999,0.049,0.0,0.0,0.1,0.18
1c4fe033f7612d4aeb0f4324538c8e3dd4d25668,22.0,0.8948616600790514,0.0,0.35400000000000004,0.0,0.0,0.0,0.001,0.0,0.0,0.005,0.055000000000000014,0.0,0.0,0.040999999999999995,0.17700000000000002
35407bb1557e2ee11e27cff552d561b3d83266ae,17.0,0.9070028011204482,3.0,33.234,3.0,0.0,32.958,0.006999999999999999,3.0,0.0,32.967,0.053,3.0,3.0,33.0,33.037
2cc22447970edb5a28bdedf682680a18c8adba1b,17.0,0.9350140056022408,0.0,0.35000000000000003,0.0,0.0,0.0,0.0,0.0,0.0,0.006999999999999999,0.043,0.0,0.0,0.057,0.14600000000000002
5e6e9fc84826cb79a24906987cc5d54677482a70,16.0,0.9024064171122994,0.0,0.361,0.0,0.0,0.0,0.037000000000000005,0.0,0.0,0.012,0.047000000000000014,0.0,0.0,0.085,0.261
d6fd1637307f6b088eb226c3f979085725530f32,20.0,0.8623693379790942,0.0,0.33799999999999997,0.0,0.0,0.001,0.003,0.0,0.0,0.006999999999999999,0.059,0.0,0.0,0.054999999999999986,0.242
c07ba8a34b6a6d6665928e106fea67bd9144e4e0,19.0,0.8789473684210524,0.0,0.361,0.0,0.0,0.001,0.004,0.0,0.0,0.009000000000000001,0.054999999999999986,0.0,0.0,0.059,0.267
d65185506919c50de85e766771898fdbd054e77b,19.0,0.8846153846153845,0.0,0.34400000000000003,0.0,0.0,0.002,0.003,0.0,0.0,0.009000000000000001,0.05,0.0,0.0,0.063,0.242
6c4f16f233cdfd7aedef33374609e9aa4ede255c,23.0,0.8820536540240518,0.0,0.37799999999999995,0.0,0.0,0.0,0.002,0.0,0.0,0.006,0.055000000000000014,0.0,0.0,0.055999999999999994,0.267
3f9f33d88355f22aefc7ea402da09fd1950289ce,18.0,0.9284020862968232,0.0,0.34700000000000003,0.0,0.0,0.001,0.002,0.0,0.0,0.015000000000000003,0.053,0.0,0.0,0.067,0.159
5dab7a2379aaa7141c6c4e8306a139a6b8dd3ada,18.0,0.9340919867235656,0.0,0.424,0.0,0.0,0.001,0.002,0.0,0.0,0.015000000000000003,0.057999999999999996,0.0,0.0,0.065,0.179
311d2e7e7123814364907b65143117efc3ddf92d,17.0,0.946218487394958,0.0,0.341,0.0,0.0,0.0,0.002,0.0,0.0,0.013,0.052000000000000005,0.0,0.0,0.067,0.123
574e76eb211b43ea792ac69955a0bbcc244965e9,19.0,0.8854251012145747,0.0,0.35600000000000004,0.0,0.0,0.0,0.001,0.0,0.0,0.009000000000000001,0.053999999999999986,0.0,0.0,0.064,0.251
32ab9579f9df6f4c9dbab5e6e035dd5f8d644e2a,16.0,0.9364973262032084,0.0,0.30400000000000005,0.0,0.0,0.001,0.002,0.0,0.0,0.013,0.051,0.0,0.0,0.087,0.14
8b5fb7be962959a922dafc2073718e1457196043,17.0,0.9406162464985994,0.0,0.331,0.0,0.0,0.001,0.003,0.0,0.0,0.013,0.045000000000000005,0.0,0.0,0.062,0.11
456a5545fe7d79ca2851d9a24528972159d37f66,17.0,0.90812324929972,0.0,0.29100000000000004,0.0,0.0,0.001,0.002,0.0,0.0,0.011000000000000001,0.053000000000000005,0.0,0.0,0.049,0.12
4a28f7766124469dbdd5ad6179fe84abff3cd14f,17.0,0.9137254901960784,0.0,0.364,0.0,0.0,0.001,0.001,0.0,0.0,0.011000000000000001,0.07600000000000001,0.0,0.0,0.063,0.15300000000000002
924c480762e8af2ece8da553f7fe90244085341e,18.0,0.92176386913229,0.0,0.315,0.0,0.0,0.003,0.004,0.0,0.0,0.016,0.051,0.0,0.0,0.062,0.14200000000000002
81a9f5320614029f04838945674e3087eec01a63,16.0,0.9204545454545454,0.0,0.336,0.0,0.0,0.001,0.004,0.0,0.0,0.014000000000000002,0.054000000000000006,0.0,0.0,0.09300000000000001,0.22100000000000006
d745f85315b33fb72c5b6d8ac155451c85f5a6be,17.0,0.9372549019607842,0.0,0.318,0.0,0.0,0.001,0.003,0.0,0.0,0.014000000000000002,0.053,0.0,0.0,0.06,0.11
c1ee93355ba4bc6a430aed0ea8db7369f7d0895f,17.0,0.9411764705882352,0.0,0.259,0.0,0.0,0.0,0.0,0.0,0.0,0.005,0.037000000000000005,0.0,0.0,0.048,0.08800000000000001
16d2cc3e401a16b272cb182eaaa6f379839105ad,16.0,0.9338235294117648,0.0,0.355,0.0,0.0,0.003,0.005,0.0,0.0,0.019,0.061,0.0,0.0,0.098,0.157
cf06d02074c2526944c8a08c7b641ef51d31343b,16.0,0.9451871657754012,0.0,0.29500000000000004,0.0,0.0,0.0,0.002,0.0,0.0,0.015,0.043,0.0,0.0,0.087,0.131
3a158cfbcfe70c9a921b9ea525e2cd8113193219,16.0,0.9351604278074864,0.0,0.33,0.0,0.0,0.0,0.001,0.0,0.0,0.013000000000000001,0.066,0.0,0.0,0.09699999999999999,0.168
eab521f7a26c072b117f72c4371f71e75eafc55e,16.0,0.9385026737967916,0.0,0.35100000000000003,0.0,0.0,0.001,0.004,0.0,0.0,0.02,0.064,0.0,0.0,0.10099999999999999,0.161
1beb36dca19bb90c805d38e8b1f2787d169a759e,19.0,0.9056680161943316,0.0,0.342,0.0,0.0,0.0,0.001,0.0,0.0,0.005,0.048,0.0,0.0,0.064,0.22900000000000004
8f9b51dab9020d499bc2a2ca2fcb306bbfb4e734,19.0,0.8959514170040483,0.0,0.33,0.0,0.0,0.0,0.002,0.0,0.0,0.005,0.059,0.0,0.0,0.066,0.22399999999999998
0b9eab69d394b38f776079a20dc19ed5848748b4,17.0,0.9467787114845936,0.0,0.327,0.0,0.0,0.0,0.001,0.0,0.0,0.009000000000000001,0.056000000000000015,0.0,0.0,0.063,0.127
3c5061f03f27f13dcf546c9752e424af715bb02a,18.0,0.92176386913229,0.0,0.278,0.0,0.0,0.001,0.003,0.0,0.0,0.013,0.04400000000000001,0.0,0.0,0.052000000000000005,0.12
bb16e0693819afb821bce6943d8cbd178266a63e,18.0,0.9241346609767662,0.0,0.294,0.0,0.0,0.002,0.003,0.0,0.0,0.013999999999999999,0.05000000000000002,0.0,0.0,0.052000000000000005,0.12800000000000006
627efb94e9ec8bcf09829fb8be5cbc4f4334fceb,16.0,0.9284759358288771,0.0,0.29800000000000004,0.0,0.0,0.0,0.003,0.0,0.0,0.013,0.049,0.0,0.0,0.083,0.135
a4c375d8ef9d2a930b34a994719ebdbc076678b7,19.0,0.8805668016194329,0.0,0.32299999999999995,0.0,0.0,0.0,0.003,0.0,0.0,0.011000000000000001,0.05,0.0,0.0,0.069,0.22400000000000006
1833adf54de2ec33d68abf4a64202e8572d15ccd,20.0,0.9090592334494774,0.0,0.34400000000000003,0.0,0.0,0.002,0.046000000000000006,0.0,0.0,0.011000000000000001,0.05800000000000001,0.0,0.0,0.066,0.23600000000000002
d758acab64d16f7dfb664f18fd9c0f63901d7138,19.0,0.8931174089068824,0.0,0.3170000000000001,0.0,0.0,0.0,0.003,0.0,0.0,0.009000000000000001,0.051,0.0,0.0,0.064,0.213
d84d6a145fa09440803bf184f7ad405167463f10,17.0,0.8885154061624648,0.0,0.31,0.0,0.0,0.001,0.003,0.0,0.0,0.014,0.066,0.0,0.0,0.064,0.134
802e7b4e3e1d6501605f874d1cec4241d411f325,19.0,0.8971659919028337,0.0,0.33,0.0,0.0,0.001,0.003,0.0,0.0,0.012,0.055,0.0,0.0,0.07300000000000001,0.218
0265937566f541e90933a6bd33192201095ecf4e,17.0,0.8694677871148458,0.0,0.29800000000000004,0.0,0.0,0.0,0.002,0.0,0.0,0.006,0.064,0.0,0.0,0.049,0.121
3f7d2c71dbbbb289c684f339874eed8ac2747fa0,17.0,0.9417366946778712,0.0,0.35700000000000004,0.0,0.0,0.0,0.002,0.0,0.0,0.008,0.055000000000000014,0.0,0.0,0.05800000000000001,0.12000000000000002
f14bd640bf48bfbabb0ad17da4322e3c75eaa547,17.0,0.9383753501400559,0.0,0.309,0.0,0.0,0.0,0.0,0.0,0.0,0.006999999999999999,0.053999999999999986,0.0,0.0,0.049,0.107
74c61a13acb6fc11456cd442d4d982a0e943e9d0,16.0,0.9318181818181818,0.0,0.278,0.0,0.0,0.0,0.0,0.0,0.0,0.014,0.041000000000000016,0.0,0.0,0.076,0.11699999999999999
74f4f7fa855d9574dbf9ff45b0eb381cee26a54c,17.0,0.9361344537815126,0.0,0.319,0.0,0.0,0.001,0.002,0.0,0.0,0.011000000000000001,0.054000000000000006,0.0,0.0,0.061,0.125
b024415094a0afbec69e605c5d75bdda4c200091,16.0,0.9371657754010696,0.0,0.395,0.0,0.0,0.001,0.003,0.0,0.0,0.018000000000000002,0.049000000000000016,0.0,0.0,0.098,0.138
de941054022a153e8503710e9073fd258ee00ac3,20.0,0.900348432055749,0.0,0.265,0.0,0.0,0.0,0.039,0.0,0.0,0.003,0.048,0.0,0.0,0.046,0.174
0ca6fc9d20eb322646975192cc37e35063b9178f,20.0,0.9048780487804878,0.0,0.265,0.0,0.0,0.0,0.0,0.0,0.0,0.004,0.041000000000000016,0.0,0.0,0.047,0.172
91bc88c95a2ffba906a5ae1518a438048595f409,16.0,0.9371657754010696,0.0,0.4320000000000001,0.0,0.0,0.001,0.003,0.0,0.0,0.022,0.06100000000000001,0.0,0.0,0.114,0.255
199e34bca6538c2125b00d20853eb4616c08a0b5,21.0,0.8776804590758078,0.0,0.3120000000000001,0.0,0.0,0.0,0.001,0.0,0.0,0.006,0.051,0.0,0.0,0.042,0.19300000000000006
333a6469ffec02354a56d1a5eb5867dc16da58a0,17.0,0.9338935574229692,0.0,0.37200000000000005,0.0,0.0,0.001,0.002,0.0,0.0,0.012,0.055999999999999994,0.0,0.0,0.077,0.16899999999999998
af77fd3ffb2973f255419df9ef591df5f8a7409f,18.0,0.8454243717401613,1.0,0.244,1.0,0.0,0.004,0.0,1.0,0.0,0.005,0.01,1.0,0.0,0.02,0.114
549ed00198cabb4bc2c4b7989c902d1f1dc887e3,18.0,0.9127548601232814,0.0,0.35100000000000003,0.0,0.0,0.0,0.002,0.0,0.0,0.013,0.06100000000000001,0.0,0.0,0.053000000000000005,0.207
e37cc9afd78cb780b4c944a0caa5c1973efb0607,17.0,0.8862745098039215,0.0,0.208,0.0,0.0,0.001,0.003,0.0,0.0,0.005,0.049,0.0,0.0,0.032,0.14
a0bd16891705bf4087e0766d744a009ac923b5f3,17.0,0.9064425770308124,0.0,0.212,0.0,0.0,0.0,0.002,0.0,0.0,0.005,0.055999999999999994,0.0,0.0,0.031,0.07
245b2655f7a28ca46912e35de492d3e452a5393f,17.0,0.9193277310924368,0.0,0.28,0.0,0.0,0.0,0.0,0.0,0.0,0.008,0.043,0.0,0.0,0.039,0.135
4770715fb67e1d40259c14280742859d5eeaaec5,17.0,0.8689075630252102,0.0,0.419,0.0,0.0,0.0,0.001,0.0,0.0,0.001,0.061,0.0,0.0,0.036000000000000004,0.14900000000000002
cbd9605b113482873f9c99362874ca9123daaf66,17.0,0.8997198879551822,6.0,52.93900000000002,6.0,0.0,52.65700000000001,0.004,6.0,0.0,52.67200000000001,0.065,6.0,6.0,52.71200000000001,52.75100000000001
954e0f3678c67f2ed9ba520fccbb612e0ff0060b,19.0,0.8890688259109311,0.0,0.335,0.0,0.0,0.0,0.002,0.0,0.0,0.01,0.063,0.0,0.0,0.052000000000000005,0.21300000000000005
cda2c5d4ec1090b4e556e88d513b8b80d9128d37,19.0,0.8817813765182185,0.0,0.3160000000000001,0.0,0.0,0.0,0.002,0.0,0.0,0.011000000000000001,0.07,0.0,0.0,0.052000000000000005,0.195
4c844c15ba2c784bdb75458d8ab81f929a97db68,19.0,0.8862348178137649,0.0,0.405,0.0,0.0,0.001,0.002,0.0,0.0,0.011000000000000001,0.07100000000000001,0.0,0.0,0.066,0.29900000000000004
837d77f0b4d1adda9e769aba37d4253c116e0c31,19.0,0.8518218623481782,0.0,0.271,0.0,0.0,0.0,0.002,0.0,0.0,0.009000000000000001,0.048,0.0,0.0,0.054000000000000006,0.185
119fd967ba85924a5fe0d93e2f9fad3fe068c6fa,17.0,0.9299719887955182,0.0,0.30100000000000005,0.0,0.0,0.0,0.001,0.0,0.0,0.009000000000000001,0.045000000000000005,0.0,0.0,0.049,0.173
a76f2e9fa14185dae1e96ae2561e3ff07c966e11,17.0,0.9249299719887956,0.0,0.332,0.0,0.0,0.003,0.005,0.0,0.0,0.016,0.08000000000000003,0.0,0.0,0.07,0.16600000000000004
e613360fa4f0cd3bdfdece02d2bc1b58be640cac,25.0,0.8622624434389139,0.0,0.417,0.0,0.0,0.0,0.0,0.0,0.0,0.004,0.15000000000000002,0.0,0.0,0.045,0.29200000000000004
e936b1b664500166bef0403011c5924c7bd7d086,20.0,0.843554006968641,0.0,0.362,0.0,0.0,0.0,0.07,0.0,0.0,0.012,0.12000000000000002,0.0,0.0,0.07999999999999999,0.268
2e20bc1bf30e1e6efbeeae67805d9d450d2f1d5b,21.0,0.8927816369676838,0.0,0.3780000000000001,0.0,0.0,0.0,0.063,0.0,0.0,0.008,0.116,0.0,0.0,0.055000000000000014,0.22200000000000006
288b76eaf6c31bce34dd8afe180623051b91e338,21.0,0.9060706735125342,0.0,0.3370000000000001,0.0,0.0,0.001,0.003,0.0,0.0,0.008,0.047000000000000014,0.0,0.0,0.043,0.19000000000000006
8c673ddc1357f00009e38cb800c1c6ebb6ee4beb,20.0,0.8337979094076655,0.0,0.4330000000000001,0.0,0.0,0.003,0.07900000000000001,0.0,0.0,0.018000000000000002,0.14,0.0,0.0,0.107,0.3120000000000001
af61d0720599519828209b3b5f8ef06f61fe7768,22.0,0.9046113306982873,0.0,0.389,0.0,0.0,0.0,0.0,0.0,0.0,0.006,0.06000000000000001,0.0,0.0,0.045,0.228
0993f66ce330ccfbd84a65005ed1b2f1ae167d81,18.0,0.9108582266477004,0.0,0.374,0.0,0.0,0.001,0.003,0.0,0.0,0.019000000000000003,0.063,0.0,0.0,0.07300000000000001,0.214
da9547ebcd83525723fca18997a5a7e058c9796f,22.0,0.8785243741765483,0.0,0.406,0.0,0.0,0.0,0.002,0.0,0.0,0.008,0.064,0.0,0.0,0.045000000000000005,0.24600000000000002
fee4762322f85a1109edd75ccb67f38cf5008c80,17.0,0.9047619047619048,0.0,0.294,0.0,0.0,0.002,0.004,0.0,0.0,0.011,0.051,0.0,0.0,0.057999999999999996,0.15200000000000002
4424fe8589b60f2c7ed0a6ddb3958198e779c803,18.0,0.8653390232337601,0.0,0.256,0.0,0.0,0.001,0.004,0.0,0.0,0.011000000000000001,0.05800000000000001,0.0,0.0,0.055,0.129
990285bdbb080038fef44cd2306526b4cba520d5,19.0,0.8834008097165992,0.0,0.304,0.0,0.0,0.0,0.001,0.0,0.0,0.006,0.06,0.0,0.0,0.051,0.21700000000000005
b9c174056fa44d575e23b5759d13610eae685beb,18.0,0.9269796111901374,0.0,0.102,0.0,0.0,0.0,0.001,0.0,0.0,0.002,0.006,0.0,0.0,0.012,0.027999999999999997
e47d90818b1918b436d252212e90a03ddf503b59,20.0,0.8616724738675959,0.0,0.408,0.0,0.0,0.001,0.06000000000000001,0.0,0.0,0.008,0.07300000000000001,0.0,0.0,0.065,0.363
7d7a298864223fd4ecea3acaa42257d24ddec1e8,20.0,0.8519163763066204,0.0,0.3320000000000001,0.0,0.0,0.001,0.046,0.0,0.0,0.011,0.063,0.0,0.0,0.07200000000000001,0.231
4ae8917dac1019fc08b091c13b66d846311ebdc4,17.0,0.9260504201680672,0.0,0.29100000000000004,0.0,0.0,0.0,0.0,0.0,0.0,0.01,0.043,0.0,0.0,0.053000000000000005,0.159
c1924becd50885dfaf9bce062f86e04b10c688eb,20.0,0.8066202090592335,0.0,0.348,0.0,0.0,0.0,0.042,0.0,0.0,0.0,0.05,0.0,0.0,0.02,0.182
8b57279f59cfe8ffe66840b9961c5f3659f4e997,22.0,0.8943346508563902,0.0,0.3520000000000001,0.0,0.0,0.0,0.002,0.0,0.0,0.008,0.057999999999999996,0.0,0.0,0.048,0.204
9271f805a0caa9ae67a5fed450d3d26a638408af,22.0,0.8769433465085638,1.0,0.30900000000000005,1.0,0.0,0.032,0.0,1.0,0.0,0.035,0.053,1.0,1.0,0.06200000000000001,0.181
174dca2cb3e2c860fc947a963ea29b2758c0ba76,22.0,0.8866930171277999,0.0,0.3230000000000001,0.0,0.0,0.0,0.001,0.0,0.0,0.009000000000000001,0.055999999999999994,0.0,0.0,0.049,0.19
75e9330eceaf0e901f7a4402d4f0decbb1c2f4a8,22.0,0.8782608695652174,0.0,0.34500000000000003,0.0,0.0,0.0,0.002,0.0,0.0,0.012,0.057000000000000016,0.0,0.0,0.064,0.201
eb7e65e9a19e68b550e7fd0eb73c5cfea2622ff3,22.0,0.9098814229249014,0.0,0.3250000000000001,0.0,0.0,0.0,0.0,0.0,0.0,0.006999999999999999,0.049,0.0,0.0,0.048,0.205
85c835652321262a86d9d32eb20f87c231954bda,22.0,0.8932806324110671,0.0,0.335,0.0,0.0,0.0,0.0,0.0,0.0,0.005,0.046000000000000006,0.0,0.0,0.039000000000000014,0.2
567b90e4abb72144a15fb5eeef74d170ef425cf9,18.0,0.961593172119488,0.0,0.251,0.0,0.0,0.0,0.0,0.0,0.0,0.005,0.005,0.0,0.0,0.022,0.116
659f983253f53c99175fd5b437791f20fec21ce4,17.0,0.9182072829131652,0.0,0.273,0.0,0.0,0.0,0.0,0.0,0.0,0.009000000000000001,0.047,0.0,0.0,0.05,0.14
eacba9ae3d8b48e25380ad6125da40a2820e93d6,20.0,0.8742160278745645,0.0,0.401,0.0,0.0,0.002,0.046,0.0,0.0,0.018000000000000002,0.07,0.0,0.0,0.085,0.29200000000000004
ee613b20b926b31f532cda4fb3ee115db950e9a1,18.0,0.8473210052157422,0.0,0.34,0.0,0.0,0.0,0.011000000000000001,0.0,0.0,0.01,0.069,0.0,0.0,0.067,0.21600000000000003
32fc662b79efa351bf55118d9540522159df1c6e,21.0,0.9096949562065844,0.0,0.3150000000000001,0.0,0.0,0.0,0.0,0.0,0.0,0.002,0.053,0.0,0.0,0.042,0.19399999999999998
1153eeef1740592b7fca1ec50766aa6d4a72e438,17.0,0.9266106442577032,0.0,0.28200000000000003,0.0,0.0,0.0,0.001,0.0,0.0,0.01,0.048000000000000015,0.0,0.0,0.055,0.15200000000000002
05faab380c9b3322f24fcba833173a358765f89f,17.0,0.9070028011204482,0.0,0.355,0.0,0.0,0.0,0.001,0.0,0.0,0.011000000000000001,0.061,0.0,0.0,0.064,0.207
842977c381b8d48bf12719e3f5cf6fd669379957,23.0,0.8859851988899166,0.0,0.28600000000000003,0.0,0.0,0.0,0.0,0.0,0.0,0.001,0.045,0.0,0.0,0.04,0.193
2f7079a0771fdbee94230e0297f3e6af66916716,17.0,0.9098039215686272,0.0,0.368,0.0,0.0,0.003,0.003,0.0,0.0,0.019,0.08800000000000001,0.0,0.0,0.077,0.209
f5227640d4365e2d4c18bd032b9656148bff8eb3,8.0,0.9068627450980392,0.0,0.201,0.0,0.0,0.0,0.0,0.0,0.0,0.025,0.055,0.0,0.0,0.06100000000000001,0.16699999999999998
6941818600646156b47d59b2561ec423c832d647,14.0,0.916256157635468,0.0,0.215,0.0,0.0,0.001,0.003,0.0,0.0,0.019,0.051,0.0,0.0,0.053000000000000005,0.105
2588abdd5f81d4de2c1300ad24e9c401f9a9fc92,8.0,0.9362745098039216,0.0,0.19699999999999998,0.0,0.0,0.002,0.002,0.0,0.0,0.021,0.033,0.0,0.0,0.066,0.16399999999999998
98e87c6ae88fc31782f7cb542d4637df1af19f89,17.0,0.9131652661064426,0.0,0.342,0.0,0.0,0.002,0.002,0.0,0.0,0.016,0.063,0.0,0.0,0.061,0.19100000000000006
37ab504f88dbe95358898bbdaba626cd937a7ea1,18.0,0.9478425794215268,0.0,0.245,0.0,0.0,0.0,0.002,0.0,0.0,0.008,0.008,0.0,0.0,0.040999999999999995,0.14
bcdd5bb2265b3702ae287a75abc45a603cd2f1ef,23.0,0.9225254394079556,0.0,0.22500000000000006,0.0,0.0,0.0,0.0,0.0,0.0,0.001,0.004,0.0,0.0,0.01,0.14800000000000002
a9fb01bd2b46dffbb1da3d93b0f8c566e25bc36e,22.0,0.9069828722002636,0.0,0.30200000000000005,0.0,0.0,0.0,0.002,0.0,0.0,0.003,0.03,0.0,0.0,0.064,0.17900000000000002
13b55d7e81414d2a96de3bdc8dd95829fd7dad92,20.0,0.8616724738675959,0.0,0.19600000000000006,0.0,0.0,0.0,0.002,0.0,0.0,0.0,0.002,0.0,0.0,0.01,0.124
a2e331f03f2d439caa54c3014f8d5fb2dc206162,17.0,0.9288515406162464,0.0,0.193,0.0,0.0,0.0,0.003,0.0,0.0,0.004,0.006,0.0,0.0,0.024,0.026
a7b2b42a50f0536a3c5b3473575d67c2e5907581,18.0,0.9535324798482696,0.0,0.22000000000000006,0.0,0.0,0.001,0.003,0.0,0.0,0.011000000000000001,0.012,0.0,0.0,0.04,0.131
b8c259cfaf668e4237de09a0327b82080cfd37ba,18.0,0.9492650545282124,0.0,0.19699999999999998,0.0,0.0,0.0,0.002,0.0,0.0,0.005,0.008,0.0,0.0,0.03,0.08800000000000001
8391b7231a2519557d41209d728acc4f422af381,21.0,0.920265780730897,0.0,0.215,0.0,0.0,0.0,0.001,0.0,0.0,0.001,0.008,0.0,0.0,0.027999999999999997,0.113
585eb726fdb2165a91146a3c9f8fbbfeb4ad9e7b,17.0,0.915406162464986,0.0,0.213,0.0,0.0,0.0,0.002,0.0,0.0,0.004,0.022000000000000002,0.0,0.0,0.026000000000000002,0.13699999999999998
3519d82fb3b11bc3a96b3598bfa9ccde9fae4fc9,22.0,0.8893280632411068,0.0,0.28800000000000003,0.0,0.0,0.0,0.002,0.0,0.0,0.003,0.024,0.0,0.0,0.043,0.102
1fd3a3cb0ab51861ef671e48f067f143960457f0,19.0,0.8886639676113357,0.0,0.257,0.0,0.0,0.0,0.0,0.0,0.0,0.0,0.016,0.0,0.0,0.035,0.198
c01fcd338d73dc039e6a3a6cd2c449d9c9d41304,13.0,0.9609279609279612,0.0,0.244,0.0,0.0,0.0,0.0,0.0,0.0,0.003,0.004,0.0,0.0,0.039,0.056000000000000015
b14e7357248a0f683b8252be3e68f5e171fb8529,16.0,0.9244652406417112,0.0,0.29700000000000004,0.0,0.0,0.0,0.018000000000000002,0.0,0.0,0.010000000000000002,0.023000000000000003,0.0,0.0,0.096,0.211
495cb3d885125843cb409372a38ac25f13d3b2f6,19.0,0.9004048582995949,0.0,0.2600000000000001,0.0,0.0,0.0,0.001,0.0,0.0,0.004,0.016,0.0,0.0,0.064,0.192
2bef2e7ce9b8089a9e0ae3cf82f7625a5b93ed09,19.0,0.91497975708502,0.0,0.244,0.0,0.0,0.0,0.001,0.0,0.0,0.003,0.006,0.0,0.0,0.033,0.158
6d6ee1cc96d6f17f547fd9f39a38966da35ab159,22.0,0.9133069828722002,0.0,0.256,0.0,0.0,0.0,0.0,0.0,0.0,0.002,0.011,0.0,0.0,0.045,0.141
e8809994a35745bcd557e264d22ea283619caf76,22.0,0.91699604743083,0.0,0.187,0.0,0.0,0.0,0.001,0.0,0.0,0.002,0.006999999999999999,0.0,0.0,0.021,0.10300000000000001
dcc35b709ce6bc4ac48be4ed73a7251fe1613855,22.0,0.9088274044795784,0.0,0.278,0.0,0.0,0.0,0.001,0.0,0.0,0.001,0.019000000000000003,0.0,0.0,0.040000000000000015,0.15600000000000006
e981b5dd049f1291111b24cd56fd409a9fcf82d7,22.0,0.9075098814229252,0.0,0.264,0.0,0.0,0.0,0.001,0.0,0.0,0.002,0.008,0.0,0.0,0.028999999999999998,0.14700000000000002
6e14804768c3553c0670ea08135675d67d51d811,19.0,0.8979757085020241,0.0,0.2630000000000001,0.0,0.0,0.0,0.001,0.0,0.0,0.002,0.019000000000000003,0.0,0.0,0.066,0.184
b831caaff8953023c91d66c21a9af37b7e5e8b88,22.0,0.8769433465085641,0.0,0.205,0.0,0.0,0.0,0.001,0.0,0.0,0.001,0.003,0.0,0.0,0.009000000000000001,0.096
684ae68a631f6bd9b6d962e42e46bf0812d8fa4e,19.0,0.908906882591093,0.0,0.29900000000000004,0.0,0.0,0.0,0.001,0.0,0.0,0.001,0.005,0.0,0.0,0.049,0.2
616d3c40fe99402c4b1311a2af2819fe1ad52cfb,23.0,0.9000925069380203,0.0,0.259,0.0,0.0,0.0,0.001,0.0,0.0,0.0,0.006999999999999999,0.0,0.0,0.027000000000000003,0.166
63b778a5b41e75cb46a817fbdcc8e65db740a46c,23.0,0.9003237742830711,0.0,0.266,0.0,0.0,0.0,0.001,0.0,0.0,0.0,0.006999999999999999,0.0,0.0,0.028000000000000004,0.15500000000000005
373ea35b2cb227b56694aa50589c853b68caa03a,22.0,0.9104084321475626,0.0,0.281,0.0,0.0,0.0,0.0,0.0,0.0,0.003,0.009000000000000001,0.0,0.0,0.035,0.16399999999999998
eafba57cb72af5b8980bc1ed75edf4a08e1cc43f,23.0,0.8628584643848289,0.0,0.42200000000000004,0.0,0.0,0.0,0.092,0.0,0.0,0.003,0.099,0.0,0.0,0.059,0.312
11f7c1bd7a2d12f0b1150aa246c61afefd11991f,20.0,0.8794425087108014,0.0,0.3760000000000001,0.0,0.0,0.0,0.076,0.0,0.0,0.005,0.096,0.0,0.0,0.1,0.27699999999999997
9e97fbf6ada82040f4a49c9aef9a84c983074427,17.0,0.9288515406162464,0.0,0.252,0.0,0.0,0.0,0.002,0.0,0.0,0.006999999999999999,0.020000000000000004,0.0,0.0,0.038,0.155
4384e1692572ad8ea554eabd1f110a13191812c3,18.0,0.8814604077761972,0.0,0.28600000000000003,0.0,0.0,0.001,0.08199999999999999,0.0,0.0,0.009000000000000001,0.08800000000000001,0.0,0.0,0.048,0.135
23982c287bf6efc453a22bcbbf8c955786a74b92,18.0,0.8828828828828829,0.0,0.27699999999999997,0.0,0.0,0.0,0.076,0.0,0.0,0.004,0.078,0.0,0.0,0.039,0.109
0986da604daa312d309c66094113a28fc4d936db,17.0,0.9098039215686275,0.0,0.27899999999999997,0.0,0.0,0.0,0.07400000000000001,0.0,0.0,0.006,0.079,0.0,0.0,0.04,0.10800000000000001
e5e184662975e276af582771b9a004f7d56ecfd6,23.0,0.8561517113783533,0.0,0.3130000000000001,0.0,0.0,0.0,0.078,0.0,0.0,0.001,0.08,0.0,0.0,0.027999999999999997,0.207
a04b3731c7efe62ccea64df86e4d58cfca3688f6,18.0,0.8923660502607871,0.0,0.42,0.0,0.0,0.0,0.095,0.0,0.0,0.009000000000000001,0.09900000000000002,0.0,0.0,0.1,0.22600000000000006
5236f0b3e64b7dcaa144eaeca187eadac3af936a,19.0,0.8732793522267206,0.0,0.28700000000000003,0.0,0.0,0.0,0.079,0.0,0.0,0.004,0.083,0.0,0.0,0.049,0.15400000000000005
3b4f9dfa91b6f1852c35baf79c4a13eacc6112c3,6.0,0.912087912087912,0.0,0.193,0.0,0.0,0.0,0.0,0.0,0.0,0.001,0.077,0.0,0.0,0.002,0.078
3ba88d8c2ab500c07f9e2ddbc07a4bd01fadbd78,18.0,0.8814604077761973,0.0,0.3350000000000001,0.0,0.0,0.0,0.066,0.0,0.0,0.008,0.07300000000000001,0.0,0.0,0.062,0.226
1e09df66f0302958d547037e7258913b3069f2b6,22.0,0.8579710144927538,0.0,0.3550000000000001,0.0,0.0,0.0,0.08600000000000001,0.0,0.0,0.005,0.093,0.0,0.0,0.047,0.14700000000000002
a025d87deb9cc4cda49ae1b77feb0f29805dd7c5,18.0,0.8899952584163109,0.0,0.375,0.0,0.0,0.0,0.08,0.0,0.0,0.011000000000000001,0.085,0.0,0.0,0.064,0.214
8c43a813f98dcd5362c33aff2378ef1cb12252b3,22.0,0.8579710144927538,0.0,0.30500000000000005,0.0,0.0,0.0,0.069,0.0,0.0,0.006999999999999999,0.07800000000000001,0.0,0.0,0.038,0.187
73b52d0d995b8c6091c0e92f8ada03a2753b576a,17.0,0.919327731092437,0.0,0.28300000000000003,0.0,0.0,0.0,0.006999999999999999,0.0,0.0,0.004,0.02,0.0,0.0,0.037000000000000005,0.16399999999999998
65553582d184e18de10e496b0eaa53fbe206ba17,18.0,0.8800379326695117,0.0,0.489,0.0,0.0,0.0,0.07100000000000001,0.0,0.0,0.004,0.08700000000000001,0.0,0.0,0.07400000000000001,0.183
93b659b41c51739628c85014d4d3bab70d6bc61f,18.0,0.8534850640113798,0.0,0.29400000000000004,0.0,0.0,0.0,0.07300000000000001,0.0,0.0,0.006999999999999999,0.08200000000000003,0.0,0.0,0.027999999999999997,0.19200000000000006
15302899d5bd9eb5ca46fcfa897c203b3930cb77,17.0,0.9109243697478993,0.0,0.24,0.0,0.0,0.0,0.006,0.0,0.0,0.004,0.023,0.0,0.0,0.025,0.124
8e7dd7073fb3bced0c49c5e65416436359390197,20.0,0.856445993031359,0.0,0.27,0.0,0.0,0.0,0.079,0.0,0.0,0.005,0.085,0.0,0.0,0.044000000000000004,0.215
551903982def44154dadd88c4dfae71660e80d4f,18.0,0.8933143669985776,0.0,0.29900000000000004,0.0,0.0,0.0,0.07400000000000001,0.0,0.0,0.006999999999999999,0.079,0.0,0.0,0.06100000000000001,0.13699999999999998
1dec69d8df78aee955205d8ae8bed0dfe86056f8,19.0,0.8400809716599188,0.0,0.36,0.0,0.0,0.0,0.078,0.0,0.0,0.006,0.086,0.0,0.0,0.064,0.268
69e10fa70dbf6c7b2e8c707e9654b449544b737c,18.0,0.8824087245139878,0.0,0.3400000000000001,0.0,0.0,0.0,0.084,0.0,0.0,0.006,0.091,0.0,0.0,0.040000000000000015,0.19000000000000006
f1622e2fc63d3b5df69df2960dde2b4a6011e693,18.0,0.8719772403982929,0.0,0.3200000000000001,0.0,0.0,0.001,0.08399999999999999,0.0,0.0,0.011000000000000001,0.096,0.0,0.0,0.038,0.184
3f39a5a48504b2a5cc9934b63f3e03420de1abc5,18.0,0.8677098150782363,0.0,0.273,0.0,0.0,0.0,0.08299999999999999,0.0,0.0,0.006,0.091,0.0,0.0,0.024,0.104
97c3cb4d63c5512e2b596fbe0de6f3709418e157,17.0,0.9473389355742295,0.0,0.27399999999999997,0.0,0.0,0.0,0.002,0.0,0.0,0.005,0.018000000000000002,0.0,0.0,0.033,0.129
a8b6982de98ff76ef254031d7152fff57f6bf941,18.0,0.8952110004741584,0.0,0.29,0.0,0.0,0.0,0.07200000000000001,0.0,0.0,0.008,0.07999999999999999,0.0,0.0,0.027,0.16699999999999998
941f69bfe96753ef30dbb3bb1bdffb72ee8944e0,20.0,0.8703832752613241,0.0,0.29900000000000004,0.0,0.0,0.0,0.08,0.0,0.0,0.006,0.08700000000000001,0.0,0.0,0.031,0.201
b2e37fca64877104cfdad3f56cdc2c8b98cb6be1,20.0,0.8662020905923346,0.0,0.3360000000000001,0.0,0.0,0.002,0.086,0.0,0.0,0.009000000000000001,0.092,0.0,0.0,0.044,0.22699999999999998
50336e64e05f91b6e42fd7b01e419eb826cc7057,19.0,0.791902834008097,0.0,0.30600000000000005,0.0,0.0,0.0,0.07400000000000001,0.0,0.0,0.003,0.08800000000000001,0.0,0.0,0.027000000000000003,0.227
07d990fe2aa7f2991d5b74f96ea2de690514338b,19.0,0.8356275303643724,0.0,0.3250000000000001,0.0,0.0,0.0,0.08,0.0,0.0,0.004,0.09,0.0,0.0,0.043,0.243
cc19d3029ab0db137da0e95cc55c20b131241cf1,20.0,0.8362369337979093,0.0,0.387,0.0,0.0,0.0,0.08800000000000001,0.0,0.0,0.006,0.094,0.0,0.0,0.085,0.305
c3cbe1b64e7f66ff9f9b53f1388eb135e6693187,19.0,0.8858299595141698,0.0,0.3570000000000001,0.0,0.0,0.0,0.08,0.0,0.0,0.009000000000000001,0.093,0.0,0.0,0.06100000000000001,0.23399999999999999
c850608f18d6cf71d96713abed84def85f5bb8fe,22.0,0.8671936758893278,0.0,0.327,0.0,0.0,0.0,0.07400000000000001,0.0,0.0,0.004,0.08199999999999999,0.0,0.0,0.032,0.18899999999999997
6a340521555c392b8f390fd197094e03328d8db0,19.0,0.8902834008097161,0.0,0.3630000000000001,0.0,0.0,0.0,0.08199999999999999,0.0,0.0,0.006999999999999999,0.09000000000000001,0.0,0.0,0.063,0.215
d3b8326ef5d739d8df1de21f4a58bbeb04a2a88a,19.0,0.8680161943319835,0.0,0.2540000000000001,0.0,0.0,0.0,0.067,0.0,0.0,0.003,0.07400000000000001,0.0,0.0,0.036000000000000004,0.15800000000000006
1406292ba194201a0314c1e7f0161f66ffea7335,19.0,0.8785425101214572,0.0,0.502,0.0,0.0,0.0,0.10099999999999999,0.0,0.0,0.006999999999999999,0.109,0.0,0.0,0.057,0.24300000000000005
6ee95c90cb737438b486cae6a199b326b20848d1,19.0,0.8732793522267204,0.0,0.3650000000000001,0.0,0.0,0.0,0.077,0.0,0.0,0.006999999999999999,0.086,0.0,0.0,0.069,0.234
f5ddda0a3ed0c0a8adf4e74dcb230bb609a2717f,20.0,0.8484320557491288,0.0,0.301,0.0,0.0,0.0,0.087,0.0,0.0,0.005,0.091,0.0,0.0,0.055,0.22699999999999998
31be24fb9312af091f7e751b6011b1ed5bb03795,23.0,0.8485198889916744,0.0,0.414,0.0,0.0,0.0,0.095,0.0,0.0,0.001,0.10099999999999999,0.0,0.0,0.028000000000000004,0.244
4c4192d33ff0ee27b9f293658c5a93fbd54e92ac,19.0,0.8906882591093117,0.0,0.3570000000000001,0.0,0.0,0.001,0.081,0.0,0.0,0.011000000000000001,0.094,0.0,0.0,0.07300000000000001,0.223
4eb4f2b2e88a2f9e6c5c1e8d0477060954f24218,23.0,0.8612395929694727,0.0,0.494,0.0,0.0,0.0,0.08800000000000001,0.0,0.0,0.005,0.098,0.0,0.0,0.052000000000000005,0.225
5d00201aec621e81a37447e32baf1a82040ee8e4,19.0,0.9080971659919026,0.0,0.14400000000000002,0.0,0.0,0.0,0.001,0.0,0.0,0.003,0.023000000000000003,0.0,0.0,0.021,0.046
0b8debbcedd32187c48feeda69e3c3d28357cb71,19.0,0.8854251012145747,0.0,0.3890000000000001,0.0,0.0,0.0,0.08,0.0,0.0,0.006,0.08600000000000001,0.0,0.0,0.08199999999999999,0.18899999999999997
6569bb7a3671cb7241c6fcb6e0f1eef7a39f7a1d,26.0,0.8621190130624095,0.0,0.4490000000000001,0.0,0.0,0.0,0.08600000000000001,0.0,0.0,0.003,0.099,0.0,0.0,0.034,0.31
4029b29631731c9bd613fbbaf3efd399192f43bf,19.0,0.8866396761133603,0.0,0.32299999999999995,0.0,0.0,0.0,0.079,0.0,0.0,0.004,0.083,0.0,0.0,0.052000000000000005,0.22
e38b916ba1ebd3f5c00a6b6b8e77a4cdfea2800f,26.0,0.8471214320270924,0.0,0.368,0.0,0.0,0.0,0.086,0.0,0.0,0.001,0.094,0.0,0.0,0.023,0.254
ec48e0cc39d86f95f7b9184aeb1891d721109e55,19.0,0.8736842105263154,0.0,0.406,0.0,0.0,0.001,0.106,0.0,0.0,0.006999999999999999,0.115,0.0,0.0,0.057999999999999996,0.299
00c8d2b7623259246c4eb5df63494c6b42c08f85,19.0,0.8546558704453442,0.0,0.386,0.0,0.0,0.0,0.09000000000000001,0.0,0.0,0.006,0.11100000000000003,0.0,0.0,0.08499999999999999,0.24700000000000005
aa81e10c34f48a3c4ac7160aa90ee18af4f5c0c2,19.0,0.8821862348178136,0.0,0.339,0.0,0.0,0.0,0.077,0.0,0.0,0.004,0.084,0.0,0.0,0.054000000000000006,0.22200000000000006
3b2440a257df45fc49884a5c67bb0c9ce631781d,23.0,0.8487511563367252,0.0,0.3430000000000001,0.0,0.0,0.0,0.08,0.0,0.0,0.003,0.092,0.0,0.0,0.031000000000000007,0.212
d3c582598890d1e5e31e4f26e8452ad2dbf40b47,20.0,0.8327526132404179,0.0,0.359,0.0,0.0,0.0,0.08800000000000001,0.0,0.0,0.005,0.091,0.0,0.0,0.065,0.265
f41efcd0277bd426f1c409f2fe23080926050abf,24.0,0.8244897959183676,0.0,0.3180000000000001,0.0,0.0,0.0,0.08800000000000001,0.0,0.0,0.002,0.09600000000000003,0.0,0.0,0.019,0.23400000000000004
4f5a56459a98e21780d813919da66de9eee91b74,20.0,0.8101045296167247,0.0,0.307,0.0,0.0,0.0,0.084,0.0,0.0,0.004,0.09000000000000001,0.0,0.0,0.043,0.233
84ffc4b73ca48ebe2423eac7a5f7b0aaa6c93aad,19.0,0.8493927125506071,0.0,0.363,0.0,0.0,0.0,0.09600000000000003,0.0,0.0,0.009000000000000001,0.10300000000000002,0.0,0.0,0.067,0.237
01779db81c28933f4bffbfb2d530937a96a23b84,24.0,0.8553061224489796,0.0,0.29400000000000004,0.0,0.0,0.0,0.08199999999999999,0.0,0.0,0.004,0.094,0.0,0.0,0.026,0.22100000000000006
a79d5e287a40634f0e41ee8371a742f57245d4bd,24.0,0.8395918367346941,0.0,0.373,0.0,0.0,0.0,0.08900000000000001,0.0,0.0,0.002,0.10000000000000002,0.0,0.0,0.022000000000000002,0.261
6dc38f26dd31f1a367961f27c56b143cd0462e5a,22.0,0.8397891963109355,0.0,0.4280000000000001,0.0,0.0,0.001,0.08199999999999999,0.0,0.0,0.017,0.138,0.0,0.0,0.07400000000000001,0.28500000000000003
c28e5bf53a9ce9e32ab84ce2e6eba87ec747d1a0,8.0,0.9411764705882352,0.0,0.17700000000000002,0.0,0.0,0.0,0.0,0.0,0.0,0.004,0.012,0.0,0.0,0.034,0.115
2c58e975ab00eb369ee3dfbba07a4a78a1ef9e19,24.0,0.7914285714285714,0.0,0.4330000000000001,0.0,0.0,0.0,0.08800000000000001,0.0,0.0,0.006,0.15600000000000006,0.0,0.0,0.067,0.34800000000000003
4f707008353e272c12a7a6543d6ecfc666a7cc64,20.0,0.8310104529616724,0.0,0.44799999999999995,0.0,0.0,0.001,0.129,0.0,0.0,0.02,0.14500000000000002,0.0,0.0,0.122,0.311
c43e4875338e95bd88fe9fe0ddcc5ba2f4e9c418,20.0,0.8313588850174216,0.0,0.382,0.0,0.0,0.0,0.111,0.0,0.0,0.014000000000000002,0.124,0.0,0.0,0.095,0.253
fcd8807033d27e7591291cd5143d912dd94e09c3,19.0,0.8550607287449391,0.0,0.534,0.0,0.0,0.002,0.157,0.0,0.0,0.028000000000000004,0.17,0.0,0.0,0.16399999999999998,0.3340000000000001
97a270ce61059c876e9ff69261c08c64664bfe13,20.0,0.8334494773519164,0.0,0.5820000000000001,0.0,0.0,0.003,0.183,0.0,0.0,0.03,0.207,0.0,0.0,0.153,0.3850000000000001
f78df946f00cdc9ed2159716b50a785b12b57aca,20.0,0.8324041811846691,0.0,0.44799999999999995,0.0,0.0,0.001,0.131,0.0,0.0,0.023,0.15000000000000002,0.0,0.0,0.121,0.3140000000000001
38d04b7dfc11c37e29548d8b046b9b209dfd1fd3,20.0,0.8470383275261323,0.0,0.457,0.0,0.0,0.001,0.129,0.0,0.0,0.019,0.14300000000000002,0.0,0.0,0.128,0.32799999999999996
2cad0592106c30b04fe328b3989af619dcb6a49c,20.0,0.824390243902439,0.0,0.431,0.0,0.0,0.003,0.131,0.0,0.0,0.024,0.14800000000000002,0.0,0.0,0.12,0.30400000000000005
cd45173d0787948003ffc41bba0ffbd34c915900,20.0,0.8191637630662021,0.0,0.405,0.0,0.0,0.002,0.11599999999999999,0.0,0.0,0.019000000000000003,0.131,0.0,0.0,0.11800000000000002,0.29100000000000004
032c97320f4ca7256a60e7319b6354c62971702c,20.0,0.8066202090592335,0.0,0.551,0.0,0.0,0.005,0.158,0.0,0.0,0.029000000000000005,0.18600000000000005,0.0,0.0,0.14800000000000002,0.3910000000000001
2a9f635f6448f101916e3b723af567149a94ab0b,20.0,0.8362369337979093,0.0,0.463,0.0,0.0,0.004,0.13699999999999998,0.0,0.0,0.028999999999999998,0.16000000000000006,0.0,0.0,0.14200000000000002,0.3170000000000001
1038abfd34a21905e176e6d28f6377c90fce27d7,20.0,0.8292682926829268,0.0,0.451,0.0,0.0,0.003,0.13799999999999998,0.0,0.0,0.02,0.157,0.0,0.0,0.136,0.30900000000000005
188c3be9051e7b2a8012ea1f08ad2b46005f58d5,26.0,0.8382518948556684,0.0,0.39899999999999997,0.0,0.0,0.0,0.1,0.0,0.0,0.001,0.14,0.0,0.0,0.03,0.24800000000000005
69073d98de01dbfc5560068b4d2cd705c5933a4b,23.0,0.8325624421831637,0.0,0.466,0.0,0.0,0.0,0.086,0.0,0.0,0.005,0.151,0.0,0.0,0.09,0.32899999999999996
b919f01e4719631f2621c523d78777ba237be7dd,19.0,0.8016194331983804,0.0,0.366,0.0,0.0,0.0,0.111,0.0,0.0,0.013,0.123,0.0,0.0,0.102,0.255
f44d6e64ac97d4a5c119e3e22f22f4d87c94b7e1,20.0,0.8076655052264808,0.0,0.4330000000000001,0.0,0.0,0.001,0.128,0.0,0.0,0.019000000000000003,0.14500000000000002,0.0,0.0,0.129,0.276
79b1aa4b580534ef6ef7057d5b3b4a8250b8c5e5,19.0,0.8421052631578945,0.0,0.435,0.0,0.0,0.0,0.07700000000000001,0.0,0.0,0.02,0.13,0.0,0.0,0.134,0.28400000000000003
a623db776696c0e03f68e849147f6a0c57063c02,13.0,0.8693528693528694,0.0,0.30600000000000005,0.0,0.0,0.0,0.104,0.0,0.0,0.001,0.105,0.0,0.0,0.019,0.122
c221cc8ab03fe7a88982cdddb9e66cff546d29df,20.0,0.8404181184668991,0.0,0.47100000000000003,0.0,0.0,0.001,0.138,0.0,0.0,0.021,0.15900000000000006,0.0,0.0,0.13,0.30900000000000005
8fecf72da0c9d1d6da7ec1aab0214ff68588da88,21.0,0.8773784355179706,0.0,0.512,0.0,0.0,0.002,0.157,0.0,0.0,0.016,0.16399999999999998,0.0,0.0,0.091,0.3130000000000001
040ce712b73fcb3ff16b7d8dda1246ccd23a6988,22.0,0.8387351778656127,0.0,0.4630000000000001,0.0,0.0,0.0,0.14600000000000002,0.0,0.0,0.015,0.15700000000000006,0.0,0.0,0.08900000000000001,0.30800000000000005
16b2ab8e25e6bea39ae04f9d310331e411fb2e65,19.0,0.8408906882591091,0.0,0.474,0.0,0.0,0.0,0.13699999999999998,0.0,0.0,0.021,0.15100000000000002,0.0,0.0,0.138,0.30300000000000005
83f01fd864e59fa69c894da06f4a15489222d401,24.0,0.8571428571428573,0.0,0.415,0.0,0.0,0.001,0.07600000000000001,0.0,0.0,0.008,0.12100000000000002,0.0,0.0,0.08800000000000001,0.30800000000000005
56a728d482ce0c88cd9513eca1e7c7585f0718f9,20.0,0.807665505226481,0.0,0.424,0.0,0.0,0.0,0.122,0.0,0.0,0.019,0.14,0.0,0.0,0.121,0.30400000000000005
8121d8cfd151ae981f1ce6e21203f2b8c24fcf31,23.0,0.8253931544865865,0.0,0.414,0.0,0.0,0.0,0.113,0.0,0.0,0.006999999999999999,0.128,0.0,0.0,0.079,0.27899999999999997
a5266b14a2b7457e076d5f6429c2197baf5412e4,20.0,0.8212543554006969,0.0,0.43799999999999994,0.0,0.0,0.001,0.126,0.0,0.0,0.022000000000000002,0.14600000000000002,0.0,0.0,0.122,0.28800000000000003
0db39c27585d52fc19084a8090face5249e2bb4c,20.0,0.8257839721254355,0.0,0.392,0.0,0.0,0.002,0.115,0.0,0.0,0.019000000000000003,0.13,0.0,0.0,0.109,0.27699999999999997
38049ce2808cafce3884c25c4613aaaff9f2d0d8,20.0,0.8310104529616724,0.0,0.505,0.0,0.0,0.003,0.141,0.0,0.0,0.025,0.16200000000000006,0.0,0.0,0.121,0.32299999999999995
33deba9579c70e080db29d1efe31297451edf98c,20.0,0.8400696864111498,0.0,0.4780000000000001,0.0,0.0,0.0,0.125,0.0,0.0,0.012,0.136,0.0,0.0,0.12300000000000001,0.316
bae55f9e99afed86b0d30caff999fd40c4268d48,20.0,0.8027874564459933,0.0,0.39799999999999996,0.0,0.0,0.0,0.113,0.0,0.0,0.013,0.126,0.0,0.0,0.102,0.30500000000000005
91afa82cfd285b88999669aa55a725f7c75cc40a,20.0,0.8383275261324041,0.0,0.5680000000000001,0.0,0.0,0.003,0.16899999999999998,0.0,0.0,0.027000000000000003,0.196,0.0,0.0,0.162,0.35800000000000004
07ce1cf7e37591038ed4e1a9ca966ba69350b5d0,20.0,0.8278745644599304,0.0,0.439,0.0,0.0,0.001,0.115,0.0,0.0,0.019,0.133,0.0,0.0,0.116,0.30800000000000005
f229eb960a807dd08c969d861545550456a638e1,20.0,0.8445993031358885,0.0,0.522,0.0,0.0,0.003,0.136,0.0,0.0,0.034,0.16300000000000006,0.0,0.0,0.177,0.3290000000000001
824e82fff399c86cc3b7905ee6a952a848b2e69d,20.0,0.8491289198606271,0.0,0.462,0.0,0.0,0.001,0.119,0.0,0.0,0.022000000000000002,0.13699999999999998,0.0,0.0,0.13,0.306
1fd04fdb7be9ac08369394ef85537ad0ccaa2064,20.0,0.8383275261324041,0.0,0.4270000000000001,0.0,0.0,0.002,0.095,0.0,0.0,0.018000000000000002,0.11200000000000003,0.0,0.0,0.096,0.268
7ba0ee75547878ddccc5ab50777b67c712aa73e4,23.0,0.8556891766882515,0.0,0.5170000000000001,0.0,0.0,0.0,0.126,0.0,0.0,0.009000000000000001,0.14600000000000002,0.0,0.0,0.113,0.29500000000000004
42f17bac873279c4aba648d841258c6df8518302,20.0,0.8623693379790941,0.0,0.482,0.0,0.0,0.001,0.124,0.0,0.0,0.02,0.14,0.0,0.0,0.14400000000000002,0.27399999999999997
3c81151c7b4dd4739b11f0b6aa5eff81c07fd684,20.0,0.8456445993031358,0.0,0.365,0.0,0.0,0.0,0.096,0.0,0.0,0.012,0.104,0.0,0.0,0.08199999999999999,0.185
42c0a0ecf47607d3407f7b5db966160bf98cd30f,23.0,0.8464384828862164,0.0,0.485,0.0,0.0,0.0,0.124,0.0,0.0,0.005,0.134,0.0,0.0,0.07400000000000001,0.227
1203bd459fe137e78a2a6dc2969f3c4995b726ce,20.0,0.851219512195122,0.0,0.48,0.0,0.0,0.0,0.114,0.0,0.0,0.02,0.133,0.0,0.0,0.121,0.24200000000000005
e2ff399dfdb1d4cf4ebb639d1fc2689aa2f6f3eb,25.0,0.8542986425339367,0.0,0.409,0.0,0.0,0.0,0.07400000000000001,0.0,0.0,0.0,0.11600000000000002,0.0,0.0,0.04,0.17500000000000002
ad4a1bee132ee7d1167ac795407345f2bc6a1db8,24.0,0.8663265306122451,0.0,0.376,0.0,0.0,0.0,0.07200000000000001,0.0,0.0,0.005,0.109,0.0,0.0,0.064,0.168
654bc6f981587bd4b39b66702550bad33e1eacc9,25.0,0.8758371040723982,0.0,0.441,0.0,0.0,0.0,0.075,0.0,0.0,0.01,0.124,0.0,0.0,0.069,0.19799999999999995
416ad294fb97f594c05dda7da53733cea59ab0ce,24.0,0.8757142857142859,0.0,0.39299999999999996,0.0,0.0,0.0,0.073,0.0,0.0,0.003,0.11199999999999999,0.0,0.0,0.064,0.207
35bceca331e07938a9c4cd62d68e08740cd39575,6.0,0.978021978021978,0.0,0.183,0.0,0.0,0.0,0.0,0.0,0.0,0.006,0.006,0.0,0.0,0.023,0.023
cde6403a3c881403a7cf06f4d7d087464038daf6,20.0,0.8578397212543555,0.0,0.5100000000000001,0.0,0.0,0.004,0.124,0.0,0.0,0.027999999999999997,0.15700000000000006,0.0,0.0,0.15100000000000002,0.28800000000000003
48f31787f88cfe851aeaf796c6f2809dce380f37,20.0,0.8407665505226481,0.0,0.4480000000000001,0.0,0.0,0.004,0.124,0.0,0.0,0.029,0.14600000000000002,0.0,0.0,0.11800000000000001,0.2500000000000001
9eab14f2c4e581102bb5f8fa9943f7c0ca541016,20.0,0.8581881533101047,0.0,0.562,0.0,0.0,0.004,0.155,0.0,0.0,0.033,0.18000000000000002,0.0,0.0,0.156,0.321
d3f02400eca1c5cbf84212c46cebcff511536655,22.0,0.8579710144927538,0.0,0.451,0.0,0.0,0.002,0.099,0.0,0.0,0.016,0.111,0.0,0.0,0.094,0.187
c63ccf8324539deddab636dd3c8003201024af1a,22.0,0.8798418972332017,0.0,0.5529999999999999,0.0,0.0,0.001,0.119,0.0,0.0,0.026,0.139,0.0,0.0,0.128,0.23199999999999998
5e386d51f396deec5743ca9cc4e3f0e7559d3956,25.0,0.8613574660633483,0.0,0.5009999999999999,0.0,0.0,0.0,0.091,0.0,0.0,0.01,0.132,0.0,0.0,0.07500000000000001,0.214
f71712ba5d28df09c9a5b6e3c8a37f05f5e3372d,25.0,0.8676923076923077,0.0,0.446,0.0,0.0,0.0,0.084,0.0,0.0,0.003,0.124,0.0,0.0,0.065,0.198
aff239790b5344ac99196a931d0d2efc8916156b,24.0,0.8791836734693877,0.0,0.456,0.0,0.0,0.0,0.08600000000000001,0.0,0.0,0.013,0.13,0.0,0.0,0.096,0.20300000000000004
7c8df4ca183550cd1d818b718cd1336a97447775,24.0,0.8659183673469387,0.0,0.49,0.0,0.0,0.0,0.085,0.0,0.0,0.008,0.132,0.0,0.0,0.114,0.21700000000000005
ea1fb65e9ff8eee82c4e379dc3236d09a5ab02e1,26.0,0.8679245283018866,0.0,0.414,0.0,0.0,0.0,0.08,0.0,0.0,0.002,0.119,0.0,0.0,0.048,0.18600000000000005
35e80a779b7908ddcd41a6a7df5f21b30bf999d2,20.0,0.8425087108013938,0.0,0.551,0.0,0.0,0.003,0.156,0.0,0.0,0.027000000000000003,0.18100000000000002,0.0,0.0,0.16600000000000004,0.35
a7749a63871a7deccc33e66a22574e98264ce807,19.0,0.8850202429149796,0.0,0.4750000000000001,0.0,0.0,0.0,0.091,0.0,0.0,0.006999999999999999,0.102,0.0,0.0,0.09300000000000001,0.22700000000000006
590f77e561de567305c5992f6016f1e9af2178ca,9.0,0.8912280701754385,0.0,0.479,0.0,0.0,0.006999999999999999,0.102,0.0,0.0,0.033,0.11899999999999998,0.0,0.0,0.132,0.193
982ce8a3cea6158e22f351527d12853f0bd7050f,19.0,0.8878542510121455,0.0,0.4510000000000001,0.0,0.0,0.0,0.087,0.0,0.0,0.005,0.091,0.0,0.0,0.102,0.236
b185fd76845a9c99e4077bc017d25d65ed58d440,20.0,0.851219512195122,0.0,0.4770000000000001,0.0,0.0,0.0,0.12300000000000001,0.0,0.0,0.023,0.14400000000000002,0.0,0.0,0.136,0.271
c33ba536da04e5b22a1c2740ce38761300dd13a9,20.0,0.9003484320557491,0.0,0.4320000000000001,0.0,0.0,0.0,0.078,0.0,0.0,0.02,0.12,0.0,0.0,0.126,0.19100000000000006
410c15f17dd04588f9f402c8d27cb7a6843f0da7,20.0,0.8498257839721255,0.0,0.4840000000000001,0.0,0.0,0.003,0.122,0.0,0.0,0.026,0.14200000000000002,0.0,0.0,0.139,0.267
51163017325cf175cda594faed991c05e9fdbe77,19.0,0.8765182186234816,0.0,0.5250000000000001,0.0,0.0,0.002,0.136,0.0,0.0,0.027000000000000003,0.14700000000000002,0.0,0.0,0.14800000000000002,0.23100000000000004
4fa93397353a7cd3cf15f9c29c40f8a18fc051e5,6.0,0.989010989010989,0.0,0.235,0.0,0.0,0.0,0.0,0.0,0.0,0.004,0.004,0.0,0.0,0.035,0.035
45111a152d6568c38c268b6460045ad60f7cdeff,25.0,0.849230769230769,0.0,0.5,0.0,0.0,0.0,0.099,0.0,0.0,0.008,0.15400000000000005,0.0,0.0,0.07,0.244
3a81df16aae71eef82e0074cb6e8953aea33dbb0,9.0,0.8456140350877194,0.0,0.368,0.0,0.0,0.004,0.096,0.0,0.0,0.027999999999999997,0.109,0.0,0.0,0.117,0.18
655e3aab5ad477a790f967f563b8d41c1267475b,19.0,0.8327935222672062,0.0,0.4340000000000001,0.0,0.0,0.0,0.113,0.0,0.0,0.021,0.131,0.0,0.0,0.122,0.254
ad23b481e4c40fcc73c1fa59513b5a7ab0e271d6,19.0,0.8307692307692306,0.0,0.55,0.0,0.0,0.002,0.14800000000000002,0.0,0.0,0.034,0.17700000000000002,0.0,0.0,0.153,0.33299999999999996
fe001bcccd29f9659ff375a625fd575c9285ce86,20.0,0.8606271777003485,0.0,0.5390000000000001,0.0,0.0,0.002,0.14200000000000002,0.0,0.0,0.029000000000000005,0.16800000000000004,0.0,0.0,0.16699999999999998,0.3250000000000001
57dbebc884455205ea221f942723a496d399f86a,20.0,0.8567944250871079,0.0,0.5479999999999999,0.0,0.0,0.002,0.133,0.0,0.0,0.025,0.15200000000000002,0.0,0.0,0.15300000000000002,0.30700000000000005
a97672ad240f679f0071e046a119edb6d7dcbb1c,21.0,0.8743581999395954,0.0,0.515,0.0,0.0,0.0,0.132,0.0,0.0,0.016,0.14800000000000002,0.0,0.0,0.11100000000000003,0.22000000000000006
ea00e065f6245a94f87becf7d6ea80c46bc21ef1,21.0,0.8453639383871944,1.0,0.4540000000000001,1.0,0.0,0.006999999999999999,0.12,1.0,0.0,0.014000000000000002,0.135,1.0,1.0,0.1,0.209
f7e2868fa34b96b5c69d583ac36399dcb33fcc41,21.0,0.8471760797342194,0.0,0.48700000000000004,0.0,0.0,0.0,0.124,0.0,0.0,0.013,0.14600000000000002,0.0,0.0,0.092,0.261
35b592536592219f1b7731641726f0c7585039a5,21.0,0.8562367864693449,0.0,0.5890000000000001,0.0,0.0,0.003,0.16699999999999998,0.0,0.0,0.022000000000000002,0.18800000000000006,0.0,0.0,0.122,0.2670000000000001
22a17d24279450e7e214b57beb4c0bda5f3698e5,27.0,0.8590187590187589,0.0,0.529,0.0,0.0,0.0,0.111,0.0,0.0,0.004,0.14900000000000002,0.0,0.0,0.07,0.23000000000000004
c324fabe86c0a59eb635610dc85d8d7a7be25c74,21.0,0.8737541528239204,0.0,0.5379999999999999,0.0,0.0,0.001,0.133,0.0,0.0,0.022000000000000002,0.14900000000000002,0.0,0.0,0.133,0.242
a129f801497f6dc90048fa5cd52672274425cc18,22.0,0.8571805006587615,0.0,0.4580000000000001,0.0,0.0,0.002,0.127,0.0,0.0,0.017,0.14400000000000002,0.0,0.0,0.09800000000000003,0.21100000000000002
d8fb52127f867cdf5171429dac2b812382170dd5,22.0,0.8598155467720686,0.0,0.552,0.0,0.0,0.002,0.14800000000000002,0.0,0.0,0.018000000000000002,0.16399999999999998,0.0,0.0,0.118,0.25
bd789b079038c1b3f41d05f869c244b54840dbca,27.0,0.8499278499278502,0.0,0.649,0.0,0.0,0.0,0.096,0.0,0.0,0.004,0.138,0.0,0.0,0.09699999999999999,0.405
a63fcab33707b7b466fbbf4ce4e7e63d787ba23e,23.0,0.8536077705827937,0.0,1.0959999999999999,0.0,0.0,0.0,0.131,0.0,0.0,0.02,0.15100000000000002,0.0,0.0,0.155,0.81
2b488261f65629bca62d633057566b1dfdd3038a,6.0,0.989010989010989,0.0,0.18600000000000003,0.0,0.0,0.0,0.0,0.0,0.0,0.002,0.002,0.0,0.0,0.029000000000000005,0.029000000000000005
4685bd091a690e219e629687bf84cc6f752eff81,23.0,0.8573080481036076,0.0,1.022,0.0,0.0,0.001,0.135,0.0,0.0,0.019000000000000003,0.653,0.0,0.0,0.15100000000000002,0.726
fb8b60b4d3d202c6fa708f60b8b4a5a53836af24,24.0,0.8720408163265309,0.0,1.367,0.0,0.0,0.001,0.13,0.0,0.0,0.024,0.15400000000000005,0.0,0.0,0.14800000000000002,0.8290000000000001
24de855a1bc860ed8720b9941277e76c4034cf9c,26.0,0.8792130301564263,0.0,2.8469999999999995,0.0,0.0,0.001,0.106,0.0,0.0,0.016,0.14800000000000002,0.0,0.0,0.105,2.227
06159687218f6b9acdcab87ac112dc680867aa7f,23.0,0.8582331174838114,0.0,2.8999999999999995,0.0,0.0,0.002,0.18899999999999997,0.0,0.0,0.022000000000000002,0.207,0.0,0.0,0.16599999999999998,2.273
f3035cafbbd8830de75f641920f8e5dbf0070f7c,22.0,0.8972332015810278,0.0,2.826,0.0,0.0,0.001,0.105,0.0,0.0,0.022,0.14500000000000002,0.0,0.0,0.14900000000000002,2.173
5edd9aed61290b5c6123a0b498e902cc74783430,23.0,0.8545328399629972,0.0,2.6559999999999997,0.0,0.0,0.002,0.147,0.0,0.0,0.021,0.166,0.0,0.0,0.14200000000000002,2.245
a58c8e679c00be9abea4925d3b96c16fd2cd9c64,25.0,0.8613574660633485,0.0,2.6779999999999995,0.0,0.0,0.0,0.131,0.0,0.0,0.006,0.135,0.0,0.0,0.096,2.094
2d340db5b1ba48079b3bad81a5ffe7c9c7ac26e0,25.0,0.8865158371040724,0.0,2.78,0.0,0.0,0.002,0.136,0.0,0.0,0.013999999999999999,0.141,0.0,0.0,0.124,2.2340000000000004
adb7a15a1e2dd6742a25592602a6e8ee77b518b6,8.0,0.9950980392156864,0.0,0.425,0.0,0.0,0.0,0.0,0.0,0.0,0.001,0.001,0.0,0.0,0.019,0.019
1ece207d4d14336c405e9e3c2edee3f1cf88d14d,13.0,0.8766788766788768,0.0,0.532,0.0,0.0,0.0,0.002,0.0,0.0,0.005,0.014,0.0,0.0,0.02,0.11100000000000003
4d78e0316e1eae331bc0b460f367ce878688d6d2,6.0,0.7582417582417583,0.0,0.15500000000000005,0.0,0.0,0.003,0.003,0.0,0.0,0.01,0.13,0.0,0.0,0.013999999999999999,0.14800000000000002
f75f47397836ba2127f06c8390a87eada369f7cc,18.0,0.8605974395448082,0.0,2.716,0.0,0.0,0.003,0.155,0.0,0.0,0.067,0.25,0.0,0.0,0.215,2.215
aeaf3c1a03fe4d5bfda4d63824a1f97dcec42e74,26.0,0.8409933881631994,0.0,2.6979999999999995,0.0,0.0,0.0,0.14200000000000002,0.0,0.0,0.016,0.17600000000000002,0.0,0.0,0.131,2.177
1d7e6fa1c5fb974bdae7abeabbb1e5a48dc00967,22.0,0.8719367588932805,0.0,2.738,0.0,0.0,0.002,0.15400000000000005,0.0,0.0,0.039000000000000014,0.17,0.0,0.0,0.181,2.165
b8411990753314ed3b746d3402dec5a65ff6d603,13.0,0.8498168498168498,0.0,0.581,0.0,0.0,0.0,0.025,0.0,0.0,0.002,0.032,0.0,0.0,0.023,0.10099999999999999
8808e3fbc5a8f25970c151d076636ad05798ff9d,26.0,0.8408321238509919,0.0,2.627,0.0,0.0,0.0,0.113,0.0,0.0,0.014000000000000002,0.14800000000000002,0.0,0.0,0.099,2.1319999999999992
e38af6a351cef738885cb61fed828d9c9f6ec5a1,30.0,0.8849286092014811,0.0,2.933000000000001,0.0,0.0,0.0,0.129,0.0,0.0,0.014,0.16699999999999998,0.0,0.0,0.13,2.27
6f9013beaf53ab0786c4587505d1ba1f76e5eb99,30.0,0.8789000528820731,0.0,2.73,0.0,0.0,0.0,0.12,0.0,0.0,0.006,0.15500000000000005,0.0,0.0,0.1,2.1699999999999995
9cb4bf068e6e76836b5fa740d7bcc2bb058a14e5,18.0,0.8496917970602181,0.0,2.59,0.0,0.0,0.002,0.165,0.0,0.0,0.05800000000000001,0.263,0.0,0.0,0.21800000000000005,2.135
c3f8caa7c16c08b803b0f34bfffdf9777c7e382c,27.0,0.8728715728715728,0.0,2.674,0.0,0.0,0.0,0.038000000000000006,0.0,0.0,0.016,0.18000000000000002,0.0,0.0,0.11800000000000001,2.117
3e4b76b6bbfc0ae1681d197dfacb3bf5afe0a5c1,25.0,0.8553846153846153,0.0,2.7190000000000003,0.0,0.0,0.002,0.15,0.0,0.0,0.034,0.183,0.0,0.0,0.149,2.1910000000000003
e6af571528c55832a015202ac4d8db9fc424d362,27.0,0.8668109668109669,0.0,2.806,0.0,0.0,0.0,0.06200000000000001,0.0,0.0,0.018000000000000002,0.165,0.0,0.0,0.163,2.226
b001b304826d33f8f2b34fc7f14a931d9a97cf8a,27.0,0.8679653679653678,0.0,2.7359999999999998,0.0,0.0,0.0,0.059,0.0,0.0,0.016,0.16899999999999998,0.0,0.0,0.141,2.178
c07c0eead5ec708303b7bfb54c28df2e7cad19e9,30.0,0.8906398730830251,0.0,2.715,0.0,0.0,0.0,0.051,0.0,0.0,0.013,0.162,0.0,0.0,0.116,2.116
4c142cacf4d92b2214b3858e033d518ecdbf57f5,25.0,0.8517647058823531,0.0,2.805,0.0,0.0,0.002,0.157,0.0,0.0,0.028,2.114,0.0,0.0,0.168,2.2229999999999994
87b54a51777248440947c91ec43652b771c42dc6,25.0,0.8441628959276016,0.0,2.705,0.0,0.0,0.001,0.159,0.0,0.0,0.03,2.055,0.0,0.0,0.155,2.2179999999999995
f627193ce0950f0d55ed1b4f6a2fe9973447853a,30.0,0.8829190904283449,0.0,2.8489999999999998,0.0,0.0,0.0,0.027000000000000003,0.0,0.0,0.017,0.16699999999999998,0.0,0.0,0.133,2.256
f9307ec96a894191e5d3782601ddb49fbfc53ea6,27.0,0.8844155844155847,0.0,2.7370000000000005,0.0,0.0,0.0,0.05,0.0,0.0,0.016,0.159,0.0,0.0,0.15000000000000002,2.173
45c54996c4e8d74cf84304e767934ff584c24702,25.0,0.8539366515837106,0.0,2.7710000000000004,0.0,0.0,0.002,0.14800000000000002,0.0,0.0,0.027999999999999997,0.16900000000000004,0.0,0.0,0.14400000000000002,2.23
df272b77c2cf89e9cbe2512bbddf8a3bc28a704b,7.0,0.9214285714285712,0.0,0.499,0.0,0.0,0.0,0.03,0.0,0.0,0.006,0.031,0.0,0.0,0.063,0.063
e5210d1f9ef4f1d41ff0a8c4a2ab8e9192d5e087,7.0,0.9,0.0,0.436,0.0,0.0,0.0,0.026,0.0,0.0,0.0,0.026,0.0,0.0,0.043,0.043
b92b4f6b9b3256e97bfb6a0732bf113b6da53a4c,14.0,0.8798029556650245,0.0,0.6379999999999999,0.0,0.0,0.0,0.028,0.0,0.0,0.012,0.09300000000000001,0.0,0.0,0.06000000000000001,0.498
f1110a9021c2caa28cbe3177c0c3a0f5ae326eb4,26.0,0.8595387840670857,0.0,2.82,0.0,0.0,0.002,0.15700000000000006,0.0,0.0,0.023,2.135,0.0,0.0,0.12300000000000001,2.26
2c4e79b104c0ff32566ce247617d47c0b39cc2c7,27.0,0.8441558441558443,0.0,3.519000000000001,0.0,0.0,0.001,0.162,0.0,0.0,0.027000000000000003,0.18800000000000006,0.0,0.0,0.183,2.9800000000000004
1028b37a1dfbc5dda7b18cbe692ab168c54fb505,22.0,0.8461133069828722,0.0,3.4259999999999997,0.0,0.0,0.003,0.15300000000000002,0.0,0.0,0.055000000000000014,2.696,0.0,0.0,0.196,2.858
f37e6481d3acf115bfe09a699b6b20b93522f944,10.0,0.9506493506493506,0.0,0.45799999999999996,0.0,0.0,0.0,0.0,0.0,0.0,0.008,0.032,0.0,0.0,0.048,0.057
e0f9c5fbb3961ab3a5baacabbde85a2569abed65,10.0,0.9324675324675326,0.0,0.5140000000000001,0.0,0.0,0.0,0.001,0.0,0.0,0.004,0.033,0.0,0.0,0.052000000000000005,0.06200000000000001
0f7e0cc373aced32629f5321c9521f81d8248647,28.0,0.8798288825512058,0.0,3.355999999999999,0.0,0.0,0.001,0.05,0.0,0.0,0.023,0.16900000000000004,0.0,0.0,0.157,2.809
3c699bad0467bec4adc55666f0d02e312ab22a60,10.0,0.9168831168831171,0.0,0.6050000000000001,0.0,0.0,0.0,0.0,0.0,0.0,0.009000000000000001,0.049,0.0,0.0,0.07100000000000001,0.087
e9feec90dbd3e428dc1930c3b5efbd9271160d01,7.0,0.914285714285714,0.0,0.544,0.0,0.0,0.0,0.04,0.0,0.0,0.01,0.04,0.0,0.0,0.07300000000000001,0.07300000000000001
f25170a35a57d8cdc63b49f74eeb1b8041516490,10.0,0.948051948051948,0.0,0.505,0.0,0.0,0.0,0.001,0.0,0.0,0.003,0.048,0.0,0.0,0.048,0.07500000000000001
18ef323541f6c369824e0c726b2be55880ec36da,7.0,0.9357142857142856,0.0,0.52,0.0,0.0,0.0,0.0,0.0,0.0,0.003,0.031,0.0,0.0,0.058,0.057999999999999996
834c81bb55d7ccdc0d7b158595ad7aa92db6ed8b,26.0,0.8522818900177391,0.0,2.8400000000000003,0.0,0.0,0.003,0.16699999999999998,0.0,0.0,0.031000000000000007,2.16,0.0,0.0,0.15300000000000002,2.247
04f0ab3bf48a4ea1247fa9619b34cac6f6049a6a,29.0,0.8661601402688488,0.0,3.5390000000000006,0.0,0.0,0.001,0.064,0.0,0.0,0.017,0.183,0.0,0.0,0.138,2.8770000000000007
bf6667c439a1fa29ea50d531b65633ffe150d16b,26.0,0.8464763747782614,0.0,3.41,0.0,0.0,0.001,0.149,0.0,0.0,0.024,2.7220000000000004,0.0,0.0,0.14,2.7930000000000006
850a9cc02fb72cc450d1a9dc41912fa80fee9020,33.0,0.8841886822571634,0.0,3.384,0.0,0.0,0.0,0.022,0.0,0.0,0.006999999999999999,0.159,0.0,0.0,0.087,2.752
e38dfd44829e13ee83fd62bfe937580f5a998c11,28.0,0.8621985999481463,0.0,3.512,0.0,0.0,0.001,0.201,0.0,0.0,0.021,0.215,0.0,0.0,0.157,2.9189999999999996
f1b885d238d8576d91d71a09f8658358dd846921,29.0,0.8708357685564001,0.0,3.205,0.0,0.0,0.0,0.05,0.0,0.0,0.01,0.156,0.0,0.0,0.106,2.733
77966f79996f3fc4c7828b4d02a926c071faf040,26.0,0.8464763747782614,0.0,3.4469999999999987,0.0,0.0,0.003,0.17600000000000002,0.0,0.0,0.033,2.719,0.0,0.0,0.17600000000000002,2.8199999999999994
6be19a6fa26e6e5e3d716283bad4b5de0348a8b7,26.0,0.8714723431704563,0.0,3.4679999999999995,0.0,0.0,0.003,0.15,0.0,0.0,0.037000000000000005,2.734,0.0,0.0,0.158,2.849
bdf1df7eb3ca76cdcdaca38f7df5d941bbb1c664,14.0,0.8512315270935958,0.0,0.599,0.0,0.0,0.0,0.001,0.0,0.0,0.012,0.1,0.0,0.0,0.06100000000000001,0.48700000000000004
20ec85e678bb20d5988491d50789811ed1ee9eca,28.0,0.8806066891366348,0.0,3.419,0.0,0.0,0.002,0.065,0.0,0.0,0.026,0.204,0.0,0.0,0.17600000000000002,2.898000000000001
59f10777132745ec84eefad77dcabd2109947e97,28.0,0.8813844957220638,0.0,3.512,0.0,0.0,0.001,0.057,0.0,0.0,0.021,0.16899999999999998,0.0,0.0,0.165,2.88
eec4cf3503d226272642c7507686e96870307dfb,26.0,0.8603451056281243,0.0,3.4290000000000003,0.0,0.0,0.0,0.053000000000000005,0.0,0.0,0.028000000000000004,2.6990000000000003,0.0,0.0,0.15100000000000002,2.7920000000000003
ae99d7ebaa7ce4e8446150ce4ccbad4646433f8f,14.0,0.8689655172413792,0.0,0.589,0.0,0.0,0.0,0.033,0.0,0.0,0.012,0.08900000000000001,0.0,0.0,0.057999999999999996,0.49200000000000005
16491229eeee7cea72d35ff0de6ed7302fd088de,14.0,0.8847290640394088,0.0,0.585,0.0,0.0,0.001,0.002,0.0,0.0,0.012,0.11,0.0,0.0,0.06100000000000001,0.459
c8c05694da5489221c27e45a5e49d0f5fcb41863,33.0,0.8861840529970472,0.0,3.3950000000000005,0.0,0.0,0.0,0.002,0.0,0.0,0.006,0.15000000000000002,0.0,0.0,0.08900000000000001,2.819
105f7bdcdbfffc879d0737cf857c02b6823b1b73,33.0,0.8782025700375131,0.0,3.4250000000000003,0.0,0.0,0.0,0.02300000000000001,0.0,0.0,0.009000000000000001,0.15600000000000006,0.0,0.0,0.085,2.8400000000000003
ae7d21635654f1e93e4b732983d633af46f53b73,33.0,0.8605634926969432,0.0,3.534,0.0,0.0,0.0,0.026,0.0,0.0,0.006,0.16699999999999998,0.0,0.0,0.106,2.986
4d104721d96baaa6a6c28d2b472a37f631227f46,26.0,0.8705047572972101,0.0,3.4769999999999994,0.0,0.0,0.003,0.066,0.0,0.0,0.034,2.733,0.0,0.0,0.18000000000000002,2.8160000000000003
1933e9727c694863d6b7a9bb98682b560510d212,26.0,0.8646992420577325,0.0,3.446,0.0,0.0,0.001,0.059000000000000004,0.0,0.0,0.036000000000000004,0.184,0.0,0.0,0.17300000000000001,2.8629999999999995
426ffe7870b937ef9cfa25ebe20e7a478493da99,27.0,0.8474747474747475,1.0,3.364999999999999,1.0,0.0,0.025,0.024,1.0,0.0,0.033,0.15500000000000005,1.0,0.0,0.129,2.8119999999999994
