timestamp,mode,algo,model_name,episodes,steps,cycle_id,training_time,testing_time,winsize,test_cases,failed_test_cases, apfd, nrpa, random_apfd, optimal_apfd
15/08/2021 06:59:27,pairwise,ACER,pairwise_ACER_0_0,200,18611,520a90cd2d3da4461981c64168335956dee1ab70,27168.787,1996.489,4,25,0,0,0.8204524886877828,0,0
15/08/2021 07:00:11,pairwise,ACER,pairwise_ACER_0_1,200,28219,ce4e287b9887bc02c0b64bd835911318ee4d6a30,39922.813,1799.833,4,8,0,0,0.8578431372549019,0,0
15/08/2021 07:00:24,pairwise,ACER,pairwise_ACER_0_2,200,6400,0f93c9c4702d09bc62edefaafa942de17fab9cad,8903.108,2004.239,4,17,0,0,0.9529411764705882,0,0
15/08/2021 07:00:52,pairwise,ACER,pairwise_ACER_0_3,200,17297,bc9a2eadae0ed29d8e7c1b84334bb0b7448fb16a,23918.024,1780.288,4,26,0,0,0.9324302531849702,0,0
15/08/2021 07:01:31,pairwise,ACER,pairwise_ACER_0_4,200,29642,946906fa75640fe86ef47f4224753ced947d704e,35651.559,2025.223,4,18,0,0,0.9630156472261735,0,0
15/08/2021 07:01:58,pairwise,ACER,pairwise_ACER_0_5,200,18611,285689c0b8064922e4f9fac46d46f62020f08de0,23147.851,1714.1950000000002,4,24,0,0,0.9542857142857143,0,0
15/08/2021 07:02:35,pairwise,ACER,pairwise_ACER_0_6,200,26807,365ff75ff55bcd6923b17dfae1424682e82136f1,33095.723,2081.827,4,19,0,0,0.9874493927125506,0,0
15/08/2021 07:03:03,pairwise,ACER,pairwise_ACER_0_7,200,19942,23a3e65e042b71d28b9a19ddef68cf6424eff05d,24581.93,1833.8600000000001,4,21,1,0.880952380952381,0.9643612201751737,0.1666666666666667,0.9761904761904762
15/08/2021 07:03:35,pairwise,ACER,pairwise_ACER_0_8,200,22647,f6d8ca7625db82bba378fea98c8d03e5d84d729b,28484.114,2042.728,4,18,0,0,0.9928876244665719,0,0
15/08/2021 07:04:04,pairwise,ACER,pairwise_ACER_0_9,200,18611,c3f0ccfdeb6a416879556fb28e29efe7bde0afb7,24856.953,1903.429,4,18,0,0,0.9853010905642484,0,0
15/08/2021 07:04:33,pairwise,ACER,pairwise_ACER_0_10,200,18611,48bd1a230d7e85dc0ad44aedd37e918cf72ee440,25704.939,1763.191,4,24,0,0,0.9948979591836735,0,0
15/08/2021 07:05:11,pairwise,ACER,pairwise_ACER_0_11,200,26807,b5b2bbfaef1857ffd4585b95203fcb906c8d6f37,34437.479,1809.6689999999999,4,18,0,0,0.9971550497866287,0,0
15/08/2021 07:05:45,pairwise,ACER,pairwise_ACER_0_12,200,18611,0d38d7a02700e8dca0ab23530c307debd1c66d72,29956.745,1592.911,4,15,0,0,0.9911290322580645,0,0
15/08/2021 07:06:13,pairwise,ACER,pairwise_ACER_0_13,200,14720,e59eb1c2b417f8dfd522b0200028b54212bb3dce,23992.362,1829.694,4,21,0,0,0.9939595288432498,0,0
15/08/2021 07:06:50,pairwise,ACER,pairwise_ACER_0_14,200,22647,daaf6739cf536dffb8c6c15a51a1e55f9bca63dd,33205.373,1850.132,4,19,0,0,0.9971659919028341,0,0
15/08/2021 07:07:24,pairwise,ACER,pairwise_ACER_0_15,200,19942,d82b61930727b8468fd74a3dca22951768880505,30289.584,1728.5549999999998,4,22,0,0,0.9989459815546772,0,0
15/08/2021 07:08:03,pairwise,ACER,pairwise_ACER_0_16,200,24021,3cc54a1def3c0425164579abe238c955c4cdcf50,36455.555,1586.837,4,8,0,0,1.0,0,0
15/08/2021 07:08:22,pairwise,ACER,pairwise_ACER_0_17,200,6400,67723a52184412b02558073713c171c3e87ca932,15393.709,1679.708,4,6,0,0,0.989010989010989,0,0
15/08/2021 07:08:41,pairwise,ACER,pairwise_ACER_0_18,200,4301,b3277e8921ff4232925fc483c4040080ab7c0d34,14746.097,1724.549,4,18,0,0,0.9995258416311048,0,0
15/08/2021 07:09:14,pairwise,ACER,pairwise_ACER_0_19,200,18611,7d70fc7db447238fd5c45b75f9e90a608c496830,30086.994,1691.464,4,19,0,0,0.9874493927125506,0,0
15/08/2021 07:09:50,pairwise,ACER,pairwise_ACER_0_20,200,19942,6689b114a1f55e770c10ea8cf34dcce9c55d2d0d,31949.408,1612.025,4,12,0,0,0.9984615384615385,0,0
15/08/2021 07:10:15,pairwise,ACER,pairwise_ACER_0_21,200,11003,d57909ea8f329dbfbd278107368d70a99d9233b8,21624.094,1681.52,4,12,0,0,0.9984615384615385,0,0
15/08/2021 07:10:42,pairwise,ACER,pairwise_ACER_0_22,200,11003,f9734f166b60d22c362a8a6bcdd997c7ffab09e9,23464.672,1791.482,4,12,0,0,0.9969230769230769,0,0
15/08/2021 07:11:10,pairwise,ACER,pairwise_ACER_0_23,200,11003,f612fb4ed34455a96ba8b254556cd02ddd3cb0f9,23497.1,1757.1399999999999,4,9,0,0,0.9964912280701754,0,0
15/08/2021 07:11:36,pairwise,ACER,pairwise_ACER_0_24,200,7505,aecc4a114b5a8872a6cbdf031c714088371a0500,23052.794,1700.6779999999999,4,21,2,0.047619047619047644,0.945635759589248,0.7380952380952381,0.9285714285714286
15/08/2021 07:12:16,pairwise,ACER,pairwise_ACER_0_25,200,22647,5080b02b99ce09bbc99b2c41f2b0111c3b1619d6,36311.305,2102.415,4,19,0,0,0.9817813765182186,0,0
15/08/2021 07:12:54,pairwise,ACER,pairwise_ACER_0_26,200,19942,38daf5f7e6ebcb54bc9e4a6f7c1b0b1065c88785,34031.073,1875.6,4,22,0,0,0.9815546772068511,0,0
15/08/2021 07:13:36,pairwise,ACER,pairwise_ACER_0_27,200,24021,17c15d18c5cf6393a48daf25e163035e3f212aa8,38938.451,1775.1979999999999,4,22,0,0,0.9965744400527009,0,0
15/08/2021 07:14:19,pairwise,ACER,pairwise_ACER_0_28,200,24021,91ae7281eb21504cb6d18610eb62c6b770cbc915,39314.555,1691.989,4,21,1,0.9761904761904762,0.9978858350951374,0.11904761904761904,0.9761904761904762
15/08/2021 07:15:01,pairwise,ACER,pairwise_ACER_0_29,200,22647,1abc36480e7b2557c30489569bba78c64efb47c0,38075.676,1728.8490000000002,4,18,0,0,0.9976292081555239,0,0
15/08/2021 07:15:38,pairwise,ACER,pairwise_ACER_0_30,200,18611,08120801f544e8f4645c67525687c8146b14921b,34374.403,1744.719,4,21,0,0,0.9969797644216248,0,0
15/08/2021 07:16:22,pairwise,ACER,pairwise_ACER_0_31,200,22647,5dbbfae23af96a2fdee0274b33a37a92c9ee64db,39809.425,1784.306,4,21,0,0,0.9978858350951374,0,0
15/08/2021 07:17:04,pairwise,ACER,pairwise_ACER_0_32,200,22647,7d6d43a201725d827115538ca5144db9b94e767d,39087.849,1659.155,4,6,0,0,0.967032967032967,0,0
15/08/2021 07:17:28,pairwise,ACER,pairwise_ACER_0_33,200,4301,86f721d59042d27d53b403a1c542f62fb5bd10a1,20337.985,1731.612,4,18,0,0,0.9924134660976767,0,0
15/08/2021 07:18:07,pairwise,ACER,pairwise_ACER_0_34,200,18611,77c9da6ad5d5e036573db9a70d0f6c38508a01c7,35513.97,1639.492,4,18,0,0,0.9810336652441916,0,0
15/08/2021 07:18:46,pairwise,ACER,pairwise_ACER_0_35,200,18611,960f444361fd9a11d4e55c5a10e79159fa3b0575,36173.885,1693.663,4,6,0,0,0.967032967032967,0,0
15/08/2021 07:19:12,pairwise,ACER,pairwise_ACER_0_36,200,4301,343ed974ba7158593b8effbd19884280a489c3bc,22032.161,1697.4940000000001,4,18,0,0,0.9938359412043622,0,0
15/08/2021 07:19:52,pairwise,ACER,pairwise_ACER_0_37,200,18611,c1180140e355aa3193a8cf89997920e9e31e5ce3,36977.091,1827.013,4,24,0,0,0.9938775510204082,0,0
15/08/2021 07:20:43,pairwise,ACER,pairwise_ACER_0_38,200,26807,71b3870b1d41431e7d50c8064c1a90749cb071b4,46831.185,1687.712,4,18,0,0,0.9952584163110479,0,0
15/08/2021 07:21:24,pairwise,ACER,pairwise_ACER_0_39,200,18611,904b369c2e8057bf86bba5febdfae2f0fef20ecc,38040.788,1742.991,4,17,0,0,0.9971988795518207,0,0
15/08/2021 07:22:04,pairwise,ACER,pairwise_ACER_0_40,200,17297,bbc96e045d28f78d6a1ef671ab05a75de79e6ff7,36848.23,1789.645,4,18,0,0,0.9966808914177335,0,0
15/08/2021 07:22:46,pairwise,ACER,pairwise_ACER_0_41,200,18611,162cb898742e8a989f19f1c44c6ee9fba4881238,38327.129,1695.797,4,24,0,0,0.9977551020408163,0,0
15/08/2021 07:23:42,pairwise,ACER,pairwise_ACER_0_42,200,26807,fb1b18a435f81473f71674cd92ea229f571d3875,51437.15,1733.871,4,6,0,0,0.967032967032967,0,0
15/08/2021 07:24:10,pairwise,ACER,pairwise_ACER_0_43,200,4301,2d5b7e573985f18229e3b9db68b201a0f6d5db47,25097.992,1780.634,4,21,0,0,0.9909392932648746,0,0
15/08/2021 07:24:58,pairwise,ACER,pairwise_ACER_0_44,200,22647,66d4eee3ca8b44e0ad61bc5b79d8cef8ddffca86,44672.824,1790.549,4,24,0,0,0.9989795918367347,0,0
15/08/2021 07:25:52,pairwise,ACER,pairwise_ACER_0_45,200,26807,1164949a44fe01dc6bfaabd5a9e85f1d82ecf500,50824.481,1665.204,4,22,0,0,0.9936758893280633,0,0
15/08/2021 07:26:41,pairwise,ACER,pairwise_ACER_0_46,200,24021,8d160b76e1580fa4557e611dec9509c70c859345,45545.448,1760.6509999999998,4,24,0,0,0.9989795918367347,0,0
15/08/2021 07:27:33,pairwise,ACER,pairwise_ACER_0_47,200,26807,14f44889f1b7c2a962a263761febd2904ab5ea3c,47705.103,1796.74,4,22,0,0,0.9920948616600791,0,0
15/08/2021 07:28:24,pairwise,ACER,pairwise_ACER_0_48,200,24021,81db966e88f7caed3e96cccf73080725f014f3bf,47804.674,1817.3519999999999,4,25,0,0,0.998552036199095,0,0
15/08/2021 07:29:19,pairwise,ACER,pairwise_ACER_0_49,200,28219,1448daf4d2f66561dd7fbd3e78a5f1f6838be574,51751.083,1755.577,4,24,0,0,0.9953061224489796,0,0
15/08/2021 07:30:16,pairwise,ACER,pairwise_ACER_0_50,200,26807,aea135cdf6d8b778da3faa9df79c4a4963039e62,53064.023,1750.687,4,22,0,0,0.991304347826087,0,0
15/08/2021 07:31:08,pairwise,ACER,pairwise_ACER_0_51,200,24021,b6fb998bdd5aef25acc8e30f36f0d8384b7e2534,48800.412,1746.979,4,12,0,0,1.0,0,0
15/08/2021 07:31:47,pairwise,ACER,pairwise_ACER_0_52,200,11003,9490035e9e5fe9f40a6d88ce9eaa2ccfdfac2e81,35650.077,1679.153,4,18,0,0,0.9914651493598862,0,0
15/08/2021 07:32:36,pairwise,ACER,pairwise_ACER_0_53,200,18611,60af644f51898980eeec433a88f13323ee432aad,44552.209,1782.8319999999999,4,28,0,0,0.9911848586984703,0,0
15/08/2021 07:33:40,pairwise,ACER,pairwise_ACER_0_54,200,32521,0a3eb8faaad2e0218ce9afa704ea6a80befeb15b,61374.789,1700.386,4,8,0,0,0.9950980392156863,0,0
15/08/2021 07:34:20,pairwise,ACER,pairwise_ACER_0_55,200,6400,cb79747a2faf0eed1f74262c82faaafdd3f5f658,36553.143,1729.754,4,22,0,0,0.9910408432147563,0,0
15/08/2021 07:35:15,pairwise,ACER,pairwise_ACER_0_56,200,24021,e63680bcc76ffdc17f70664316d28dcc9536259b,51031.698,1552.405,4,24,0,0,0.9889795918367347,0,0
15/08/2021 07:36:17,pairwise,ACER,pairwise_ACER_0_57,200,26807,5e4b66caac7cd888f642d4b05e7c7ca8f0a55c58,59382.171,1879.24,4,33,0,0,0.9952111102242797,0,0
15/08/2021 07:37:30,pairwise,ACER,pairwise_ACER_0_58,200,39893,b3f566a8f48eaa383d4eda0cf3670d78512f2f51,68566.811,1726.0230000000001,4,6,0,0,1.0,0,0
15/08/2021 07:38:05,pairwise,ACER,pairwise_ACER_0_59,200,4301,706bfd1c996d8a604149ff51ff8f57484c31a967,31991.055,1726.562,4,23,0,0,0.9990749306197965,0,0
15/08/2021 07:39:03,pairwise,ACER,pairwise_ACER_0_60,200,25408,c67b2555e8d0262b8000253f260ab70e16702a9f,54012.554,1791.443,4,23,0,0,0.9993061979648473,0,0
15/08/2021 07:39:59,pairwise,ACER,pairwise_ACER_0_61,200,25408,86a27f28db4f2f95c8add274607e7900cf43ca94,52767.467,1614.551,4,26,0,0,0.998871149814546,0,0
15/08/2021 07:41:02,pairwise,ACER,pairwise_ACER_0_62,200,29642,62be24884cf2d4c4f02359a21856364dabf549f2,59480.816,1725.8490000000002,4,19,0,0,0.9987854251012146,0,0
15/08/2021 07:41:56,pairwise,ACER,pairwise_ACER_0_63,200,19942,76f3060f0275dae8f756af3524f20c6c0ca90d78,50785.37,1745.663,4,26,0,0,0.9938719561361071,0,0
15/08/2021 07:43:00,pairwise,ACER,pairwise_ACER_0_64,200,29642,ae3635bdf7c69f93321090947d16439fe253436b,60812.453,1738.3429999999998,4,19,0,0,0.9842105263157894,0,0
15/08/2021 07:43:54,pairwise,ACER,pairwise_ACER_0_65,200,19942,4abc40ba55e0ad3fb50ae4bb85bf902641a53e32,50370.182,1721.879,4,19,0,0,0.9914979757085021,0,0
15/08/2021 07:44:49,pairwise,ACER,pairwise_ACER_0_66,200,19942,42ce2260820bf403c9be18f7f5a2916352d50edb,50928.096,1785.4070000000002,4,19,0,0,0.9939271255060729,0,0
15/08/2021 07:45:45,pairwise,ACER,pairwise_ACER_0_67,200,19942,ea87bf62ba71739b4c51a795c2c2b63f937276c2,52248.681,1726.1970000000001,4,6,0,0,1.0,0,0
15/08/2021 07:46:24,pairwise,ACER,pairwise_ACER_0_68,200,4301,6e08b1eff82156f2f49462d518506b10eb35e026,35682.939,1704.359,4,9,0,0,1.0,0,0
15/08/2021 07:47:07,pairwise,ACER,pairwise_ACER_0_69,200,7505,9cb2a91ceba0992e058c3ed72e7e36382053cb9e,39576.442,1708.221,4,19,0,0,0.9947368421052631,0,0
15/08/2021 07:48:04,pairwise,ACER,pairwise_ACER_0_70,200,19942,ce8f13e2c3beca58d9ecda75ca8914683b594acd,53462.736,1732.809,4,8,0,0,1.0,0,0
15/08/2021 07:48:46,pairwise,ACER,pairwise_ACER_0_71,200,6400,0f916b75820f628917bb2ed1dfe0feb12464cb83,38208.505,1792.751,4,27,0,0,0.9975468975468975,0,0
15/08/2021 07:49:55,pairwise,ACER,pairwise_ACER_0_72,200,31076,37267443e8a485023dee6ba10bc39fd2b20a21aa,65202.552,1601.4270000000001,4,9,0,0,1.0,0,0
15/08/2021 07:50:39,pairwise,ACER,pairwise_ACER_0_73,200,7505,dbc6d7a8052beb63caa593a1573f4a11f7fe1fb6,40953.062,1710.112,4,20,0,0,0.9954703832752613,0,0
15/08/2021 07:51:38,pairwise,ACER,pairwise_ACER_0_74,200,21287,1da84dfa6adbb768a14622788914dcff9ca430b8,54962.1,1833.854,4,26,0,0,0.9954845992581841,0,0
15/08/2021 07:52:48,pairwise,ACER,pairwise_ACER_0_75,200,29642,9bc280d12872821ccc53d78dd858d48697ca565c,66814.655,1732.036,4,23,0,0,0.9960684551341351,0,0
15/08/2021 07:53:53,pairwise,ACER,pairwise_ACER_0_76,200,25408,46577e5e93f5d16b1f7a45054b664e9682db749c,61465.189,1794.596,4,20,0,0,0.9986062717770035,0,0
15/08/2021 07:54:53,pairwise,ACER,pairwise_ACER_0_77,200,21287,ab93d5fff8e25a5a034e7a78e6658596af7ad9b2,56439.457,1737.242,4,20,0,0,0.9986062717770035,0,0
15/08/2021 07:55:55,pairwise,ACER,pairwise_ACER_0_78,200,21287,743b3582ecb4760eefa8e940201363c4ffb031b7,57849.833,1829.798,4,27,0,0,0.9984126984126984,0,0
15/08/2021 07:57:07,pairwise,ACER,pairwise_ACER_0_79,200,31076,f1396d558029b744a5deb4e5429775dd3b486b06,68142.693,1753.528,4,21,0,0,0.9963757173059499,0,0
15/08/2021 07:58:11,pairwise,ACER,pairwise_ACER_0_80,200,22647,c4c658836b62e8130a87b3eac0556fbfa9e40ce6,60955.663,1625.71,4,19,0,0,0.9967611336032388,0,0
15/08/2021 07:59:14,pairwise,ACER,pairwise_ACER_0_81,200,19942,38dfc2ea6560d10041266fde9fb4676f1c6cf751,58508.671,1782.911,4,21,0,0,0.9978858350951374,0,0
15/08/2021 08:00:17,pairwise,ACER,pairwise_ACER_0_82,200,22647,8185a80ed1253b205374f2daf266125eb00b2a1d,59768.965,1774.746,4,21,0,0,0.9984898822108125,0,0
15/08/2021 08:01:22,pairwise,ACER,pairwise_ACER_0_83,200,22647,0b8d1f43425b3906027809bcfe900ab5e0aa892c,61307.51,1680.182,4,21,0,0,0.9960736937481124,0,0
15/08/2021 08:02:28,pairwise,ACER,pairwise_ACER_0_84,200,22647,08469ba28b58c1f4dc7bf69cf84e4822c37715fb,61976.873,1815.0410000000002,4,21,0,0,0.9975838115372999,0,0
15/08/2021 08:03:33,pairwise,ACER,pairwise_ACER_0_85,200,22647,39f12121e6413ac90f2602f8f82b735baa8b9218,61920.955,1694.6480000000001,4,20,0,0,0.9933797909407666,0,0
15/08/2021 08:04:36,pairwise,ACER,pairwise_ACER_0_86,200,21287,9d374872f31eac64a55b537bad7290e7bfdc9600,59727.621,1787.4479999999999,4,20,0,0,0.997212543554007,0,0
15/08/2021 08:05:43,pairwise,ACER,pairwise_ACER_0_87,200,21287,943bb45f9dc0b2281cec92d4152294246f41af03,63145.774,1719.0729999999999,4,21,0,0,0.9960736937481124,0,0
15/08/2021 08:06:49,pairwise,ACER,pairwise_ACER_0_88,200,22647,9c9aadfbd59aa49474cf1143ce27e4af727bb337,62427.655,1745.4769999999999,4,20,0,0,0.9930313588850174,0,0
15/08/2021 08:07:56,pairwise,ACER,pairwise_ACER_0_89,200,21287,cda75a5a4d97524ecd4d5222cf762ba3d89ee866,63338.429,1766.9679999999998,4,20,0,0,0.9937282229965156,0,0
15/08/2021 08:09:01,pairwise,ACER,pairwise_ACER_0_90,200,21287,fae51859eae723194f65a45079e580f1ded9896e,61463.33,1764.203,4,26,0,0,0.997258506692469,0,0
15/08/2021 08:10:17,pairwise,ACER,pairwise_ACER_0_91,200,29642,e3e1568b9d9ff69c3b05d9c0127cc7aaea61a712,72079.923,1679.55,4,23,0,0,0.9946808510638298,0,0
15/08/2021 08:11:29,pairwise,ACER,pairwise_ACER_0_92,200,25408,bba114648afa4e5bcf948c364005525671697047,69142.628,1710.586,4,19,0,0,0.9967611336032388,0,0
15/08/2021 08:12:35,pairwise,ACER,pairwise_ACER_0_93,200,19942,efbc0467b0247ba433f40d8a3faf25aa69ca3183,62168.011,1771.2559999999999,4,21,0,0,0.9969797644216248,0,0
15/08/2021 08:13:44,pairwise,ACER,pairwise_ACER_0_94,200,22647,0a343f03bde50643e161d3efcbde8c3103813928,65718.499,1661.761,4,22,0,0,0.9992094861660079,0,0
15/08/2021 08:14:54,pairwise,ACER,pairwise_ACER_0_95,200,24021,c0b6550bbb6fd8c1d3d83728110f91a5b346e93b,65860.134,1821.406,4,21,0,0,0.9960736937481124,0,0
15/08/2021 08:16:05,pairwise,ACER,pairwise_ACER_0_96,200,22647,e6a3b94191332d59dfbd335b8eed39cf8814c49d,67061.753,1623.141,4,19,0,0,0.9967611336032388,0,0
15/08/2021 08:17:12,pairwise,ACER,pairwise_ACER_0_97,200,19942,a5b68b8c635c544c12c8913d9867bb314d8fd390,63703.563,1770.638,4,30,0,0,0.9968270756213644,0,0
15/08/2021 08:18:38,pairwise,ACER,pairwise_ACER_0_98,200,35441,723a18872588533166f2308c910862b559bad492,82062.902,1792.018,4,26,1,0.7115384615384616,0.997258506692469,-0.05769230769230764,0.9423076923076924
15/08/2021 08:19:57,pairwise,ACER,pairwise_ACER_0_99,200,29642,17e170c0ea1ac6699bc7f4390abf1712c35cf3f2,75923.534,1883.1689999999999,4,26,0,0,0.9887114981454604,0,0
15/08/2021 08:21:17,pairwise,ACER,pairwise_ACER_0_100,200,29642,9591215d81e40d90a97d08d2e026cb24321b5cc6,76032.371,1710.117,4,19,0,0,0.9987854251012146,0,0
15/08/2021 08:22:27,pairwise,ACER,pairwise_ACER_0_101,200,19942,5b0b88042800d0635261ce22a8759c05ef4b4bbf,65939.31,1771.885,4,26,0,0,0.9993549427511692,0,0
15/08/2021 08:23:47,pairwise,ACER,pairwise_ACER_0_102,200,29642,c89a42007ec08de9469cc2cc0df2ee0f7d89b025,76541.045,1715.386,4,26,0,0,0.9980648282535075,0,0
15/08/2021 08:25:06,pairwise,ACER,pairwise_ACER_0_103,200,29642,fd97f828f9260a0abab0c40cd6c61596c84c0982,75818.01,1701.3980000000001,4,26,0,0,0.9940332204483148,0,0
15/08/2021 08:26:27,pairwise,ACER,pairwise_ACER_0_104,200,29642,b7d9a3ba003f6ff6036be2fdf02693ca3a00d990,77375.911,1743.4679999999998,4,19,0,0,0.9955465587044534,0,0
15/08/2021 08:27:37,pairwise,ACER,pairwise_ACER_0_105,200,19942,fdad34ec464a91754d773cb828b9e5d9c2f29e5f,66295.072,1699.067,4,30,0,0,0.9945002644103649,0,0
15/08/2021 08:29:05,pairwise,ACER,pairwise_ACER_0_106,200,35441,f1ab610ebc362d87229a2a26aaa2580d618929a7,84804.21,1764.005,4,21,0,0,0.99879190576865,0,0
15/08/2021 08:30:19,pairwise,ACER,pairwise_ACER_0_107,200,22647,05468fdfc03ec00f3f786eb2166a1cfeff12072b,70654.491,1765.7930000000001,4,19,0,0,0.9987854251012146,0,0
15/08/2021 08:31:32,pairwise,ACER,pairwise_ACER_0_108,200,19942,0e2a559f1249c4f25b52655181039417d81538f8,68784.755,1892.091,4,19,0,0,0.9991902834008097,0,0
15/08/2021 08:32:45,pairwise,ACER,pairwise_ACER_0_109,200,19942,28ab04d52cfb862bef829ade0a96c58f5f2647db,69312.29,1671.9160000000002,4,19,0,0,0.9983805668016195,0,0
15/08/2021 08:33:57,pairwise,ACER,pairwise_ACER_0_110,200,19942,84ebf679404aac26316ef637d7aa65af8c00b36e,68688.421,1682.9160000000002,4,19,0,0,0.9995951417004049,0,0
15/08/2021 08:35:10,pairwise,ACER,pairwise_ACER_0_111,200,19942,b1f0d1ced9fa3a3d10db3de8ba65e1b62960fe76,69471.832,1775.557,4,26,0,0,0.9991936784389615,0,0
15/08/2021 08:36:33,pairwise,ACER,pairwise_ACER_0_112,200,29642,afdcc23252ef6843f4abc12e303218fb1868ddde,79709.115,1802.841,4,21,0,0,0.9972817879794624,0,0
15/08/2021 08:37:50,pairwise,ACER,pairwise_ACER_0_113,200,22647,d49a59358cd023f4d9cd36bda4a755b3f74479cf,72614.389,1761.588,4,19,0,0,0.9987854251012146,0,0
15/08/2021 08:39:05,pairwise,ACER,pairwise_ACER_0_114,200,19942,07fe1ba98f8a906090ba1959706e288a578adab7,71163.715,1754.585,4,23,0,0,0.9990749306197965,0,0
15/08/2021 08:40:25,pairwise,ACER,pairwise_ACER_0_115,200,25408,7d31fc624c75af712de6d66cc0fa2b56697ca0c5,76004.783,1779.132,4,23,0,0,0.9990749306197965,0,0
15/08/2021 08:41:47,pairwise,ACER,pairwise_ACER_0_116,200,25408,e8dc4cd6c1ee14fcecb3c3b03871174241344f0e,78456.184,1727.432,4,22,0,0,0.9989459815546772,0,0
15/08/2021 08:43:06,pairwise,ACER,pairwise_ACER_0_117,200,24021,89b7cfa0400bd3e7f20459aa6163784a5872cc9f,75942.565,1762.3310000000001,4,23,0,0,0.9983811285846439,0,0
15/08/2021 08:44:29,pairwise,ACER,pairwise_ACER_0_118,200,25408,6a590ae72b1bbb20d40db3096242e45d32079dff,79075.322,1759.01,4,19,0,0,0.9995951417004049,0,0
15/08/2021 08:45:45,pairwise,ACER,pairwise_ACER_0_119,200,19942,f5d96e6e622f8c4f193cc8c4f47494401c587e80,72819.644,1704.556,4,20,0,0,0.9986062717770035,0,0
15/08/2021 08:47:06,pairwise,ACER,pairwise_ACER_0_120,200,21287,0b7db21d62c808aabe54c30c91d4f5eba1b5cc71,77553.775,1635.193,4,24,0,0,0.9995918367346939,0,0
15/08/2021 08:48:31,pairwise,ACER,pairwise_ACER_0_121,200,26807,6acf08a4b32592ab4f2f04b3e7e872d7f1e09df1,81048.608,1729.022,4,20,0,0,0.9975609756097561,0,0
15/08/2021 08:49:50,pairwise,ACER,pairwise_ACER_0_122,200,21287,0e494c83d9e19893073876e1445390ca28a6ce5c,75333.997,1744.761,4,19,0,0,0.9971659919028341,0,0
15/08/2021 08:51:09,pairwise,ACER,pairwise_ACER_0_123,200,19942,0c09d26f979c7ac95f6431ae65e3fcc02f4f6fa7,75516.357,1633.5520000000001,4,21,0,0,0.99879190576865,0,0
15/08/2021 08:52:31,pairwise,ACER,pairwise_ACER_0_124,200,22647,ac986bb70c395c59006c898c3c0ba6bb8f665f83,78294.035,1714.167,4,22,0,0,0.9984189723320158,0,0
15/08/2021 08:53:53,pairwise,ACER,pairwise_ACER_0_125,200,24021,fea0601a44b204d25b1cb92b126e2cece83e98ea,78908.818,1635.953,4,22,0,0,0.9997364953886693,0,0
15/08/2021 08:55:19,pairwise,ACER,pairwise_ACER_0_126,200,24021,4a0c996498a28d7d6ff04909aa5cc6d3cc49583f,82757.238,1756.963,4,21,0,0,0.9993959528843249,0,0
15/08/2021 08:56:42,pairwise,ACER,pairwise_ACER_0_127,200,22647,d5414e5fd84e86bd1cc8383c000f8d1c36aa54d7,79101.002,1717.854,4,19,0,0,0.9991902834008097,0,0
15/08/2021 08:58:02,pairwise,ACER,pairwise_ACER_0_128,200,19942,cdc86fd94802df5c2a85825ee235480ab8fb7476,76290.147,1756.3,4,19,0,0,0.9983805668016195,0,0
15/08/2021 08:59:23,pairwise,ACER,pairwise_ACER_0_129,200,19942,0defa1a2147bc78383c64e28fb856b8d9ee35577,77103.462,1675.511,4,22,0,0,0.9997364953886693,0,0
15/08/2021 09:00:48,pairwise,ACER,pairwise_ACER_0_130,200,24021,c847ba07604edc13911182f4363c385a4185cf72,81918.896,1736.1799999999998,4,22,0,0,0.9992094861660079,0,0
15/08/2021 09:02:14,pairwise,ACER,pairwise_ACER_0_131,200,24021,fd3352a291384677ed3f44622e2a3ba5b71d218f,81872.238,1684.642,4,19,0,0,0.9991902834008097,0,0
15/08/2021 09:03:36,pairwise,ACER,pairwise_ACER_0_132,200,19942,e8ae7ad8598dc04603128d00cd8609daa9b201b8,78372.932,1736.355,4,13,0,0,0.9987789987789988,0,0
15/08/2021 09:04:52,pairwise,ACER,pairwise_ACER_0_133,200,12221,dfe79f0ecfd021ce630070e7dacb47c994d52cb9,72479.18,1757.9009999999998,4,22,0,0,0.9960474308300395,0,0
15/08/2021 09:06:20,pairwise,ACER,pairwise_ACER_0_134,200,24021,2f3789b64098d9d507649efe25f91eb5f49f8595,84592.629,1718.618,4,22,0,0,0.9989459815546772,0,0
15/08/2021 09:07:48,pairwise,ACER,pairwise_ACER_0_135,200,24021,1a49cb8dc946df1dbc2cfbcfa86d96dfaaceea96,83850.681,1771.103,4,19,0,0,0.9979757085020243,0,0
15/08/2021 09:09:10,pairwise,ACER,pairwise_ACER_0_136,200,19942,8b538e06e24aec9a7d1b9cb59db943eea0d1bcaf,79257.359,1706.9389999999999,4,28,0,0,0.9990925589836661,0,0
15/08/2021 09:10:47,pairwise,ACER,pairwise_ACER_0_137,200,32521,db953c9e143638396149d167ba36be0c89a7c586,93414.001,1745.962,4,22,0,0,0.9994729907773386,0,0
15/08/2021 09:12:16,pairwise,ACER,pairwise_ACER_0_138,200,24021,f767055b1106fabc6e62ba1a9015bda5116872ad,85425.247,1826.069,4,23,0,0,0.9921369102682701,0,0
15/08/2021 09:13:48,pairwise,ACER,pairwise_ACER_0_139,200,25408,a1e5a3493c7a7e8e7b0dc9659c61316b87795aed,88304.925,1641.763,4,23,0,0,0.994218316373728,0,0
15/08/2021 09:15:19,pairwise,ACER,pairwise_ACER_0_140,200,25408,1fed47346207edb4701b7350595d2f07f29856eb,87295.724,1723.766,4,22,0,0,0.9989459815546772,0,0
15/08/2021 09:16:50,pairwise,ACER,pairwise_ACER_0_141,200,24021,51ee38a5a4f8e46aa61f6ed680b7ba0b41c37498,87011.478,1763.152,4,23,0,0,0.9990749306197965,0,0
15/08/2021 09:18:21,pairwise,ACER,pairwise_ACER_0_142,200,25408,55c3c84fa1f25db940aa0da6bd579e2b9f93d306,88066.477,1712.858,4,22,0,0,0.9989459815546772,0,0
15/08/2021 09:19:53,pairwise,ACER,pairwise_ACER_0_143,200,24021,79195aec7a226a72f376f0ab36c069399fb68ce8,87721.316,1769.2350000000001,4,22,0,0,0.9986824769433466,0,0
15/08/2021 09:21:24,pairwise,ACER,pairwise_ACER_0_144,200,24021,b2865326396ccad5ae7ee4a112f5305ef4725826,87988.102,1743.547,4,22,0,0,0.9994729907773386,0,0
15/08/2021 09:22:56,pairwise,ACER,pairwise_ACER_0_145,200,24021,ff6d4be7b7d39421fa2182b02342f241e527064d,88862.537,1675.08,4,19,0,0,0.9995951417004049,0,0
15/08/2021 09:24:24,pairwise,ACER,pairwise_ACER_0_146,200,19942,0c50f2ef9cc40c060ba2e6f9d1ec6f49cbd9154a,84404.772,1757.979,4,26,2,-4.769230769230769,0.9101757781003064,-4.019230769230769,0.7500000000000001
15/08/2021 09:26:03,pairwise,ACER,pairwise_ACER_0_147,200,29642,c01a4c231e8dd7fd4bf31a6797d4c94001f5d3f0,95129.712,1722.654,4,26,0,0,0.9996774713755846,0,0
15/08/2021 09:27:41,pairwise,ACER,pairwise_ACER_0_148,200,29642,1a4c7cb5b4b6be73deceee691193a1b793ae8b7d,93907.058,1763.051,4,26,0,0,0.9987098855023383,0,0
15/08/2021 09:29:20,pairwise,ACER,pairwise_ACER_0_149,200,29642,0d84fed8453bf157dee126f5b5add334c15b12d9,95856.661,1735.63,4,19,0,0,0.9959514170040485,0,0
15/08/2021 09:30:50,pairwise,ACER,pairwise_ACER_0_150,200,19942,7726344c39966652f26cf29fc4f4da916d2a7bbb,86370.581,1636.841,4,19,0,0,0.9963562753036437,0,0
15/08/2021 09:32:20,pairwise,ACER,pairwise_ACER_0_151,200,19942,72a37c02b18c71092fdfc22d19390d72321d4307,87077.876,1712.77,4,22,0,0,0.9989459815546772,0,0
15/08/2021 09:33:58,pairwise,ACER,pairwise_ACER_0_152,200,24021,0acde9eb180e1eb1644ba10285fe13926880fc99,93337.611,1759.471,4,23,0,0,0.9993061979648473,0,0
15/08/2021 09:35:35,pairwise,ACER,pairwise_ACER_0_153,200,25408,754e33dd56c0ff831253026502b8e5170a4c5682,93984.635,1759.6570000000002,4,19,0,0,0.9975708502024292,0,0
15/08/2021 09:37:07,pairwise,ACER,pairwise_ACER_0_154,200,19942,7bce35ad6a7a85c3092446af2b6d567ec6563ffd,88034.217,1788.35,4,26,0,0,0.998871149814546,0,0
15/08/2021 09:38:49,pairwise,ACER,pairwise_ACER_0_155,200,29642,ba3eacf6a8d9e397e5a711375ba3593520375f52,99329.567,1779.152,4,22,0,0,0.9963109354413702,0,0
15/08/2021 09:40:27,pairwise,ACER,pairwise_ACER_0_156,200,24021,ba5b25653aa013633ceee92a53f212298ea0111c,93827.78,1706.496,4,21,0,0,0.9942615524010873,0,0
15/08/2021 09:42:02,pairwise,ACER,pairwise_ACER_0_157,200,22647,5930a940ba26293954ede3011ddd5d189c431769,91559.203,1658.208,4,23,0,0,0.9979185938945421,0,0
15/08/2021 09:43:40,pairwise,ACER,pairwise_ACER_0_158,200,25408,bf8e1c572279837ea510e403ca8e85735d2a9a3c,94101.41,1757.386,4,20,0,0,0.9954703832752613,0,0
15/08/2021 09:45:17,pairwise,ACER,pairwise_ACER_0_159,200,21287,7e91586b91dabc1e76cb887ba84bf3fecf2c0b99,93530.537,1673.248,4,19,0,0,0.9951417004048583,0,0
15/08/2021 09:46:54,pairwise,ACER,pairwise_ACER_0_160,200,19942,41b91ac8449abdc9a731425d5e26edb0fa5b2ac1,93287.664,1679.904,4,23,0,0,0.9986123959296948,0,0
15/08/2021 09:48:38,pairwise,ACER,pairwise_ACER_0_161,200,25408,21eeb363bdfad32ab1940cb53cd7552de207c388,100717.651,1758.155,4,23,0,0,0.9988436632747456,0,0
15/08/2021 09:50:20,pairwise,ACER,pairwise_ACER_0_162,200,25408,12f12ffd81a9b1fe12e0c195ed94788cf5586bae,98542.899,1766.934,4,19,0,0,0.9963562753036437,0,0
15/08/2021 09:51:59,pairwise,ACER,pairwise_ACER_0_163,200,19942,e96418df83d91c091e24df108a85cf8487479c03,95779.294,1645.585,4,22,0,0,0.9989459815546772,0,0
15/08/2021 09:53:43,pairwise,ACER,pairwise_ACER_0_164,200,24021,4d7d8761aa281c1b2c46383e6d0b2ffbd2e9be49,100110.227,1706.336,4,24,0,0,0.9977551020408163,0,0
15/08/2021 09:55:26,pairwise,ACER,pairwise_ACER_0_165,200,26807,8d5ce68b429635910f67e9ffd6c0d4e0d2ef9965,99716.783,1666.726,4,22,0,0,0.9989459815546772,0,0
15/08/2021 09:57:08,pairwise,ACER,pairwise_ACER_0_166,200,24021,66732e91235c65fb5d2dc15aafd58c33507fa94f,98572.749,1708.685,4,21,0,0,0.99879190576865,0,0
15/08/2021 09:58:48,pairwise,ACER,pairwise_ACER_0_167,200,22647,85fa102bdee30f52b722cae984dc85e14f954454,95967.495,1739.1480000000001,4,22,0,0,0.9994729907773386,0,0
15/08/2021 10:00:31,pairwise,ACER,pairwise_ACER_0_168,200,24021,f40a1d049d54d872c3ab3a6276bc7ab932d2769e,99331.633,1751.938,4,21,0,0,0.9981878586529749,0,0
15/08/2021 10:02:12,pairwise,ACER,pairwise_ACER_0_169,200,22647,1f6c548ca49eaf7753d22dec121afc3d66e5d8fc,97645.693,1758.949,4,29,0,0,0.9985973115137347,0,0
15/08/2021 10:04:05,pairwise,ACER,pairwise_ACER_0_170,200,33976,eeac11ae6533f295ba7468f00c0f74a5ea74e715,109207.511,1613.0140000000001,4,12,0,0,0.9923076923076923,0,0
15/08/2021 10:05:35,pairwise,ACER,pairwise_ACER_0_171,200,11003,9cb47fda43737394e70e85c637677436542026cd,85810.059,1836.194,4,30,0,0,0.9989423585404548,0,0
15/08/2021 10:07:31,pairwise,ACER,pairwise_ACER_0_172,200,35441,e2e4f43167a68f70e58e26ff378cc899a849b4d1,113119.05,1678.725,4,12,0,0,0.9984615384615385,0,0
15/08/2021 10:09:02,pairwise,ACER,pairwise_ACER_0_173,200,11003,33481b2e04654a02543cebcafbcfc59297d13ea0,87040.809,1675.5819999999999,4,9,0,0,0.9473684210526315,0,0
15/08/2021 10:10:31,pairwise,ACER,pairwise_ACER_0_174,200,7505,cc4113149b045de11ec64e9c49d8faaeccedadee,85447.382,1745.952,4,27,0,0,0.9987012987012988,0,0
15/08/2021 10:12:22,pairwise,ACER,pairwise_ACER_0_175,200,31076,594d5026625aab10fedb335b4e56cc49ec0af4e6,107066.977,1668.524,4,26,0,0,0.9990324141267537,0,0
15/08/2021 10:14:13,pairwise,ACER,pairwise_ACER_0_176,200,29642,b1c15ef34985f0653746e94dec3beef7d3d316ff,107917.729,1644.454,4,12,0,0,0.9984615384615385,0,0
15/08/2021 10:15:47,pairwise,ACER,pairwise_ACER_0_177,200,11003,8b0545b024946fb5e32f52f788a3fc8e1283a2df,89799.759,1687.946,4,19,0,0,0.9987854251012146,0,0
15/08/2021 10:17:29,pairwise,ACER,pairwise_ACER_0_178,200,19942,0247201d7aca655f331e9220a89da97faa90eec7,98525.471,1731.5430000000001,4,19,0,0,0.9987854251012146,0,0
15/08/2021 10:19:10,pairwise,ACER,pairwise_ACER_0_179,200,19942,46d06c36091b6e5f09092f6d6147cbf126806f5d,97421.769,1713.749,4,19,0,0,0.9975708502024292,0,0
15/08/2021 10:20:57,pairwise,ACER,pairwise_ACER_0_180,200,19942,13ee98e196fba64d4991bdbb135d7015830dc391,103689.775,1828.741,4,26,0,0,0.9964521851314304,0,0
15/08/2021 10:22:51,pairwise,ACER,pairwise_ACER_0_181,200,29642,5740f85c8e69e7787bc960d5e4157df5b201edea,111074.082,1695.699,4,13,0,0,1.0,0,0
15/08/2021 10:24:29,pairwise,ACER,pairwise_ACER_0_182,200,12221,ac938b514644a080041fe352736693f61afdb1dd,93789.564,1786.257,4,22,0,0,0.9989459815546772,0,0
15/08/2021 10:26:17,pairwise,ACER,pairwise_ACER_0_183,200,24021,15fad90f56b7174c6ef0fd034a48dffe12b2c9bf,104865.722,1670.8110000000001,4,13,0,0,0.9987789987789988,0,0
15/08/2021 10:27:53,pairwise,ACER,pairwise_ACER_0_184,200,12221,e9320f8f7028e7f4c7b0aebd2b9e4d0810d0ffa0,92635.93,1623.19,4,13,0,0,0.9975579975579976,0,0
15/08/2021 10:29:31,pairwise,ACER,pairwise_ACER_0_185,200,12221,69f4e257b38f7dcbfa18ce1701af96d03ea51f1a,93730.206,1683.3719999999998,4,20,0,0,0.9986062717770035,0,0
15/08/2021 10:31:19,pairwise,ACER,pairwise_ACER_0_186,200,21287,1dd791910aa2f0b2162462544d6cd2219d8e5465,104810.982,1670.72,4,24,0,0,0.9983673469387755,0,0
15/08/2021 10:33:12,pairwise,ACER,pairwise_ACER_0_187,200,26807,558ce35574c113171829bf8db32cadec124b27f6,108834.183,1728.1,4,12,0,0,0.9984615384615385,0,0
15/08/2021 10:34:49,pairwise,ACER,pairwise_ACER_0_188,200,11003,a36d271e373f41ce62446162c1757f3770b6762a,93670.474,1741.751,4,19,0,0,0.9987854251012146,0,0
15/08/2021 10:36:37,pairwise,ACER,pairwise_ACER_0_189,200,19942,eec57cb7717b48f23aa2f4d7911eaca3ae996e01,105139.945,1762.204,4,19,0,0,0.9979757085020243,0,0
15/08/2021 10:38:26,pairwise,ACER,pairwise_ACER_0_190,200,19942,2a59d46404b52b65f4c1b96bf970c4ce91e4443f,105278.288,1737.8890000000001,4,32,0,0,0.9979020979020979,0,0
15/08/2021 10:40:35,pairwise,ACER,pairwise_ACER_0_191,200,38400,e203b5848996e358d55fa7f39c1c00a832db80b3,125343.641,1635.259,4,19,0,0,0.9971659919028341,0,0
15/08/2021 10:42:22,pairwise,ACER,pairwise_ACER_0_192,200,19942,7b52bb4ae9856c42d39b1485ac727931377e5173,103023.05,1737.1689999999999,4,19,0,0,0.9991902834008097,0,0
15/08/2021 10:44:10,pairwise,ACER,pairwise_ACER_0_193,200,19942,855e7814188a670be140d7415dd88d1d26836ae7,105005.901,1788.449,4,19,0,0,0.9983805668016195,0,0
15/08/2021 10:45:58,pairwise,ACER,pairwise_ACER_0_194,200,19942,6c1a7b2fae99bfb0897fce8b71016591bad689a8,103917.33,1646.326,4,19,0,0,0.9955465587044534,0,0
15/08/2021 10:47:48,pairwise,ACER,pairwise_ACER_0_195,200,19942,1b573631a48ec31cdf4571265f206bfdb8511a91,106847.912,1630.9940000000001,4,19,0,0,0.9987854251012146,0,0
15/08/2021 10:49:39,pairwise,ACER,pairwise_ACER_0_196,200,19942,0d29d83198ea1597a9c996e38b57fa0c77f847f6,108074.793,1757.857,4,21,0,0,0.9978858350951374,0,0
15/08/2021 10:51:38,pairwise,ACER,pairwise_ACER_0_197,200,22647,60fd95efbbdca75915a028bce571bb82a1f26275,115021.081,1770.431,4,19,0,0,0.9947368421052631,0,0
15/08/2021 10:53:33,pairwise,ACER,pairwise_ACER_0_198,200,19942,00e9318b082ca026e8c09f4954f192ce66f39aad,110827.023,1784.5839999999998,4,19,0,0,0.9967611336032388,0,0
15/08/2021 10:55:27,pairwise,ACER,pairwise_ACER_0_199,200,19942,36b62e2e63c66abcb4c8310f890570acd0bbba2f,110752.885,1694.8029999999999,4,19,0,0,0.9983805668016195,0,0
15/08/2021 10:57:21,pairwise,ACER,pairwise_ACER_0_200,200,19942,108c9877933b4158c0188a1c9673d18671380f94,110404.754,1670.975,4,23,1,0.021739130434782608,0.9405642923219242,0.3695652173913043,0.9782608695652174
15/08/2021 10:59:21,pairwise,ACER,pairwise_ACER_0_201,200,25408,a7d0b9cd6b376e0368bab736cace14e7cc1e263c,115979.001,1702.384,4,19,0,0,1.0,0,0
15/08/2021 11:01:13,pairwise,ACER,pairwise_ACER_0_202,200,19942,21d07c73a28c971d185d0dc3fa23dabafee2a454,108546.175,1724.6779999999999,4,19,0,0,0.9951417004048583,0,0
15/08/2021 11:03:05,pairwise,ACER,pairwise_ACER_0_203,200,19942,069aeb018bd0503823227a3096e156dff6b0436e,108843.067,1678.866,4,22,0,0,0.9986824769433466,0,0
15/08/2021 11:05:03,pairwise,ACER,pairwise_ACER_0_204,200,24021,c60ab938a45c4a526bfaabe636bfdb0f4bc6a83b,113512.36,1658.1799999999998,4,23,0,0,0.9976873265494912,0,0
15/08/2021 11:07:03,pairwise,ACER,pairwise_ACER_0_205,200,25408,2b36f86bc2b6e0cd8ea0b0f6aabad6b06d0a824e,116346.478,1666.112,4,19,0,0,0.994331983805668,0,0
15/08/2021 11:08:58,pairwise,ACER,pairwise_ACER_0_206,200,19942,cec18ebae47df55083090b2d106deb79ac6e2ddc,112082.429,1676.938,4,21,0,0,0.9906372697070371,0,0
15/08/2021 11:10:55,pairwise,ACER,pairwise_ACER_0_207,200,22647,726afe0cb88fe0cb75f4856a927e875e2ebc93cf,113564.534,1725.8519999999999,4,22,0,0,0.9986824769433466,0,0
15/08/2021 11:12:55,pairwise,ACER,pairwise_ACER_0_208,200,24021,ef408a7405e5a224055d71a30420b15b93bb9908,116098.633,1693.888,4,22,0,0,0.9984189723320158,0,0
15/08/2021 11:14:56,pairwise,ACER,pairwise_ACER_0_209,200,24021,b003c5996c0315e2f7f4533c25321123f0d56923,116871.723,1738.299,4,22,0,0,0.997364953886693,0,0
15/08/2021 11:16:57,pairwise,ACER,pairwise_ACER_0_210,200,24021,25e463d0d8b0162e338ecdda9324a310f575e97e,117449.757,1739.2069999999999,4,23,0,0,0.9875115633672525,0,0
15/08/2021 11:18:59,pairwise,ACER,pairwise_ACER_0_211,200,25408,05e78f3de79026e6586373490ccd2c1256ef9a91,118556.699,1671.9940000000001,4,22,0,0,0.9976284584980237,0,0
15/08/2021 11:21:00,pairwise,ACER,pairwise_ACER_0_212,200,24021,05d22a153b6ed8137d7c7e90902da857d219bd58,117454.893,1818.913,4,22,0,0,0.9963109354413702,0,0
15/08/2021 11:23:09,pairwise,ACER,pairwise_ACER_0_213,200,24021,ba18555dbd833cc542b9382fa42c56a5416854a7,125413.405,1735.1660000000002,4,19,0,0,0.9983805668016195,0,0
15/08/2021 11:25:05,pairwise,ACER,pairwise_ACER_0_214,200,19942,b01e9f34d14f5976ac325482677e1be6b87280fc,112628.405,1693.158,4,19,0,0,0.9971659919028341,0,0
15/08/2021 11:27:06,pairwise,ACER,pairwise_ACER_0_215,200,19942,b10b5730d5ffece330336ba29e37b87919aa58fa,117095.526,1778.911,4,19,0,0,0.9955465587044534,0,0
15/08/2021 11:29:05,pairwise,ACER,pairwise_ACER_0_216,200,19942,ff86d1b89ea38665ea93cd43b60db7504bcd1ffd,116080.125,1705.6799999999998,4,19,0,0,0.9963562753036437,0,0
15/08/2021 11:31:07,pairwise,ACER,pairwise_ACER_0_217,200,19942,b76e9f4456a16926deda91a30504e7738d56d857,118968.161,1820.899,4,21,0,0,0.9652672908486862,0,0
15/08/2021 11:33:12,pairwise,ACER,pairwise_ACER_0_218,200,22647,1038a2aed2077844557631031bf36a21d62b7a54,121189.803,1773.8220000000001,4,24,0,0,0.9961224489795918,0,0
15/08/2021 11:35:18,pairwise,ACER,pairwise_ACER_0_219,200,26807,2b2df12b57471f3bb6df7e81e305bafbb8af7b77,122973.28,1453.8899999999999,4,20,0,0,0.997212543554007,0,0
15/08/2021 11:37:19,pairwise,ACER,pairwise_ACER_0_220,200,21287,92a7571bf45c6ee0422cb196f60ef4a8b85ee9c8,117041.908,1801.0639999999999,4,23,0,0,0.9976873265494912,0,0
15/08/2021 11:39:29,pairwise,ACER,pairwise_ACER_0_221,200,25408,c502310dbc1eafe898929dd396ab1c879f7c3f10,127095.883,1740.569,4,23,0,0,0.9988436632747456,0,0
15/08/2021 11:41:37,pairwise,ACER,pairwise_ACER_0_222,200,25408,2c0b478894df1aab33f2bc8a873dd8401197e7c2,124361.774,1725.2269999999999,4,20,0,0,0.9965156794425087,0,0
15/08/2021 11:43:42,pairwise,ACER,pairwise_ACER_0_223,200,21287,0040823a883f43bbfa4d61179d4700d0538c9c5c,120958.888,1765.5030000000002,4,20,0,0,0.9993031358885017,0,0
15/08/2021 11:45:45,pairwise,ACER,pairwise_ACER_0_224,200,21287,76c50921801a4a45fbae8780ad8bba9094be9735,120724.071,1685.146,4,23,0,0,0.9995374653098983,0,0
15/08/2021 11:47:53,pairwise,ACER,pairwise_ACER_0_225,200,25408,9d912787a26b29781a07fa437634663b94e3a99b,124579.222,1742.981,4,23,0,0,0.9986123959296948,0,0
15/08/2021 11:50:03,pairwise,ACER,pairwise_ACER_0_226,200,25408,3279194384ac0d8116dca10747553596791a0d2a,125764.158,1656.088,4,21,0,0,0.9743279975838115,0,0
15/08/2021 11:52:10,pairwise,ACER,pairwise_ACER_0_227,200,22647,70da368df24c85281e9155c795ff1ce2a5a3454f,123664.128,1634.75,4,20,0,0,0.9986062717770035,0,0
15/08/2021 11:54:15,pairwise,ACER,pairwise_ACER_0_228,200,21287,a8637ae4b30f7dbce377d3e17884e4d7213a4b9f,121178.912,1784.414,4,25,0,0,0.9990950226244344,0,0
15/08/2021 11:56:29,pairwise,ACER,pairwise_ACER_0_229,200,28219,93a5bd30ff70871548473e72d4bd1d74fcf6ddbb,130180.587,1760.3780000000002,4,24,0,0,0.9989795918367347,0,0
